CompChangeID,EmployeeID,EffectiveDate,PreviousSalary,NewSalary,ChangeType,PercentChange
COMP00001,EMP00001,2025-06-24,,114500,New Hire,
COMP00002,EMP00001,2026-06-24,114500.0,118000,Annual Merit Increase,3.0
COMP00003,EMP00002,2024-03-03,,92500,New Hire,
COMP00004,EMP00002,2025-03-03,92500.0,94500,Annual Merit Increase,2.1
COMP00005,EMP00002,2026-03-16,94500.0,99000,Annual Merit Increase,4.9
COMP00006,EMP00003,2026-07-24,,179000,New Hire,
COMP00007,EMP00004,2026-01-17,,67000,New Hire,
COMP00008,EMP00005,2026-06-05,,149000,New Hire,
COMP00009,EMP00006,2026-05-20,,71000,New Hire,
COMP00010,EMP00007,2025-08-21,,85000,New Hire,
COMP00011,EMP00008,2026-05-08,,76500,New Hire,
COMP00012,EMP00009,2023-08-26,,192000,New Hire,
COMP00013,EMP00009,2024-08-25,192000.0,196500,Annual Merit Increase,2.3
COMP00014,EMP00009,2025-11-29,196500.0,218000,Promotion,10.9
COMP00015,EMP00010,2024-04-14,,90000,New Hire,
COMP00016,EMP00010,2025-04-14,90000.0,95000,Annual Merit Increase,5.7
COMP00017,EMP00010,2026-04-02,95000.0,98000,Annual Merit Increase,3.0
COMP00018,EMP00011,2023-02-04,,79500,New Hire,
COMP00019,EMP00011,2024-02-04,79500.0,90500,Promotion,13.6
COMP00020,EMP00011,2024-12-04,90500.0,94000,Annual Merit Increase,3.9
COMP00021,EMP00011,2025-10-14,94000.0,98500,Annual Merit Increase,4.6
COMP00022,EMP00012,2024-10-11,,90500,New Hire,
COMP00023,EMP00012,2025-10-11,90500.0,93500,Annual Merit Increase,3.6
COMP00024,EMP00013,2025-01-20,,52500,New Hire,
COMP00025,EMP00014,2024-08-15,,59500,New Hire,
COMP00026,EMP00014,2025-08-15,59500.0,61500,Annual Merit Increase,3.3
COMP00027,EMP00015,2026-03-19,,130500,New Hire,
COMP00028,EMP00016,2024-11-07,,79500,New Hire,
COMP00029,EMP00016,2025-11-07,79500.0,82500,Annual Merit Increase,3.6
COMP00030,EMP00017,2024-08-19,,82500,New Hire,
COMP00031,EMP00017,2025-08-19,82500.0,85500,Annual Merit Increase,3.4
COMP00032,EMP00018,2025-06-28,,159500,New Hire,
COMP00033,EMP00018,2026-06-28,159500.0,167000,Annual Merit Increase,4.7
COMP00034,EMP00019,2024-01-19,,85500,New Hire,
COMP00035,EMP00019,2025-01-18,85500.0,88000,Annual Merit Increase,2.9
COMP00036,EMP00019,2026-01-01,88000.0,93500,Annual Merit Increase,6.0
COMP00037,EMP00020,2026-02-11,,82500,New Hire,
COMP00038,EMP00021,2023-06-26,,81500,New Hire,
COMP00039,EMP00021,2024-06-25,81500.0,84000,Annual Merit Increase,3.3
COMP00040,EMP00021,2025-07-17,84000.0,87000,Annual Merit Increase,3.7
COMP00041,EMP00022,2026-07-05,,154000,New Hire,
COMP00042,EMP00023,2026-01-05,,92500,New Hire,
COMP00043,EMP00024,2024-04-22,,86000,New Hire,
COMP00044,EMP00025,2022-09-08,,69000,New Hire,
COMP00045,EMP00025,2023-09-08,69000.0,73000,Annual Merit Increase,5.7
COMP00046,EMP00026,2026-03-10,,121500,New Hire,
COMP00047,EMP00027,2025-11-06,,79000,New Hire,
COMP00048,EMP00028,2025-12-15,,102000,New Hire,
COMP00049,EMP00029,2026-01-16,,142500,New Hire,
COMP00050,EMP00030,2023-06-28,,105500,New Hire,
COMP00051,EMP00030,2024-06-27,105500.0,107500,Annual Merit Increase,2.0
COMP00052,EMP00031,2024-11-17,,102500,New Hire,
COMP00053,EMP00031,2025-11-17,102500.0,105500,Annual Merit Increase,2.8
COMP00054,EMP00032,2023-11-08,,76500,New Hire,
COMP00055,EMP00033,2026-04-08,,85000,New Hire,
COMP00056,EMP00034,2025-09-25,,53000,New Hire,
COMP00057,EMP00035,2024-10-09,,61500,New Hire,
COMP00058,EMP00035,2025-10-09,61500.0,63000,Annual Merit Increase,2.5
COMP00059,EMP00036,2023-04-02,,208500,New Hire,
COMP00060,EMP00036,2024-04-01,208500.0,214500,Annual Merit Increase,2.8
COMP00061,EMP00037,2024-09-15,,293500,New Hire,
COMP00062,EMP00037,2025-09-15,293500.0,309000,Annual Merit Increase,5.2
COMP00063,EMP00038,2024-10-18,,89000,New Hire,
COMP00064,EMP00038,2025-10-18,89000.0,93000,Annual Merit Increase,4.6
COMP00065,EMP00039,2025-12-03,,129500,New Hire,
COMP00066,EMP00040,2025-09-17,,141000,New Hire,
COMP00067,EMP00041,2026-05-04,,85500,New Hire,
COMP00068,EMP00042,2025-04-04,,134000,New Hire,
COMP00069,EMP00042,2026-04-04,134000.0,142000,Annual Merit Increase,5.8
COMP00070,EMP00043,2023-12-14,,62500,New Hire,
COMP00071,EMP00044,2025-12-09,,122000,New Hire,
COMP00072,EMP00045,2026-01-09,,175500,New Hire,
COMP00073,EMP00046,2025-07-25,,153000,New Hire,
COMP00074,EMP00047,2026-01-26,,121000,New Hire,
COMP00075,EMP00048,2025-05-23,,70500,New Hire,
COMP00076,EMP00049,2025-06-18,,98000,New Hire,
COMP00077,EMP00049,2026-06-18,98000.0,103500,Annual Merit Increase,5.6
COMP00078,EMP00050,2025-02-10,,123000,New Hire,
COMP00079,EMP00050,2026-02-10,123000.0,128000,Annual Merit Increase,3.9
COMP00080,EMP00051,2022-12-21,,101500,New Hire,
COMP00081,EMP00051,2023-12-21,101500.0,107000,Annual Merit Increase,5.5
COMP00082,EMP00051,2024-12-01,107000.0,111500,Annual Merit Increase,4.2
COMP00083,EMP00051,2026-02-02,111500.0,116500,Annual Merit Increase,4.4
COMP00084,EMP00052,2023-10-04,,186500,New Hire,
COMP00085,EMP00052,2024-10-03,186500.0,192000,Annual Merit Increase,3.0
COMP00086,EMP00052,2025-11-01,192000.0,200000,Annual Merit Increase,4.2
COMP00087,EMP00053,2022-12-12,,90500,New Hire,
COMP00088,EMP00054,2025-09-27,,84000,New Hire,
COMP00089,EMP00055,2024-10-08,,93500,New Hire,
COMP00090,EMP00055,2025-10-08,93500.0,99000,Annual Merit Increase,5.8
COMP00091,EMP00056,2025-05-02,,97500,New Hire,
COMP00092,EMP00057,2026-05-22,,118000,New Hire,
COMP00093,EMP00058,2024-07-13,,143000,New Hire,
COMP00094,EMP00059,2025-02-21,,128500,New Hire,
COMP00095,EMP00059,2026-02-21,128500.0,131500,Annual Merit Increase,2.3
COMP00096,EMP00060,2026-01-16,,159500,New Hire,
COMP00097,EMP00061,2024-06-28,,155500,New Hire,
COMP00098,EMP00061,2025-06-28,155500.0,158500,Annual Merit Increase,2.0
COMP00099,EMP00062,2023-06-02,,136500,New Hire,
COMP00100,EMP00062,2024-06-01,136500.0,143000,Annual Merit Increase,4.8
COMP00101,EMP00063,2024-09-11,,65000,New Hire,
COMP00102,EMP00064,2024-02-10,,169000,New Hire,
COMP00103,EMP00065,2026-06-15,,73500,New Hire,
COMP00104,EMP00066,2026-03-17,,75000,New Hire,
COMP00105,EMP00067,2025-09-08,,113500,New Hire,
COMP00106,EMP00068,2026-04-18,,83000,New Hire,
COMP00107,EMP00069,2026-02-23,,54000,New Hire,
COMP00108,EMP00070,2024-04-09,,68500,New Hire,
COMP00109,EMP00070,2025-04-09,68500.0,71000,Annual Merit Increase,4.0
COMP00110,EMP00070,2026-05-05,71000.0,73000,Annual Merit Increase,3.1
COMP00111,EMP00071,2026-05-25,,69500,New Hire,
COMP00112,EMP00072,2025-06-08,,198000,New Hire,
COMP00113,EMP00073,2026-02-27,,58500,New Hire,
COMP00114,EMP00074,2026-05-14,,67500,New Hire,
COMP00115,EMP00075,2024-10-28,,95000,New Hire,
COMP00116,EMP00076,2023-11-26,,93000,New Hire,
COMP00117,EMP00076,2024-11-25,93000.0,95500,Annual Merit Increase,2.4
COMP00118,EMP00077,2024-06-25,,204000,New Hire,
COMP00119,EMP00077,2025-06-25,204000.0,211500,Annual Merit Increase,3.8
COMP00120,EMP00077,2026-07-26,211500.0,222000,Annual Merit Increase,4.9
COMP00121,EMP00078,2025-02-18,,62000,New Hire,
COMP00122,EMP00079,2026-03-22,,91500,New Hire,
COMP00123,EMP00080,2026-04-20,,146000,New Hire,
COMP00124,EMP00081,2022-09-20,,192500,New Hire,
COMP00125,EMP00081,2023-09-20,192500.0,198500,Annual Merit Increase,3.1
COMP00126,EMP00082,2025-05-21,,134500,New Hire,
COMP00127,EMP00083,2025-02-12,,148500,New Hire,
COMP00128,EMP00083,2026-02-12,148500.0,152500,Annual Merit Increase,2.6
COMP00129,EMP00084,2024-05-19,,79500,New Hire,
COMP00130,EMP00084,2025-05-19,79500.0,81500,Annual Merit Increase,2.7
COMP00131,EMP00085,2023-12-14,,79500,New Hire,
COMP00132,EMP00085,2024-12-13,79500.0,82000,Annual Merit Increase,3.1
COMP00133,EMP00085,2025-12-11,82000.0,85000,Annual Merit Increase,3.8
COMP00134,EMP00086,2024-11-17,,99500,New Hire,
COMP00135,EMP00086,2025-11-17,99500.0,103500,Annual Merit Increase,3.9
COMP00136,EMP00087,2026-06-24,,155500,New Hire,
COMP00137,EMP00088,2024-10-21,,73000,New Hire,
COMP00138,EMP00088,2025-10-21,73000.0,75500,Annual Merit Increase,3.6
COMP00139,EMP00089,2025-06-03,,323000,New Hire,
COMP00140,EMP00089,2026-06-03,323000.0,342500,Annual Merit Increase,6.0
COMP00141,EMP00090,2025-11-26,,97000,New Hire,
COMP00142,EMP00091,2024-12-30,,81000,New Hire,
COMP00143,EMP00091,2025-12-30,81000.0,84000,Annual Merit Increase,3.7
COMP00144,EMP00092,2026-07-23,,82500,New Hire,
COMP00145,EMP00093,2026-07-07,,218000,New Hire,
COMP00146,EMP00094,2024-07-17,,85500,New Hire,
COMP00147,EMP00094,2025-07-17,85500.0,89000,Annual Merit Increase,4.1
COMP00148,EMP00095,2025-05-12,,175500,New Hire,
COMP00149,EMP00095,2026-05-12,175500.0,180000,Annual Merit Increase,2.6
COMP00150,EMP00096,2024-09-09,,160500,New Hire,
COMP00151,EMP00097,2024-08-15,,101500,New Hire,
COMP00152,EMP00097,2025-08-15,101500.0,106000,Annual Merit Increase,4.5
COMP00153,EMP00098,2023-01-18,,71000,New Hire,
COMP00154,EMP00098,2024-01-18,71000.0,74500,Annual Merit Increase,
COMP00155,EMP00098,2024-11-17,74500.0,85500,Promotion,14.6
COMP00156,EMP00098,2025-11-06,85500.0,89500,Annual Merit Increase,4.8
COMP00157,EMP00099,2025-08-21,,81500,New Hire,
COMP00158,EMP00100,2025-05-13,,82500,New Hire,
COMP00159,EMP00100,2026-05-13,82500.0,85500,Annual Merit Increase,3.9
COMP00160,EMP00101,2023-03-30,,442000,New Hire,
COMP00161,EMP00102,2024-08-21,,84500,New Hire,
COMP00162,EMP00103,2026-05-30,,78000,New Hire,
COMP00163,EMP00104,2024-06-08,,156000,New Hire,
COMP00164,EMP00104,2025-06-08,156000.0,164500,Annual Merit Increase,5.5
COMP00165,EMP00105,2024-01-14,,173500,New Hire,
COMP00166,EMP00105,2025-01-13,173500.0,182500,Annual Merit Increase,5.3
COMP00167,EMP00105,2026-01-27,182500.0,191500,Annual Merit Increase,5.0
COMP00168,EMP00106,2025-05-08,,161500,New Hire,
COMP00169,EMP00106,2026-05-08,161500.0,167500,Annual Merit Increase,3.6
COMP00170,EMP00107,2026-07-14,,143000,New Hire,
COMP00171,EMP00108,2024-06-07,,188500,New Hire,
COMP00172,EMP00108,2025-06-07,188500.0,193000,Annual Merit Increase,2.4
COMP00173,EMP00108,2026-05-13,193000.0,200500,Annual Merit Increase,3.8
COMP00174,EMP00109,2025-10-23,,97000,New Hire,
COMP00175,EMP00110,2026-01-12,,166500,New Hire,
COMP00176,EMP00111,2024-06-11,,60500,New Hire,
COMP00177,EMP00111,2025-06-11,60500.0,63500,Annual Merit Increase,4.8
COMP00178,EMP00111,2026-04-24,63500.0,66000,Annual Merit Increase,4.2
COMP00179,EMP00112,2025-12-22,,121500,New Hire,
COMP00180,EMP00113,2024-12-22,,123500,New Hire,
COMP00181,EMP00114,2025-09-11,,70500,New Hire,
COMP00182,EMP00115,2025-09-25,,148000,New Hire,
COMP00183,EMP00116,2025-06-22,,196000,New Hire,
COMP00184,EMP00117,2023-08-28,,94500,New Hire,
COMP00185,EMP00117,2024-08-27,94500.0,100000,Annual Merit Increase,5.6
COMP00186,EMP00117,2025-12-10,100000.0,103000,Annual Merit Increase,3.0
COMP00187,EMP00118,2026-03-29,,142000,New Hire,
COMP00188,EMP00119,2024-10-13,,74500,New Hire,
COMP00189,EMP00119,2025-10-13,74500.0,79000,Annual Merit Increase,5.9
COMP00190,EMP00120,2024-04-18,,146500,New Hire,
COMP00191,EMP00120,2025-04-18,146500.0,154500,Annual Merit Increase,5.6
COMP00192,EMP00120,2026-03-06,154500.0,162000,Annual Merit Increase,4.8
COMP00193,EMP00121,2023-02-02,,84500,New Hire,
COMP00194,EMP00122,2025-08-29,,108000,New Hire,
COMP00195,EMP00123,2025-10-21,,198000,New Hire,
COMP00196,EMP00124,2022-10-15,,153000,New Hire,
COMP00197,EMP00124,2023-10-15,153000.0,161000,Annual Merit Increase,5.3
COMP00198,EMP00124,2024-08-12,161000.0,167500,Annual Merit Increase,4.1
COMP00199,EMP00125,2025-05-20,,169000,New Hire,
COMP00200,EMP00125,2026-05-20,169000.0,177500,Annual Merit Increase,5.0
COMP00201,EMP00126,2024-06-27,,95500,New Hire,
COMP00202,EMP00127,2025-10-18,,162500,New Hire,
COMP00203,EMP00128,2024-03-15,,70000,New Hire,
COMP00204,EMP00128,2025-03-15,70000.0,72500,Annual Merit Increase,3.3
COMP00205,EMP00128,2026-06-17,72500.0,76000,Annual Merit Increase,5.0
COMP00206,EMP00129,2025-11-19,,159500,New Hire,
COMP00207,EMP00130,2025-01-23,,84000,New Hire,
COMP00208,EMP00130,2026-01-23,84000.0,88000,Annual Merit Increase,4.6
COMP00209,EMP00131,2026-06-24,,71500,New Hire,
COMP00210,EMP00132,2024-01-12,,150500,New Hire,
COMP00211,EMP00132,2025-01-11,150500.0,159000,Annual Merit Increase,5.6
COMP00212,EMP00133,2024-11-13,,124500,New Hire,
COMP00213,EMP00133,2025-11-13,124500.0,131500,Annual Merit Increase,5.4
COMP00214,EMP00134,2023-11-22,,99000,New Hire,
COMP00215,EMP00135,2026-06-11,,97000,New Hire,
COMP00216,EMP00136,2026-04-05,,77500,New Hire,
COMP00217,EMP00137,2024-07-29,,65000,New Hire,
COMP00218,EMP00137,2025-07-29,65000.0,69000,Annual Merit Increase,5.9
COMP00219,EMP00138,2025-10-01,,74500,New Hire,
COMP00220,EMP00139,2026-03-24,,103000,New Hire,
COMP00221,EMP00140,2025-07-03,,60000,New Hire,
COMP00222,EMP00140,2026-07-03,60000.0,62000,Annual Merit Increase,3.6
COMP00223,EMP00141,2025-06-22,,151500,New Hire,
COMP00224,EMP00142,2024-06-19,,104000,New Hire,
COMP00225,EMP00142,2025-06-19,104000.0,109500,Annual Merit Increase,5.1
COMP00226,EMP00142,2026-05-16,109500.0,113000,Annual Merit Increase,3.1
COMP00227,EMP00143,2023-08-23,,174000,New Hire,
COMP00228,EMP00143,2024-08-22,174000.0,180000,Annual Merit Increase,3.5
COMP00229,EMP00143,2025-08-16,180000.0,189500,Annual Merit Increase,5.2
COMP00230,EMP00144,2026-05-29,,183000,New Hire,
COMP00231,EMP00145,2026-05-30,,75500,New Hire,
COMP00232,EMP00146,2025-09-07,,144500,New Hire,
COMP00233,EMP00147,2024-11-12,,158500,New Hire,
COMP00234,EMP00148,2024-11-15,,252500,New Hire,
COMP00235,EMP00148,2025-11-15,252500.0,266000,Annual Merit Increase,5.4
COMP00236,EMP00149,2025-12-25,,143500,New Hire,
COMP00237,EMP00150,2026-05-05,,65500,New Hire,
COMP00238,EMP00151,2026-05-15,,171500,New Hire,
COMP00239,EMP00152,2026-02-08,,130000,New Hire,
COMP00240,EMP00153,2025-09-10,,123000,New Hire,
COMP00241,EMP00154,2023-07-26,,113500,New Hire,
COMP00242,EMP00155,2024-02-16,,151000,New Hire,
COMP00243,EMP00156,2026-05-08,,189500,New Hire,
COMP00244,EMP00157,2025-08-01,,61000,New Hire,
COMP00245,EMP00158,2022-09-12,,81000,New Hire,
COMP00246,EMP00158,2023-09-12,81000.0,83500,Annual Merit Increase,3.2
COMP00247,EMP00159,2023-10-05,,62500,New Hire,
COMP00248,EMP00159,2024-10-04,62500.0,66000,Annual Merit Increase,5.4
COMP00249,EMP00159,2026-01-11,66000.0,67500,Annual Merit Increase,2.3
COMP00250,EMP00160,2025-10-03,,128000,New Hire,
COMP00251,EMP00161,2022-09-01,,140000,New Hire,
COMP00252,EMP00161,2023-09-01,140000.0,143000,Annual Merit Increase,2.1
COMP00253,EMP00161,2024-07-28,143000.0,147000,Annual Merit Increase,2.7
COMP00254,EMP00162,2024-02-04,,142000,New Hire,
COMP00255,EMP00162,2025-02-03,142000.0,149000,Annual Merit Increase,4.9
COMP00256,EMP00162,2026-01-20,149000.0,153000,Annual Merit Increase,2.8
COMP00257,EMP00163,2025-06-08,,103000,New Hire,
COMP00258,EMP00163,2026-06-08,103000.0,108500,Annual Merit Increase,5.5
COMP00259,EMP00164,2025-11-03,,133500,New Hire,
COMP00260,EMP00165,2025-10-10,,84000,New Hire,
COMP00261,EMP00166,2024-06-02,,112500,New Hire,
COMP00262,EMP00166,2025-06-02,112500.0,116500,Annual Merit Increase,3.6
COMP00263,EMP00166,2026-03-30,116500.0,122000,Annual Merit Increase,4.5
COMP00264,EMP00167,2025-12-11,,214000,New Hire,
COMP00265,EMP00168,2024-06-25,,242500,New Hire,
COMP00266,EMP00168,2025-06-25,242500.0,255500,Annual Merit Increase,5.3
COMP00267,EMP00169,2024-10-10,,203000,New Hire,
COMP00268,EMP00169,2025-10-10,203000.0,214000,Annual Merit Increase,5.5
COMP00269,EMP00170,2026-01-21,,224000,New Hire,
COMP00270,EMP00171,2025-10-14,,91500,New Hire,
COMP00271,EMP00172,2026-04-07,,77000,New Hire,
COMP00272,EMP00173,2025-10-27,,124500,New Hire,
COMP00273,EMP00174,2025-07-27,,185500,New Hire,
COMP00274,EMP00174,2026-07-27,185500.0,196000,Annual Merit Increase,5.7
COMP00275,EMP00175,2023-09-02,,54500,New Hire,
COMP00276,EMP00175,2024-09-01,54500.0,57500,Annual Merit Increase,5.2
COMP00277,EMP00175,2025-09-03,57500.0,60000,Annual Merit Increase,4.7
COMP00278,EMP00175,2026-07-11,60000.0,63500,Annual Merit Increase,5.6
COMP00279,EMP00176,2024-12-09,,121000,New Hire,
COMP00280,EMP00176,2025-12-09,121000.0,124000,Annual Merit Increase,2.5
COMP00281,EMP00177,2024-08-16,,91500,New Hire,
COMP00282,EMP00177,2025-08-16,91500.0,95000,Annual Merit Increase,3.7
COMP00283,EMP00178,2024-07-13,,131000,New Hire,
COMP00284,EMP00178,2025-07-13,131000.0,137500,Annual Merit Increase,5.0
COMP00285,EMP00179,2026-07-09,,108500,New Hire,
COMP00286,EMP00180,2025-01-20,,294000,New Hire,
COMP00287,EMP00180,2026-01-20,294000.0,307500,Annual Merit Increase,4.5
COMP00288,EMP00181,2026-05-04,,79000,New Hire,
COMP00289,EMP00182,2025-09-22,,105500,New Hire,
COMP00290,EMP00183,2026-02-10,,147000,New Hire,
COMP00291,EMP00184,2025-05-26,,92500,New Hire,
COMP00292,EMP00185,2025-07-26,,150500,New Hire,
COMP00293,EMP00185,2026-07-26,150500.0,156500,Annual Merit Increase,4.0
COMP00294,EMP00186,2025-05-22,,158500,New Hire,
COMP00295,EMP00186,2026-05-22,158500.0,162000,Annual Merit Increase,2.2
COMP00296,EMP00187,2024-04-12,,146000,New Hire,
COMP00297,EMP00187,2025-04-12,146000.0,152000,Annual Merit Increase,4.2
COMP00298,EMP00187,2026-02-23,152000.0,160500,Annual Merit Increase,5.7
COMP00299,EMP00188,2025-12-17,,61500,New Hire,
COMP00300,EMP00189,2024-08-14,,319000,New Hire,
COMP00301,EMP00190,2022-11-14,,130000,New Hire,
COMP00302,EMP00190,2023-11-14,130000.0,133000,Annual Merit Increase,2.2
COMP00303,EMP00191,2025-10-25,,389000,New Hire,
COMP00304,EMP00192,2024-03-02,,226000,New Hire,
COMP00305,EMP00193,2026-06-21,,97500,New Hire,
COMP00306,EMP00194,2026-06-25,,58500,New Hire,
COMP00307,EMP00195,2026-05-20,,95000,New Hire,
COMP00308,EMP00196,2024-12-11,,113500,New Hire,
COMP00309,EMP00196,2025-12-11,113500.0,117000,Annual Merit Increase,3.2
COMP00310,EMP00197,2022-10-16,,59000,New Hire,
COMP00311,EMP00198,2026-06-19,,71000,New Hire,
COMP00312,EMP00199,2025-02-23,,88000,New Hire,
COMP00313,EMP00199,2026-02-23,88000.0,93000,Annual Merit Increase,5.5
COMP00314,EMP00200,2026-07-06,,60500,New Hire,
COMP00315,EMP00201,2026-07-24,,51500,New Hire,
COMP00316,EMP00202,2026-04-19,,125500,New Hire,
COMP00317,EMP00203,2024-09-05,,82500,New Hire,
COMP00318,EMP00203,2025-09-05,82500.0,85500,Annual Merit Increase,3.6
COMP00319,EMP00204,2025-01-26,,104000,New Hire,
COMP00320,EMP00204,2026-01-26,104000.0,107500,Annual Merit Increase,3.5
COMP00321,EMP00205,2026-04-04,,104500,New Hire,
COMP00322,EMP00206,2024-10-15,,130000,New Hire,
COMP00323,EMP00206,2025-10-15,130000.0,136000,Annual Merit Increase,4.8
COMP00324,EMP00207,2024-03-29,,145500,New Hire,
COMP00325,EMP00207,2025-03-29,145500.0,152500,Annual Merit Increase,4.8
COMP00326,EMP00207,2026-04-17,152500.0,159000,Annual Merit Increase,4.3
COMP00327,EMP00208,2025-07-04,,127000,New Hire,
COMP00328,EMP00209,2026-06-20,,94000,New Hire,
COMP00329,EMP00210,2025-11-10,,108000,New Hire,
COMP00330,EMP00211,2025-07-24,,163000,New Hire,
COMP00331,EMP00212,2023-09-22,,172000,New Hire,
COMP00332,EMP00212,2024-09-21,172000.0,177000,Annual Merit Increase,2.9
COMP00333,EMP00212,2025-08-20,177000.0,186000,Annual Merit Increase,5.0
COMP00334,EMP00212,2026-06-19,186000.0,190000,Annual Merit Increase,2.2
COMP00335,EMP00213,2025-08-03,,163500,New Hire,
COMP00336,EMP00214,2026-07-26,,157500,New Hire,
COMP00337,EMP00215,2024-01-05,,72500,New Hire,
COMP00338,EMP00216,2025-06-06,,104000,New Hire,
COMP00339,EMP00217,2026-04-21,,68000,New Hire,
COMP00340,EMP00218,2025-12-22,,261500,New Hire,
COMP00341,EMP00219,2025-11-08,,161000,New Hire,
COMP00342,EMP00220,2025-11-07,,149500,New Hire,
COMP00343,EMP00221,2024-12-21,,74000,New Hire,
COMP00344,EMP00221,2025-12-21,74000.0,76000,Annual Merit Increase,2.8
COMP00345,EMP00222,2024-09-10,,174500,New Hire,
COMP00346,EMP00222,2025-09-10,174500.0,184500,Annual Merit Increase,5.8
COMP00347,EMP00223,2026-03-06,,114500,New Hire,
COMP00348,EMP00224,2026-03-14,,71000,New Hire,
COMP00349,EMP00225,2026-04-04,,95500,New Hire,
COMP00350,EMP00226,2026-05-28,,137000,New Hire,
COMP00351,EMP00227,2025-05-25,,85000,New Hire,
COMP00352,EMP00228,2025-05-13,,127000,New Hire,
COMP00353,EMP00228,2026-05-13,127000.0,132500,Annual Merit Increase,4.4
COMP00354,EMP00229,2026-02-20,,76000,New Hire,
COMP00355,EMP00230,2025-10-17,,124500,New Hire,
COMP00356,EMP00231,2025-11-23,,86500,New Hire,
COMP00357,EMP00232,2026-02-07,,80000,New Hire,
COMP00358,EMP00233,2026-05-04,,131500,New Hire,
COMP00359,EMP00234,2024-11-29,,160500,New Hire,
COMP00360,EMP00235,2024-12-14,,144500,New Hire,
COMP00361,EMP00235,2025-12-14,144500.0,151000,Annual Merit Increase,4.5
COMP00362,EMP00236,2023-09-03,,144500,New Hire,
COMP00363,EMP00236,2024-09-02,144500.0,149000,Annual Merit Increase,3.3
COMP00364,EMP00236,2025-11-26,149000.0,155500,Annual Merit Increase,4.3
COMP00365,EMP00237,2025-07-24,,116500,New Hire,
COMP00366,EMP00238,2023-01-05,,81000,New Hire,
COMP00367,EMP00239,2025-04-16,,125000,New Hire,
COMP00368,EMP00239,2026-04-16,125000.0,131000,Annual Merit Increase,4.8
COMP00369,EMP00240,2025-06-26,,78500,New Hire,
COMP00370,EMP00240,2026-06-26,78500.0,80500,Annual Merit Increase,2.8
COMP00371,EMP00241,2024-09-23,,94000,New Hire,
COMP00372,EMP00241,2025-09-23,94000.0,98000,Annual Merit Increase,4.4
COMP00373,EMP00242,2025-08-20,,69000,New Hire,
COMP00374,EMP00243,2022-12-04,,153500,New Hire,
COMP00375,EMP00243,2023-12-04,153500.0,160500,Annual Merit Increase,4.7
COMP00376,EMP00243,2024-10-05,160500.0,165500,Annual Merit Increase,3.0
COMP00377,EMP00243,2025-11-24,165500.0,174000,Annual Merit Increase,5.2
COMP00378,EMP00244,2023-01-24,,163500,New Hire,
COMP00379,EMP00244,2024-01-24,163500.0,167000,Annual Merit Increase,2.2
COMP00380,EMP00245,2026-03-30,,95000,New Hire,
COMP00381,EMP00246,2024-12-24,,151500,New Hire,
COMP00382,EMP00247,2023-12-02,,164500,New Hire,
COMP00383,EMP00247,2024-12-01,164500.0,178000,Promotion,8.1
COMP00384,EMP00247,2025-10-25,178000.0,184500,Annual Merit Increase,3.6
COMP00385,EMP00248,2025-06-18,,79000,New Hire,
COMP00386,EMP00249,2026-01-19,,75500,New Hire,
COMP00387,EMP00250,2024-05-28,,141500,New Hire,
COMP00388,EMP00250,2025-05-28,141500.0,146000,Annual Merit Increase,3.0
COMP00389,EMP00251,2025-09-28,,77000,New Hire,
COMP00390,EMP00252,2023-07-19,,136000,New Hire,
COMP00391,EMP00253,2023-03-17,,83000,New Hire,
COMP00392,EMP00253,2024-03-16,83000.0,85500,Annual Merit Increase,2.8
COMP00393,EMP00253,2025-07-02,85500.0,90500,Annual Merit Increase,5.6
COMP00394,EMP00254,2025-06-14,,99500,New Hire,
COMP00395,EMP00254,2026-06-14,99500.0,105000,Annual Merit Increase,5.7
COMP00396,EMP00255,2025-06-19,,109500,New Hire,
COMP00397,EMP00255,2026-06-19,109500.0,114000,Annual Merit Increase,3.9
COMP00398,EMP00256,2025-09-22,,162500,New Hire,
COMP00399,EMP00257,2025-12-24,,155500,New Hire,
COMP00400,EMP00258,2026-07-13,,124000,New Hire,
COMP00401,EMP00259,2025-05-12,,146000,New Hire,
COMP00402,EMP00259,2026-05-12,146000.0,154500,Annual Merit Increase,5.9
COMP00403,EMP00260,2024-10-30,,110000,New Hire,
COMP00404,EMP00260,2025-10-30,110000.0,113500,Annual Merit Increase,3.3
COMP00405,EMP00261,2026-02-26,,68500,New Hire,
COMP00406,EMP00262,2024-08-06,,125000,New Hire,
COMP00407,EMP00263,2025-03-21,,82000,New Hire,
COMP00408,EMP00263,2026-03-21,82000.0,85000,Annual Merit Increase,3.7
COMP00409,EMP00264,2023-07-04,,183500,New Hire,
COMP00410,EMP00264,2024-07-03,183500.0,193500,Annual Merit Increase,5.3
COMP00411,EMP00264,2025-06-02,193500.0,198000,Annual Merit Increase,2.3
COMP00412,EMP00264,2026-05-30,198000.0,208500,Annual Merit Increase,5.4
COMP00413,EMP00265,2022-12-19,,114500,New Hire,
COMP00414,EMP00265,2023-12-19,114500.0,126000,Promotion,10.0
COMP00415,EMP00265,2024-12-05,126000.0,129000,Annual Merit Increase,2.3
COMP00416,EMP00265,2025-11-15,129000.0,132000,Annual Merit Increase,2.2
COMP00417,EMP00266,2026-07-16,,143000,New Hire,
COMP00418,EMP00267,2026-03-13,,108500,New Hire,
COMP00419,EMP00268,2025-11-04,,147000,New Hire,
COMP00420,EMP00269,2025-02-23,,151500,New Hire,
COMP00421,EMP00269,2026-02-23,151500.0,160500,Annual Merit Increase,5.8
COMP00422,EMP00270,2024-03-17,,89500,New Hire,
COMP00423,EMP00270,2025-03-17,89500.0,101000,Promotion,13.0
COMP00424,EMP00270,2026-05-17,101000.0,106000,Annual Merit Increase,5.1
COMP00425,EMP00271,2024-02-23,,150500,New Hire,
COMP00426,EMP00271,2025-02-22,150500.0,158000,Annual Merit Increase,4.8
COMP00427,EMP00271,2026-02-27,158000.0,164000,Annual Merit Increase,3.8
COMP00428,EMP00272,2024-07-01,,95000,New Hire,
COMP00429,EMP00272,2025-07-01,95000.0,98000,Annual Merit Increase,3.2
COMP00430,EMP00273,2025-06-18,,150500,New Hire,
COMP00431,EMP00273,2026-06-18,150500.0,159000,Annual Merit Increase,5.5
COMP00432,EMP00274,2025-12-20,,146000,New Hire,
COMP00433,EMP00275,2025-10-17,,97000,New Hire,
COMP00434,EMP00276,2024-08-27,,237000,New Hire,
COMP00435,EMP00277,2026-06-28,,62000,New Hire,
COMP00436,EMP00278,2025-12-27,,61500,New Hire,
COMP00437,EMP00279,2025-07-15,,177000,New Hire,
COMP00438,EMP00279,2026-07-15,177000.0,185000,Annual Merit Increase,4.4
COMP00439,EMP00280,2025-08-11,,70000,New Hire,
COMP00440,EMP00281,2025-02-25,,363500,New Hire,
COMP00441,EMP00282,2024-07-28,,168000,New Hire,
COMP00442,EMP00283,2024-11-22,,62500,New Hire,
COMP00443,EMP00284,2026-01-13,,166000,New Hire,
COMP00444,EMP00285,2022-10-01,,62000,New Hire,
COMP00445,EMP00286,2023-11-17,,78000,New Hire,
COMP00446,EMP00286,2024-11-16,78000.0,82500,Annual Merit Increase,5.9
COMP00447,EMP00286,2025-12-17,82500.0,87000,Annual Merit Increase,5.6
COMP00448,EMP00287,2023-02-06,,69500,New Hire,
COMP00449,EMP00287,2024-02-06,69500.0,72000,Annual Merit Increase,3.7
COMP00450,EMP00288,2023-02-04,,346500,New Hire,
COMP00451,EMP00288,2024-02-04,346500.0,353500,Annual Merit Increase,2.0
COMP00452,EMP00288,2025-03-28,353500.0,365000,Annual Merit Increase,3.3
COMP00453,EMP00288,2026-02-24,365000.0,384000,Annual Merit Increase,5.2
COMP00454,EMP00289,2026-04-20,,85000,New Hire,
COMP00455,EMP00290,2025-11-16,,84500,New Hire,
COMP00456,EMP00291,2025-04-15,,257500,New Hire,
COMP00457,EMP00291,2026-04-15,257500.0,266000,Annual Merit Increase,3.3
COMP00458,EMP00292,2023-09-27,,171000,New Hire,
COMP00459,EMP00292,2024-09-26,171000.0,177000,Annual Merit Increase,3.6
COMP00460,EMP00292,2025-08-08,177000.0,181500,Annual Merit Increase,2.5
COMP00461,EMP00292,2026-07-25,181500.0,190500,Annual Merit Increase,5.0
COMP00462,EMP00293,2025-05-15,,109000,New Hire,
COMP00463,EMP00294,2025-04-06,,151500,New Hire,
COMP00464,EMP00295,2024-03-15,,146000,New Hire,
COMP00465,EMP00295,2025-03-15,146000.0,154000,Annual Merit Increase,5.4
COMP00466,EMP00295,2026-02-05,154000.0,163000,Annual Merit Increase,6.0
COMP00467,EMP00296,2025-02-14,,91000,New Hire,
COMP00468,EMP00297,2025-01-28,,162500,New Hire,
COMP00469,EMP00297,2026-01-28,162500.0,171000,Annual Merit Increase,5.2
COMP00470,EMP00298,2025-09-11,,376000,New Hire,
COMP00471,EMP00299,2025-09-07,,96000,New Hire,
COMP00472,EMP00300,2023-02-09,,113500,New Hire,
COMP00473,EMP00301,2024-12-26,,169000,New Hire,
COMP00474,EMP00301,2025-12-26,169000.0,174500,Annual Merit Increase,3.1
COMP00475,EMP00302,2025-09-16,,175000,New Hire,
COMP00476,EMP00303,2025-05-05,,146000,New Hire,
COMP00477,EMP00303,2026-05-05,146000.0,150500,Annual Merit Increase,3.1
COMP00478,EMP00304,2026-04-25,,96000,New Hire,
COMP00479,EMP00305,2025-10-20,,77000,New Hire,
COMP00480,EMP00306,2024-02-10,,61500,New Hire,
COMP00481,EMP00307,2023-05-18,,189000,New Hire,
COMP00482,EMP00307,2024-05-17,189000.0,197000,Annual Merit Increase,4.3
COMP00483,EMP00308,2025-09-03,,58500,New Hire,
COMP00484,EMP00309,2022-12-13,,120000,New Hire,
COMP00485,EMP00310,2025-07-11,,92000,New Hire,
COMP00486,EMP00310,2026-07-11,92000.0,97000,Annual Merit Increase,5.5
COMP00487,EMP00311,2026-06-17,,64500,New Hire,
COMP00488,EMP00312,2025-07-30,,103500,New Hire,
COMP00489,EMP00313,2025-01-30,,105500,New Hire,
COMP00490,EMP00314,2025-09-22,,87500,New Hire,
COMP00491,EMP00315,2025-03-13,,84500,New Hire,
COMP00492,EMP00315,2026-03-13,84500.0,87500,Annual Merit Increase,3.5
COMP00493,EMP00316,2025-06-06,,84000,New Hire,
COMP00494,EMP00316,2026-06-06,84000.0,88500,Annual Merit Increase,5.7
COMP00495,EMP00317,2026-06-17,,68500,New Hire,
COMP00496,EMP00318,2025-01-27,,78500,New Hire,
COMP00497,EMP00318,2026-01-27,78500.0,81000,Annual Merit Increase,3.3
COMP00498,EMP00319,2026-07-13,,135000,New Hire,
COMP00499,EMP00320,2026-05-19,,84000,New Hire,
COMP00500,EMP00321,2024-04-21,,61500,New Hire,
COMP00501,EMP00322,2023-05-19,,149500,New Hire,
COMP00502,EMP00322,2024-05-18,149500.0,154000,Annual Merit Increase,3.0
COMP00503,EMP00322,2025-05-09,154000.0,162500,Annual Merit Increase,5.7
COMP00504,EMP00322,2026-05-08,162500.0,171000,Annual Merit Increase,5.3
COMP00505,EMP00323,2023-09-10,,257500,New Hire,
COMP00506,EMP00323,2024-09-09,257500.0,268000,Annual Merit Increase,4.2
COMP00507,EMP00323,2025-09-28,268000.0,276500,Annual Merit Increase,3.1
COMP00508,EMP00324,2022-11-03,,142500,New Hire,
COMP00509,EMP00324,2023-11-03,142500.0,146000,Annual Merit Increase,2.5
COMP00510,EMP00325,2023-09-14,,78000,New Hire,
COMP00511,EMP00325,2024-09-13,78000.0,87000,Promotion,11.4
COMP00512,EMP00325,2025-07-25,87000.0,89000,Annual Merit Increase,2.2
COMP00513,EMP00326,2025-11-26,,169000,New Hire,
COMP00514,EMP00327,2023-05-19,,220500,New Hire,
COMP00515,EMP00328,2024-10-05,,203000,New Hire,
COMP00516,EMP00328,2025-10-05,203000.0,207000,Annual Merit Increase,2.1
COMP00517,EMP00329,2026-03-29,,108500,New Hire,
COMP00518,EMP00330,2022-11-05,,142500,New Hire,
COMP00519,EMP00330,2023-11-05,142500.0,150000,Annual Merit Increase,5.4
COMP00520,EMP00330,2024-12-12,150000.0,154500,Annual Merit Increase,2.9
COMP00521,EMP00330,2025-10-28,154500.0,173000,Promotion,11.9
COMP00522,EMP00331,2026-03-20,,147000,New Hire,
COMP00523,EMP00332,2024-08-17,,68500,New Hire,
COMP00524,EMP00333,2023-12-21,,111500,New Hire,
COMP00525,EMP00333,2024-12-20,111500.0,114000,Annual Merit Increase,2.2
COMP00526,EMP00334,2025-11-10,,172500,New Hire,
COMP00527,EMP00335,2025-09-05,,127500,New Hire,
COMP00528,EMP00336,2026-04-04,,112500,New Hire,
COMP00529,EMP00337,2025-12-06,,133500,New Hire,
COMP00530,EMP00338,2026-02-26,,62500,New Hire,
COMP00531,EMP00339,2024-08-04,,91000,New Hire,
COMP00532,EMP00339,2025-08-04,91000.0,94500,Annual Merit Increase,3.8
COMP00533,EMP00340,2024-03-30,,189000,New Hire,
COMP00534,EMP00340,2025-03-30,189000.0,199000,Annual Merit Increase,5.2
COMP00535,EMP00340,2026-02-18,199000.0,203500,Annual Merit Increase,2.3
COMP00536,EMP00341,2026-01-07,,87000,New Hire,
COMP00537,EMP00342,2026-02-07,,83000,New Hire,
COMP00538,EMP00343,2026-07-18,,189500,New Hire,
COMP00539,EMP00344,2025-02-03,,80000,New Hire,
COMP00540,EMP00344,2026-02-03,80000.0,82500,Annual Merit Increase,3.4
COMP00541,EMP00345,2024-12-01,,102000,New Hire,
COMP00542,EMP00345,2025-12-01,102000.0,106000,Annual Merit Increase,4.0
COMP00543,EMP00346,2026-01-24,,253000,New Hire,
COMP00544,EMP00347,2024-11-25,,133500,New Hire,
COMP00545,EMP00348,2026-06-04,,159500,New Hire,
COMP00546,EMP00349,2026-04-06,,147500,New Hire,
COMP00547,EMP00350,2025-02-09,,83500,New Hire,
COMP00548,EMP00351,2026-01-22,,98000,New Hire,
COMP00549,EMP00352,2026-01-14,,79000,New Hire,
COMP00550,EMP00353,2023-10-28,,110000,New Hire,
COMP00551,EMP00354,2026-05-12,,106500,New Hire,
COMP00552,EMP00355,2025-05-28,,113500,New Hire,
COMP00553,EMP00355,2026-05-28,113500.0,116500,Annual Merit Increase,2.8
COMP00554,EMP00356,2026-03-25,,94000,New Hire,
COMP00555,EMP00357,2024-10-20,,97000,New Hire,
COMP00556,EMP00357,2025-10-20,97000.0,102500,Annual Merit Increase,5.5
COMP00557,EMP00358,2026-05-24,,161000,New Hire,
COMP00558,EMP00359,2025-01-25,,102500,New Hire,
COMP00559,EMP00359,2026-01-25,102500.0,105500,Annual Merit Increase,2.9
COMP00560,EMP00360,2022-09-04,,123000,New Hire,
COMP00561,EMP00360,2023-09-04,123000.0,127000,Annual Merit Increase,3.1
COMP00562,EMP00360,2024-12-11,127000.0,130000,Annual Merit Increase,2.3
COMP00563,EMP00361,2026-05-21,,99000,New Hire,
COMP00564,EMP00362,2023-08-30,,326500,New Hire,
COMP00565,EMP00362,2024-08-29,326500.0,338500,Annual Merit Increase,3.6
COMP00566,EMP00362,2025-08-08,338500.0,350000,Annual Merit Increase,3.3
COMP00567,EMP00363,2024-10-24,,197000,New Hire,
COMP00568,EMP00363,2025-10-24,197000.0,202500,Annual Merit Increase,2.7
COMP00569,EMP00364,2026-06-12,,142000,New Hire,
COMP00570,EMP00365,2026-06-10,,109000,New Hire,
COMP00571,EMP00366,2025-07-30,,173000,New Hire,
COMP00572,EMP00367,2025-09-22,,175000,New Hire,
COMP00573,EMP00368,2025-03-28,,116000,New Hire,
COMP00574,EMP00369,2024-09-07,,127000,New Hire,
COMP00575,EMP00369,2025-09-07,127000.0,129500,Annual Merit Increase,2.1
COMP00576,EMP00370,2024-10-03,,210500,New Hire,
COMP00577,EMP00371,2025-10-23,,128000,New Hire,
COMP00578,EMP00372,2026-01-28,,160500,New Hire,
COMP00579,EMP00373,2026-02-14,,114500,New Hire,
COMP00580,EMP00374,2026-02-24,,162000,New Hire,
COMP00581,EMP00375,2023-08-10,,111500,New Hire,
COMP00582,EMP00375,2024-08-09,111500.0,117500,Annual Merit Increase,5.3
COMP00583,EMP00375,2025-09-03,117500.0,120000,Annual Merit Increase,2.0
COMP00584,EMP00376,2025-05-16,,78500,New Hire,
COMP00585,EMP00377,2023-03-16,,198000,New Hire,
COMP00586,EMP00377,2024-03-15,198000.0,226000,Promotion,14.1
COMP00587,EMP00377,2025-02-25,226000.0,234000,Annual Merit Increase,3.6
COMP00588,EMP00377,2026-03-27,234000.0,242000,Annual Merit Increase,3.5
COMP00589,EMP00378,2025-06-22,,116500,New Hire,
COMP00590,EMP00378,2026-06-22,116500.0,122000,Annual Merit Increase,4.5
COMP00591,EMP00379,2025-03-10,,143500,New Hire,
COMP00592,EMP00379,2026-03-10,143500.0,148500,Annual Merit Increase,3.3
COMP00593,EMP00380,2026-05-25,,199500,New Hire,
COMP00594,EMP00381,2024-11-13,,144500,New Hire,
COMP00595,EMP00381,2025-11-13,144500.0,149000,Annual Merit Increase,3.3
COMP00596,EMP00382,2023-12-06,,151000,New Hire,
COMP00597,EMP00382,2024-12-05,151000.0,167500,Promotion,10.9
COMP00598,EMP00382,2026-01-12,167500.0,176500,Annual Merit Increase,5.5
COMP00599,EMP00383,2024-01-12,,185000,New Hire,
COMP00600,EMP00384,2026-01-09,,144500,New Hire,
COMP00601,EMP00385,2025-09-13,,78000,New Hire,
COMP00602,EMP00386,2023-10-04,,98000,New Hire,
COMP00603,EMP00386,2024-10-03,98000.0,102500,Annual Merit Increase,4.4
COMP00604,EMP00386,2025-08-09,102500.0,104500,Annual Merit Increase,2.0
COMP00605,EMP00386,2026-06-06,104500.0,110500,Annual Merit Increase,5.9
COMP00606,EMP00387,2023-07-24,,90000,New Hire,
COMP00607,EMP00387,2024-07-23,90000.0,94000,Annual Merit Increase,4.4
COMP00608,EMP00387,2025-10-31,94000.0,98500,Annual Merit Increase,4.8
COMP00609,EMP00388,2025-11-11,,73500,New Hire,
COMP00610,EMP00389,2023-06-20,,90000,New Hire,
COMP00611,EMP00389,2024-06-19,90000.0,94500,Annual Merit Increase,5.0
COMP00612,EMP00389,2025-04-15,94500.0,100000,Annual Merit Increase,5.7
COMP00613,EMP00389,2026-02-21,100000.0,102000,Annual Merit Increase,2.2
COMP00614,EMP00390,2026-03-18,,97500,New Hire,
COMP00615,EMP00391,2025-11-26,,81500,New Hire,
COMP00616,EMP00392,2023-07-11,,109500,New Hire,
COMP00617,EMP00392,2024-07-10,109500.0,115500,Annual Merit Increase,5.5
COMP00618,EMP00393,2023-07-25,,70500,New Hire,
COMP00619,EMP00393,2024-07-24,70500.0,72500,Annual Merit Increase,2.9
COMP00620,EMP00393,2025-08-19,72500.0,76500,Annual Merit Increase,5.5
COMP00621,EMP00394,2026-07-21,,113500,New Hire,
COMP00622,EMP00395,2024-12-04,,161500,New Hire,
COMP00623,EMP00396,2024-12-18,,158500,New Hire,
COMP00624,EMP00396,2025-12-18,158500.0,162000,Annual Merit Increase,2.1
COMP00625,EMP00397,2026-03-01,,70500,New Hire,
COMP00626,EMP00398,2026-06-27,,72000,New Hire,
COMP00627,EMP00399,2026-07-07,,67000,New Hire,
COMP00628,EMP00400,2026-01-06,,135000,New Hire,
COMP00629,EMP00401,2024-12-15,,69500,New Hire,
COMP00630,EMP00402,2023-07-18,,174000,New Hire,
COMP00631,EMP00402,2024-07-17,174000.0,179500,Annual Merit Increase,3.3
COMP00632,EMP00402,2025-05-24,179500.0,186000,Annual Merit Increase,3.7
COMP00633,EMP00403,2026-02-24,,73500,New Hire,
COMP00634,EMP00404,2025-07-11,,136500,New Hire,
COMP00635,EMP00404,2026-07-11,136500.0,143000,Annual Merit Increase,4.9
COMP00636,EMP00405,2025-02-20,,75000,New Hire,
COMP00637,EMP00405,2026-02-20,75000.0,78500,Annual Merit Increase,4.9
COMP00638,EMP00406,2026-05-24,,83000,New Hire,
COMP00639,EMP00407,2023-11-15,,136000,New Hire,
COMP00640,EMP00407,2024-11-14,136000.0,141500,Annual Merit Increase,4.0
COMP00641,EMP00407,2026-02-16,141500.0,145000,Annual Merit Increase,2.4
COMP00642,EMP00408,2025-05-16,,91500,New Hire,
COMP00643,EMP00409,2022-10-07,,74500,New Hire,
COMP00644,EMP00409,2023-10-07,74500.0,85000,Promotion,14.4
COMP00645,EMP00409,2024-11-13,85000.0,90000,Annual Merit Increase,5.9
COMP00646,EMP00409,2025-12-29,90000.0,94500,Annual Merit Increase,4.9
COMP00647,EMP00410,2025-04-21,,132500,New Hire,
COMP00648,EMP00411,2023-03-10,,100000,New Hire,
COMP00649,EMP00412,2023-12-26,,109000,New Hire,
COMP00650,EMP00412,2024-12-25,109000.0,120500,Promotion,10.6
COMP00651,EMP00412,2026-04-13,120500.0,124500,Annual Merit Increase,3.4
COMP00652,EMP00413,2023-12-12,,85500,New Hire,
COMP00653,EMP00413,2024-12-11,85500.0,93500,Promotion,9.5
COMP00654,EMP00413,2025-10-17,93500.0,97000,Annual Merit Increase,3.7
COMP00655,EMP00414,2025-10-24,,84000,New Hire,
COMP00656,EMP00415,2026-01-14,,115500,New Hire,
COMP00657,EMP00416,2025-07-25,,87500,New Hire,
COMP00658,EMP00417,2026-07-05,,158000,New Hire,
COMP00659,EMP00418,2024-12-26,,123000,New Hire,
COMP00660,EMP00419,2024-08-21,,110000,New Hire,
COMP00661,EMP00419,2025-08-21,110000.0,116000,Annual Merit Increase,5.6
COMP00662,EMP00419,2026-06-26,116000.0,120000,Annual Merit Increase,3.5
COMP00663,EMP00420,2026-04-18,,128500,New Hire,
COMP00664,EMP00421,2024-06-05,,83000,New Hire,
COMP00665,EMP00421,2025-06-05,83000.0,87000,Annual Merit Increase,5.0
COMP00666,EMP00421,2026-06-07,87000.0,91500,Annual Merit Increase,4.9
COMP00667,EMP00422,2026-07-03,,224500,New Hire,
COMP00668,EMP00423,2022-10-23,,64500,New Hire,
COMP00669,EMP00423,2023-10-23,64500.0,74500,Promotion,15.2
COMP00670,EMP00423,2024-12-15,74500.0,79000,Annual Merit Increase,5.8
COMP00671,EMP00424,2026-07-26,,88500,New Hire,
COMP00672,EMP00425,2023-02-05,,87500,New Hire,
COMP00673,EMP00425,2024-02-05,87500.0,90000,Annual Merit Increase,3.1
COMP00674,EMP00425,2025-03-06,90000.0,93500,Annual Merit Increase,3.8
COMP00675,EMP00425,2026-05-07,93500.0,97000,Annual Merit Increase,3.5
COMP00676,EMP00426,2026-05-24,,105000,New Hire,
COMP00677,EMP00427,2025-06-17,,142500,New Hire,
COMP00678,EMP00427,2026-06-17,142500.0,148500,Annual Merit Increase,4.2
COMP00679,EMP00428,2026-07-19,,69000,New Hire,
COMP00680,EMP00429,2023-06-19,,98000,New Hire,
COMP00681,EMP00429,2024-06-18,98000.0,100000,Annual Merit Increase,2.1
COMP00682,EMP00429,2025-09-17,100000.0,104500,Annual Merit Increase,4.7
COMP00683,EMP00430,2025-07-25,,101500,New Hire,
COMP00684,EMP00430,2026-07-25,101500.0,107500,Annual Merit Increase,5.8
COMP00685,EMP00431,2026-07-21,,60500,New Hire,
COMP00686,EMP00432,2025-06-12,,124000,New Hire,
COMP00687,EMP00432,2026-06-12,124000.0,130500,Annual Merit Increase,5.2
COMP00688,EMP00433,2025-09-25,,65500,New Hire,
COMP00689,EMP00434,2025-11-29,,86000,New Hire,
COMP00690,EMP00435,2025-03-09,,143000,New Hire,
COMP00691,EMP00435,2026-03-09,143000.0,150000,Annual Merit Increase,5.0
COMP00692,EMP00436,2025-09-01,,93000,New Hire,
COMP00693,EMP00437,2025-07-18,,140500,New Hire,
COMP00694,EMP00438,2026-05-21,,187000,New Hire,
COMP00695,EMP00439,2023-02-04,,79000,New Hire,
COMP00696,EMP00439,2024-02-04,79000.0,83500,Annual Merit Increase,5.8
COMP00697,EMP00439,2025-03-19,83500.0,86500,Annual Merit Increase,3.3
COMP00698,EMP00440,2024-08-10,,204500,New Hire,
COMP00699,EMP00441,2026-06-25,,110000,New Hire,
COMP00700,EMP00442,2026-05-07,,101500,New Hire,
COMP00701,EMP00443,2025-03-22,,88500,New Hire,
COMP00702,EMP00444,2025-09-23,,95500,New Hire,
COMP00703,EMP00445,2024-08-01,,139500,New Hire,
COMP00704,EMP00445,2025-08-01,139500.0,147000,Annual Merit Increase,5.4
COMP00705,EMP00446,2024-04-17,,177000,New Hire,
COMP00706,EMP00446,2025-04-17,177000.0,182500,Annual Merit Increase,3.0
COMP00707,EMP00446,2026-07-21,182500.0,190500,Annual Merit Increase,4.3
COMP00708,EMP00447,2025-04-24,,125000,New Hire,
COMP00709,EMP00448,2024-11-29,,277500,New Hire,
COMP00710,EMP00449,2025-07-29,,205000,New Hire,
COMP00711,EMP00450,2023-07-02,,142000,New Hire,
COMP00712,EMP00450,2024-07-01,142000.0,150500,Annual Merit Increase,5.9
COMP00713,EMP00451,2026-07-26,,111000,New Hire,
COMP00714,EMP00452,2026-07-11,,115000,New Hire,
COMP00715,EMP00453,2025-11-09,,66000,New Hire,
COMP00716,EMP00454,2025-06-07,,196000,New Hire,
COMP00717,EMP00454,2026-06-07,196000.0,207000,Annual Merit Increase,5.7
COMP00718,EMP00455,2024-09-22,,91000,New Hire,
COMP00719,EMP00455,2025-09-22,91000.0,93500,Annual Merit Increase,2.6
COMP00720,EMP00456,2026-03-17,,89500,New Hire,
COMP00721,EMP00457,2025-11-17,,63000,New Hire,
COMP00722,EMP00458,2024-02-02,,79500,New Hire,
COMP00723,EMP00458,2025-02-01,79500.0,84000,Annual Merit Increase,5.6
COMP00724,EMP00459,2026-05-06,,103000,New Hire,
COMP00725,EMP00460,2026-03-14,,109000,New Hire,
COMP00726,EMP00461,2026-06-06,,148000,New Hire,
COMP00727,EMP00462,2025-12-02,,89000,New Hire,
COMP00728,EMP00463,2025-08-01,,166500,New Hire,
COMP00729,EMP00464,2025-02-10,,66500,New Hire,
COMP00730,EMP00464,2026-02-10,66500.0,69000,Annual Merit Increase,3.5
COMP00731,EMP00465,2026-06-21,,71500,New Hire,
COMP00732,EMP00466,2026-04-05,,156000,New Hire,
COMP00733,EMP00467,2023-02-02,,81500,New Hire,
COMP00734,EMP00468,2022-12-22,,88000,New Hire,
COMP00735,EMP00468,2023-12-22,88000.0,91500,Annual Merit Increase,3.7
COMP00736,EMP00469,2024-12-16,,109500,New Hire,
COMP00737,EMP00469,2025-12-16,109500.0,114000,Annual Merit Increase,4.1
COMP00738,EMP00470,2026-03-25,,64000,New Hire,
COMP00739,EMP00471,2026-07-02,,97500,New Hire,
COMP00740,EMP00472,2024-02-10,,87500,New Hire,
COMP00741,EMP00473,2025-08-02,,109000,New Hire,
COMP00742,EMP00474,2024-12-16,,109000,New Hire,
COMP00743,EMP00475,2026-07-16,,93000,New Hire,
COMP00744,EMP00476,2026-03-19,,200000,New Hire,
COMP00745,EMP00477,2026-03-29,,118500,New Hire,
COMP00746,EMP00478,2025-04-07,,142500,New Hire,
COMP00747,EMP00478,2026-04-07,142500.0,150000,Annual Merit Increase,5.4
COMP00748,EMP00479,2025-02-22,,108000,New Hire,
COMP00749,EMP00479,2026-02-22,108000.0,113000,Annual Merit Increase,4.5
COMP00750,EMP00480,2024-08-12,,121000,New Hire,
COMP00751,EMP00480,2025-08-12,121000.0,127500,Annual Merit Increase,5.4
COMP00752,EMP00481,2023-03-24,,123500,New Hire,
COMP00753,EMP00482,2026-04-15,,106500,New Hire,
COMP00754,EMP00483,2026-03-08,,62500,New Hire,
COMP00755,EMP00484,2026-07-06,,67500,New Hire,
COMP00756,EMP00485,2026-07-27,,101500,New Hire,
COMP00757,EMP00486,2025-07-10,,96000,New Hire,
COMP00758,EMP00487,2026-01-03,,103500,New Hire,
COMP00759,EMP00488,2026-06-19,,75000,New Hire,
COMP00760,EMP00489,2026-04-17,,166000,New Hire,
COMP00761,EMP00490,2024-07-07,,163000,New Hire,
COMP00762,EMP00491,2025-03-21,,184500,New Hire,
COMP00763,EMP00491,2026-03-21,184500.0,195500,Annual Merit Increase,6.0
COMP00764,EMP00492,2023-12-20,,82000,New Hire,
COMP00765,EMP00492,2024-12-19,82000.0,85500,Annual Merit Increase,4.5
COMP00766,EMP00493,2026-06-26,,140500,New Hire,
COMP00767,EMP00494,2025-08-04,,162000,New Hire,
COMP00768,EMP00495,2024-06-14,,83000,New Hire,
COMP00769,EMP00496,2025-10-20,,99500,New Hire,
COMP00770,EMP00497,2025-09-22,,187500,New Hire,
COMP00771,EMP00498,2024-11-15,,93500,New Hire,
COMP00772,EMP00498,2025-11-15,93500.0,98000,Annual Merit Increase,5.0
COMP00773,EMP00499,2023-11-24,,85000,New Hire,
COMP00774,EMP00499,2024-11-23,85000.0,90000,Annual Merit Increase,5.7
COMP00775,EMP00499,2025-10-01,90000.0,92500,Annual Merit Increase,2.5
COMP00776,EMP00500,2025-10-08,,79500,New Hire,
COMP00777,EMP00501,2025-06-21,,84500,New Hire,
COMP00778,EMP00501,2026-06-21,84500.0,89500,Annual Merit Increase,5.9
COMP00779,EMP00502,2026-01-15,,139500,New Hire,
COMP00780,EMP00503,2025-06-22,,133500,New Hire,
COMP00781,EMP00503,2026-06-22,133500.0,141500,Annual Merit Increase,5.8
COMP00782,EMP00504,2026-04-20,,103500,New Hire,
COMP00783,EMP00505,2025-06-28,,74000,New Hire,
COMP00784,EMP00505,2026-06-28,74000.0,75500,Annual Merit Increase,2.3
COMP00785,EMP00506,2025-07-14,,132500,New Hire,
COMP00786,EMP00506,2026-07-14,132500.0,138500,Annual Merit Increase,4.5
COMP00787,EMP00507,2026-04-27,,143000,New Hire,
COMP00788,EMP00508,2025-01-29,,76500,New Hire,
COMP00789,EMP00509,2024-01-09,,166000,New Hire,
COMP00790,EMP00509,2025-01-08,166000.0,174500,Annual Merit Increase,5.1
COMP00791,EMP00509,2026-01-20,174500.0,184000,Annual Merit Increase,5.4
COMP00792,EMP00510,2022-12-08,,83000,New Hire,
COMP00793,EMP00510,2023-12-08,83000.0,86500,Annual Merit Increase,4.1
COMP00794,EMP00510,2024-10-31,86500.0,99500,Promotion,15.2
COMP00795,EMP00510,2026-01-20,99500.0,101500,Annual Merit Increase,2.0
COMP00796,EMP00511,2026-01-26,,87500,New Hire,
COMP00797,EMP00512,2025-09-28,,153000,New Hire,
COMP00798,EMP00513,2025-11-26,,92000,New Hire,
COMP00799,EMP00514,2024-05-17,,131500,New Hire,
COMP00800,EMP00514,2025-05-17,131500.0,138000,Annual Merit Increase,5.0
COMP00801,EMP00514,2026-04-15,138000.0,143000,Annual Merit Increase,3.8
COMP00802,EMP00515,2024-01-02,,91500,New Hire,
COMP00803,EMP00516,2022-10-25,,175000,New Hire,
COMP00804,EMP00516,2023-10-25,175000.0,185500,Annual Merit Increase,5.9
COMP00805,EMP00516,2024-08-19,185500.0,193000,Annual Merit Increase,4.2
COMP00806,EMP00516,2025-08-28,193000.0,198500,Annual Merit Increase,3.0
COMP00807,EMP00517,2024-11-24,,54000,New Hire,
COMP00808,EMP00517,2025-11-24,54000.0,57000,Annual Merit Increase,5.1
COMP00809,EMP00518,2025-08-30,,71000,New Hire,
COMP00810,EMP00519,2025-01-03,,81000,New Hire,
COMP00811,EMP00519,2026-01-03,81000.0,83500,Annual Merit Increase,2.9
COMP00812,EMP00520,2025-03-08,,79000,New Hire,
COMP00813,EMP00521,2026-05-12,,202000,New Hire,
COMP00814,EMP00522,2024-11-01,,118500,New Hire,
COMP00815,EMP00522,2025-11-01,118500.0,122000,Annual Merit Increase,2.8
COMP00816,EMP00523,2025-05-10,,131000,New Hire,
COMP00817,EMP00524,2026-02-20,,165500,New Hire,
COMP00818,EMP00525,2025-01-03,,122500,New Hire,
COMP00819,EMP00525,2026-01-03,122500.0,127500,Annual Merit Increase,4.1
COMP00820,EMP00526,2025-09-06,,71500,New Hire,
COMP00821,EMP00527,2026-04-07,,92500,New Hire,
COMP00822,EMP00528,2026-06-20,,98500,New Hire,
COMP00823,EMP00529,2024-01-23,,75000,New Hire,
COMP00824,EMP00530,2026-06-25,,78000,New Hire,
COMP00825,EMP00531,2025-05-27,,156000,New Hire,
COMP00826,EMP00531,2026-05-27,156000.0,160000,Annual Merit Increase,2.7
COMP00827,EMP00532,2024-07-18,,182500,New Hire,
COMP00828,EMP00532,2025-07-18,182500.0,191000,Annual Merit Increase,4.6
COMP00829,EMP00532,2026-05-25,191000.0,195000,Annual Merit Increase,2.2
COMP00830,EMP00533,2025-03-11,,79000,New Hire,
COMP00831,EMP00533,2026-03-11,79000.0,81500,Annual Merit Increase,2.9
COMP00832,EMP00534,2026-07-19,,179500,New Hire,
COMP00833,EMP00535,2025-05-05,,151500,New Hire,
COMP00834,EMP00535,2026-05-05,151500.0,156000,Annual Merit Increase,3.1
COMP00835,EMP00536,2024-10-19,,72500,New Hire,
COMP00836,EMP00536,2025-10-19,72500.0,76000,Annual Merit Increase,4.5
COMP00837,EMP00537,2025-09-11,,69000,New Hire,
COMP00838,EMP00538,2024-06-24,,75000,New Hire,
COMP00839,EMP00538,2025-06-24,75000.0,78000,Annual Merit Increase,3.9
COMP00840,EMP00538,2026-06-10,78000.0,80500,Annual Merit Increase,3.4
COMP00841,EMP00539,2023-06-12,,141000,New Hire,
COMP00842,EMP00539,2024-06-11,141000.0,145500,Annual Merit Increase,3.1
COMP00843,EMP00539,2025-06-23,145500.0,151500,Annual Merit Increase,4.2
COMP00844,EMP00540,2023-12-10,,118500,New Hire,
COMP00845,EMP00540,2024-12-09,118500.0,121000,Annual Merit Increase,2.3
COMP00846,EMP00540,2026-01-19,121000.0,126000,Annual Merit Increase,4.2
COMP00847,EMP00541,2023-12-08,,165000,New Hire,
COMP00848,EMP00542,2024-02-24,,128500,New Hire,
COMP00849,EMP00542,2025-02-23,128500.0,131500,Annual Merit Increase,2.1
COMP00850,EMP00542,2026-03-03,131500.0,149500,Promotion,13.6
COMP00851,EMP00543,2024-01-28,,76500,New Hire,
COMP00852,EMP00543,2025-01-27,76500.0,79000,Annual Merit Increase,3.4
COMP00853,EMP00543,2025-12-26,79000.0,82500,Annual Merit Increase,4.7
COMP00854,EMP00544,2025-09-28,,72000,New Hire,
COMP00855,EMP00545,2024-03-09,,120500,New Hire,
COMP00856,EMP00545,2025-03-09,120500.0,124000,Annual Merit Increase,2.8
COMP00857,EMP00545,2026-03-17,124000.0,129000,Annual Merit Increase,4.0
COMP00858,EMP00546,2024-11-04,,69000,New Hire,
COMP00859,EMP00547,2026-05-05,,113500,New Hire,
COMP00860,EMP00548,2025-04-21,,91500,New Hire,
COMP00861,EMP00549,2025-10-08,,71500,New Hire,
COMP00862,EMP00550,2024-03-23,,111000,New Hire,
COMP00863,EMP00550,2025-03-23,111000.0,117500,Annual Merit Increase,5.8
COMP00864,EMP00550,2026-01-10,117500.0,120500,Annual Merit Increase,2.4
COMP00865,EMP00551,2024-04-09,,105000,New Hire,
COMP00866,EMP00552,2023-02-15,,96500,New Hire,
COMP00867,EMP00553,2024-03-15,,62500,New Hire,
COMP00868,EMP00553,2025-03-15,62500.0,66000,Annual Merit Increase,5.9
COMP00869,EMP00553,2026-01-10,66000.0,68000,Annual Merit Increase,3.4
COMP00870,EMP00554,2024-08-16,,154500,New Hire,
COMP00871,EMP00554,2025-08-16,154500.0,162500,Annual Merit Increase,5.2
COMP00872,EMP00555,2024-03-14,,140000,New Hire,
COMP00873,EMP00555,2025-03-14,140000.0,144500,Annual Merit Increase,3.1
COMP00874,EMP00556,2023-08-08,,85500,New Hire,
COMP00875,EMP00557,2023-12-18,,170500,New Hire,
COMP00876,EMP00557,2024-12-17,170500.0,176500,Annual Merit Increase,3.4
COMP00877,EMP00557,2025-11-01,176500.0,181000,Annual Merit Increase,2.6
COMP00878,EMP00558,2025-04-10,,92500,New Hire,
COMP00879,EMP00558,2026-04-10,92500.0,97500,Annual Merit Increase,5.3
COMP00880,EMP00559,2024-05-28,,91500,New Hire,
COMP00881,EMP00559,2025-05-28,91500.0,95500,Annual Merit Increase,4.3
COMP00882,EMP00559,2026-05-08,95500.0,98000,Annual Merit Increase,2.4
COMP00883,EMP00560,2024-12-20,,121500,New Hire,
COMP00884,EMP00560,2025-12-20,121500.0,126000,Annual Merit Increase,3.7
COMP00885,EMP00561,2025-05-06,,178500,New Hire,
COMP00886,EMP00561,2026-05-06,178500.0,182000,Annual Merit Increase,2.1
COMP00887,EMP00562,2025-11-12,,126000,New Hire,
COMP00888,EMP00563,2023-01-02,,77000,New Hire,
COMP00889,EMP00564,2026-02-07,,74000,New Hire,
COMP00890,EMP00565,2025-09-16,,197500,New Hire,
COMP00891,EMP00566,2023-07-03,,116500,New Hire,
COMP00892,EMP00566,2024-07-02,116500.0,121500,Annual Merit Increase,4.2
COMP00893,EMP00566,2025-07-12,121500.0,124500,Annual Merit Increase,2.5
COMP00894,EMP00567,2026-04-13,,94000,New Hire,
COMP00895,EMP00568,2026-05-03,,109000,New Hire,
COMP00896,EMP00569,2023-04-27,,132000,New Hire,
COMP00897,EMP00569,2024-04-26,132000.0,139000,Annual Merit Increase,5.5
COMP00898,EMP00569,2025-05-20,139000.0,152500,Promotion,9.8
COMP00899,EMP00569,2026-07-03,152500.0,156000,Annual Merit Increase,2.4
COMP00900,EMP00570,2024-08-18,,140500,New Hire,
COMP00901,EMP00571,2026-02-11,,106000,New Hire,
COMP00902,EMP00572,2026-01-08,,168500,New Hire,
COMP00903,EMP00573,2024-03-06,,77000,New Hire,
COMP00904,EMP00574,2024-05-01,,81000,New Hire,
COMP00905,EMP00574,2025-05-01,81000.0,84500,Annual Merit Increase,4.6
COMP00906,EMP00574,2026-07-13,84500.0,88000,Annual Merit Increase,4.2
COMP00907,EMP00575,2024-12-28,,137000,New Hire,
COMP00908,EMP00575,2025-12-28,137000.0,144500,Annual Merit Increase,5.6
COMP00909,EMP00576,2025-04-01,,65500,New Hire,
COMP00910,EMP00576,2026-04-01,65500.0,69000,Annual Merit Increase,5.7
COMP00911,EMP00577,2025-09-23,,94500,New Hire,
COMP00912,EMP00578,2024-12-08,,124500,New Hire,
COMP00913,EMP00578,2025-12-08,124500.0,129000,Annual Merit Increase,3.6
COMP00914,EMP00579,2025-04-05,,98500,New Hire,
COMP00915,EMP00580,2026-01-28,,85500,New Hire,
COMP00916,EMP00581,2023-01-16,,90500,New Hire,
COMP00917,EMP00582,2024-07-11,,86500,New Hire,
COMP00918,EMP00582,2025-07-11,86500.0,88500,Annual Merit Increase,2.2
COMP00919,EMP00582,2026-05-27,88500.0,90500,Annual Merit Increase,2.5
COMP00920,EMP00583,2025-12-05,,105500,New Hire,
COMP00921,EMP00584,2026-05-04,,191500,New Hire,
COMP00922,EMP00585,2025-05-30,,142500,New Hire,
COMP00923,EMP00585,2026-05-30,142500.0,146000,Annual Merit Increase,2.3
COMP00924,EMP00586,2025-06-06,,109500,New Hire,
COMP00925,EMP00586,2026-06-06,109500.0,114000,Annual Merit Increase,4.3
COMP00926,EMP00587,2023-10-14,,127000,New Hire,
COMP00927,EMP00587,2024-10-13,127000.0,132500,Annual Merit Increase,4.4
COMP00928,EMP00588,2025-03-22,,74500,New Hire,
COMP00929,EMP00588,2026-03-22,74500.0,77000,Annual Merit Increase,3.4
COMP00930,EMP00589,2025-06-19,,98000,New Hire,
COMP00931,EMP00589,2026-06-19,98000.0,102000,Annual Merit Increase,4.3
COMP00932,EMP00590,2024-06-09,,159500,New Hire,
COMP00933,EMP00591,2024-08-12,,90500,New Hire,
COMP00934,EMP00591,2025-08-12,90500.0,93000,Annual Merit Increase,2.8
COMP00935,EMP00591,2026-07-03,93000.0,98000,Annual Merit Increase,5.6
COMP00936,EMP00592,2024-12-11,,272500,New Hire,
COMP00937,EMP00592,2025-12-11,272500.0,282500,Annual Merit Increase,3.6
COMP00938,EMP00593,2022-11-14,,81000,New Hire,
COMP00939,EMP00594,2024-10-23,,135500,New Hire,
COMP00940,EMP00594,2025-10-23,135500.0,142000,Annual Merit Increase,4.7
COMP00941,EMP00595,2024-05-16,,92000,New Hire,
COMP00942,EMP00595,2025-05-16,92000.0,96000,Annual Merit Increase,4.4
COMP00943,EMP00596,2024-10-01,,86500,New Hire,
COMP00944,EMP00596,2025-10-01,86500.0,91000,Annual Merit Increase,5.2
COMP00945,EMP00597,2023-12-13,,93000,New Hire,
COMP00946,EMP00598,2026-05-23,,124500,New Hire,
COMP00947,EMP00599,2025-08-21,,116500,New Hire,
COMP00948,EMP00600,2025-11-21,,179500,New Hire,
COMP00949,EMP00601,2026-02-13,,102000,New Hire,
COMP00950,EMP00602,2025-05-02,,73000,New Hire,
COMP00951,EMP00603,2023-08-04,,88500,New Hire,
COMP00952,EMP00603,2024-08-03,88500.0,90500,Annual Merit Increase,2.5
COMP00953,EMP00604,2025-06-28,,116500,New Hire,
COMP00954,EMP00604,2026-06-28,116500.0,121500,Annual Merit Increase,4.1
COMP00955,EMP00605,2025-08-06,,149500,New Hire,
COMP00956,EMP00606,2026-01-26,,76500,New Hire,
COMP00957,EMP00607,2025-02-27,,98500,New Hire,
COMP00958,EMP00607,2026-02-27,98500.0,104000,Annual Merit Increase,5.8
COMP00959,EMP00608,2023-12-23,,77500,New Hire,
COMP00960,EMP00608,2024-12-22,77500.0,81500,Annual Merit Increase,5.4
COMP00961,EMP00608,2025-10-21,81500.0,86000,Annual Merit Increase,5.8
COMP00962,EMP00609,2024-08-27,,139000,New Hire,
COMP00963,EMP00609,2025-08-27,139000.0,153000,Promotion,10.2
COMP00964,EMP00610,2024-12-05,,155500,New Hire,
COMP00965,EMP00610,2025-12-05,155500.0,161500,Annual Merit Increase,3.8
COMP00966,EMP00611,2025-10-25,,92000,New Hire,
COMP00967,EMP00612,2025-07-03,,80500,New Hire,
COMP00968,EMP00612,2026-07-03,80500.0,83000,Annual Merit Increase,3.1
COMP00969,EMP00613,2024-11-01,,375000,New Hire,
COMP00970,EMP00614,2026-07-04,,140500,New Hire,
COMP00971,EMP00615,2025-08-25,,120000,New Hire,
COMP00972,EMP00616,2024-06-20,,91500,New Hire,
COMP00973,EMP00617,2023-10-02,,90500,New Hire,
COMP00974,EMP00618,2024-02-26,,85000,New Hire,
COMP00975,EMP00618,2025-02-25,85000.0,90000,Annual Merit Increase,5.7
COMP00976,EMP00618,2025-12-16,90000.0,94000,Annual Merit Increase,4.3
COMP00977,EMP00619,2024-07-30,,129500,New Hire,
COMP00978,EMP00619,2025-07-30,129500.0,132500,Annual Merit Increase,2.2
COMP00979,EMP00620,2024-02-05,,159000,New Hire,
COMP00980,EMP00620,2025-02-04,159000.0,168000,Annual Merit Increase,5.7
COMP00981,EMP00621,2024-04-03,,103500,New Hire,
COMP00982,EMP00621,2025-04-03,103500.0,106000,Annual Merit Increase,2.5
COMP00983,EMP00621,2026-03-18,106000.0,108000,Annual Merit Increase,2.1
COMP00984,EMP00622,2024-08-29,,79000,New Hire,
COMP00985,EMP00622,2025-08-29,79000.0,83000,Annual Merit Increase,4.9
COMP00986,EMP00623,2024-03-28,,102000,New Hire,
COMP00987,EMP00624,2026-05-29,,73000,New Hire,
COMP00988,EMP00625,2023-07-09,,64000,New Hire,
COMP00989,EMP00626,2025-06-20,,105500,New Hire,
COMP00990,EMP00627,2025-02-06,,69000,New Hire,
COMP00991,EMP00627,2026-02-06,69000.0,71000,Annual Merit Increase,2.9
COMP00992,EMP00628,2026-07-18,,66500,New Hire,
COMP00993,EMP00629,2023-11-06,,126000,New Hire,
COMP00994,EMP00630,2025-01-19,,67000,New Hire,
COMP00995,EMP00631,2026-07-12,,84000,New Hire,
COMP00996,EMP00632,2026-04-25,,86000,New Hire,
COMP00997,EMP00633,2026-03-11,,81000,New Hire,
COMP00998,EMP00634,2024-07-02,,82500,New Hire,
COMP00999,EMP00635,2024-03-15,,75000,New Hire,
COMP01000,EMP00635,2025-03-15,75000.0,77000,Annual Merit Increase,3.0
COMP01001,EMP00635,2026-06-21,77000.0,88500,Promotion,15.1
COMP01002,EMP00636,2025-10-12,,209000,New Hire,
COMP01003,EMP00637,2026-06-12,,168000,New Hire,
COMP01004,EMP00638,2025-07-09,,204500,New Hire,
COMP01005,EMP00638,2026-07-09,204500.0,216500,Annual Merit Increase,5.8
COMP01006,EMP00639,2025-07-21,,137500,New Hire,
COMP01007,EMP00639,2026-07-21,137500.0,143000,Annual Merit Increase,4.1
COMP01008,EMP00640,2024-08-24,,123000,New Hire,
COMP01009,EMP00640,2025-08-24,123000.0,129000,Annual Merit Increase,4.7
COMP01010,EMP00640,2026-07-22,129000.0,135500,Annual Merit Increase,4.9
COMP01011,EMP00641,2026-01-02,,130500,New Hire,
COMP01012,EMP00642,2024-04-22,,57500,New Hire,
COMP01013,EMP00643,2024-10-03,,109000,New Hire,
COMP01014,EMP00643,2025-10-03,109000.0,115500,Annual Merit Increase,5.9
COMP01015,EMP00644,2025-02-12,,106000,New Hire,
COMP01016,EMP00644,2026-02-12,106000.0,112000,Annual Merit Increase,5.6
COMP01017,EMP00645,2025-05-28,,111500,New Hire,
COMP01018,EMP00645,2026-05-28,111500.0,116500,Annual Merit Increase,4.3
COMP01019,EMP00646,2024-06-26,,66500,New Hire,
COMP01020,EMP00646,2025-06-26,66500.0,68500,Annual Merit Increase,3.2
COMP01021,EMP00646,2026-06-22,68500.0,72000,Annual Merit Increase,5.2
COMP01022,EMP00647,2023-11-16,,174500,New Hire,
COMP01023,EMP00647,2024-11-15,174500.0,185000,Annual Merit Increase,6.0
COMP01024,EMP00647,2026-01-23,185000.0,196000,Annual Merit Increase,5.9
COMP01025,EMP00648,2025-08-21,,121000,New Hire,
COMP01026,EMP00649,2024-09-28,,67000,New Hire,
COMP01027,EMP00649,2025-09-28,67000.0,75000,Promotion,11.9
COMP01028,EMP00650,2025-07-24,,128500,New Hire,
COMP01029,EMP00650,2026-07-24,128500.0,132000,Annual Merit Increase,2.9
COMP01030,EMP00651,2024-02-26,,87500,New Hire,
COMP01031,EMP00651,2025-02-25,87500.0,92000,Annual Merit Increase,5.0
COMP01032,EMP00652,2025-04-01,,89500,New Hire,
COMP01033,EMP00653,2025-06-21,,81500,New Hire,
COMP01034,EMP00653,2026-06-21,81500.0,86500,Annual Merit Increase,5.9
COMP01035,EMP00654,2023-03-03,,84000,New Hire,
COMP01036,EMP00654,2024-03-02,84000.0,86000,Annual Merit Increase,2.2
COMP01037,EMP00654,2025-02-25,86000.0,97500,Promotion,13.3
COMP01038,EMP00654,2026-02-06,97500.0,103000,Annual Merit Increase,5.7
COMP01039,EMP00655,2024-11-20,,133000,New Hire,
COMP01040,EMP00655,2025-11-20,133000.0,139500,Annual Merit Increase,5.0
COMP01041,EMP00656,2024-01-02,,84500,New Hire,
COMP01042,EMP00657,2023-04-09,,109500,New Hire,
COMP01043,EMP00658,2026-07-19,,91000,New Hire,
COMP01044,EMP00659,2024-10-15,,73500,New Hire,
COMP01045,EMP00660,2026-03-18,,108500,New Hire,
COMP01046,EMP00661,2024-07-26,,90500,New Hire,
COMP01047,EMP00662,2025-11-11,,100500,New Hire,
COMP01048,EMP00663,2026-01-25,,73000,New Hire,
COMP01049,EMP00664,2025-08-23,,144500,New Hire,
COMP01050,EMP00665,2025-04-16,,247500,New Hire,
COMP01051,EMP00665,2026-04-16,247500.0,253500,Annual Merit Increase,2.4
COMP01052,EMP00666,2025-02-22,,364500,New Hire,
COMP01053,EMP00666,2026-02-22,364500.0,372500,Annual Merit Increase,2.3
COMP01054,EMP00667,2024-11-17,,75500,New Hire,
COMP01055,EMP00667,2025-11-17,75500.0,78500,Annual Merit Increase,4.3
COMP01056,EMP00668,2026-06-05,,87000,New Hire,
COMP01057,EMP00669,2026-03-12,,87500,New Hire,
COMP01058,EMP00670,2026-07-11,,189500,New Hire,
COMP01059,EMP00671,2023-12-30,,71000,New Hire,
COMP01060,EMP00672,2025-12-15,,218500,New Hire,
COMP01061,EMP00673,2026-06-27,,93000,New Hire,
COMP01062,EMP00674,2024-03-03,,263500,New Hire,
COMP01063,EMP00674,2025-03-03,263500.0,271000,Annual Merit Increase,2.8
COMP01064,EMP00674,2026-04-25,271000.0,286000,Annual Merit Increase,5.6
COMP01065,EMP00675,2023-05-01,,132000,New Hire,
COMP01066,EMP00675,2024-04-30,132000.0,136000,Annual Merit Increase,3.1
COMP01067,EMP00675,2025-07-25,136000.0,143500,Annual Merit Increase,5.6
COMP01068,EMP00676,2025-12-20,,119500,New Hire,
COMP01069,EMP00677,2025-07-29,,99000,New Hire,
COMP01070,EMP00678,2026-03-16,,89000,New Hire,
COMP01071,EMP00679,2024-01-02,,88500,New Hire,
COMP01072,EMP00679,2025-01-01,88500.0,91500,Annual Merit Increase,3.1
COMP01073,EMP00679,2025-11-06,91500.0,96000,Annual Merit Increase,4.7
COMP01074,EMP00680,2026-02-02,,90000,New Hire,
COMP01075,EMP00681,2024-04-03,,73000,New Hire,
COMP01076,EMP00681,2025-04-03,73000.0,77000,Annual Merit Increase,5.3
COMP01077,EMP00682,2024-02-08,,109000,New Hire,
COMP01078,EMP00682,2025-02-07,109000.0,114500,Annual Merit Increase,5.0
COMP01079,EMP00683,2024-02-24,,87500,New Hire,
COMP01080,EMP00684,2026-03-28,,145000,New Hire,
COMP01081,EMP00685,2025-10-15,,115000,New Hire,
COMP01082,EMP00686,2025-06-07,,63500,New Hire,
COMP01083,EMP00686,2026-06-07,63500.0,65000,Annual Merit Increase,2.7
COMP01084,EMP00687,2024-12-06,,199500,New Hire,
COMP01085,EMP00687,2025-12-06,199500.0,210500,Annual Merit Increase,5.6
COMP01086,EMP00688,2026-04-09,,56500,New Hire,
COMP01087,EMP00689,2025-01-20,,120500,New Hire,
COMP01088,EMP00689,2026-01-20,120500.0,124000,Annual Merit Increase,2.7
COMP01089,EMP00690,2026-03-28,,111000,New Hire,
COMP01090,EMP00691,2025-03-01,,126500,New Hire,
COMP01091,EMP00691,2026-03-01,126500.0,130500,Annual Merit Increase,3.2
COMP01092,EMP00692,2024-12-08,,55500,New Hire,
COMP01093,EMP00693,2025-04-23,,86500,New Hire,
COMP01094,EMP00694,2024-09-23,,149500,New Hire,
COMP01095,EMP00695,2026-01-03,,64500,New Hire,
COMP01096,EMP00696,2025-05-04,,155500,New Hire,
COMP01097,EMP00696,2026-05-04,155500.0,164000,Annual Merit Increase,5.6
COMP01098,EMP00697,2024-06-26,,195000,New Hire,
COMP01099,EMP00697,2025-06-26,195000.0,204000,Annual Merit Increase,4.7
COMP01100,EMP00697,2026-05-31,204000.0,213500,Annual Merit Increase,4.5
COMP01101,EMP00698,2026-05-25,,358000,New Hire,
COMP01102,EMP00699,2024-12-15,,63000,New Hire,
COMP01103,EMP00699,2025-12-15,63000.0,66000,Annual Merit Increase,4.9
COMP01104,EMP00700,2025-06-06,,89000,New Hire,
COMP01105,EMP00700,2026-06-06,89000.0,94000,Annual Merit Increase,5.8
COMP01106,EMP00701,2026-05-15,,83500,New Hire,
COMP01107,EMP00702,2025-09-21,,80000,New Hire,
COMP01108,EMP00703,2023-12-03,,102000,New Hire,
COMP01109,EMP00704,2026-06-25,,68000,New Hire,
COMP01110,EMP00705,2025-09-21,,192000,New Hire,
COMP01111,EMP00706,2024-11-21,,184500,New Hire,
COMP01112,EMP00706,2025-11-21,184500.0,190000,Annual Merit Increase,2.9
COMP01113,EMP00707,2024-01-14,,76000,New Hire,
COMP01114,EMP00707,2025-01-13,76000.0,78500,Annual Merit Increase,3.5
COMP01115,EMP00707,2025-12-02,78500.0,82500,Annual Merit Increase,5.4
COMP01116,EMP00708,2026-02-20,,121500,New Hire,
COMP01117,EMP00709,2025-09-14,,91500,New Hire,
COMP01118,EMP00710,2025-06-04,,103500,New Hire,
COMP01119,EMP00711,2026-05-12,,159000,New Hire,
COMP01120,EMP00712,2026-02-17,,118000,New Hire,
COMP01121,EMP00713,2024-02-07,,154000,New Hire,
COMP01122,EMP00713,2025-02-06,154000.0,159500,Annual Merit Increase,3.7
COMP01123,EMP00713,2026-02-07,159500.0,165000,Annual Merit Increase,3.4
COMP01124,EMP00714,2024-10-09,,198000,New Hire,
COMP01125,EMP00715,2024-07-03,,148000,New Hire,
COMP01126,EMP00715,2025-07-03,148000.0,154500,Annual Merit Increase,4.3
COMP01127,EMP00716,2026-01-28,,128500,New Hire,
COMP01128,EMP00717,2023-01-13,,88500,New Hire,
COMP01129,EMP00717,2024-01-13,88500.0,93000,Annual Merit Increase,5.2
COMP01130,EMP00717,2025-03-06,93000.0,95500,Annual Merit Increase,2.7
COMP01131,EMP00717,2026-05-13,95500.0,106000,Promotion,10.9
COMP01132,EMP00718,2025-07-15,,111500,New Hire,
COMP01133,EMP00718,2026-07-15,111500.0,114500,Annual Merit Increase,2.7
COMP01134,EMP00719,2026-01-18,,113500,New Hire,
COMP01135,EMP00720,2026-04-19,,73000,New Hire,
COMP01136,EMP00721,2024-11-01,,88500,New Hire,
COMP01137,EMP00721,2025-11-01,88500.0,93500,Annual Merit Increase,5.7
COMP01138,EMP00722,2026-03-06,,102000,New Hire,
COMP01139,EMP00723,2023-11-27,,177500,New Hire,
COMP01140,EMP00723,2024-11-26,177500.0,186000,Annual Merit Increase,4.7
COMP01141,EMP00723,2026-01-03,186000.0,191500,Annual Merit Increase,3.1
COMP01142,EMP00724,2026-03-27,,121500,New Hire,
COMP01143,EMP00725,2023-12-23,,78500,New Hire,
COMP01144,EMP00725,2024-12-22,78500.0,82500,Annual Merit Increase,4.8
COMP01145,EMP00725,2026-03-15,82500.0,87500,Annual Merit Increase,5.8
COMP01146,EMP00726,2025-01-27,,113500,New Hire,
COMP01147,EMP00726,2026-01-27,113500.0,116000,Annual Merit Increase,2.0
COMP01148,EMP00727,2026-02-27,,150500,New Hire,
COMP01149,EMP00728,2024-02-02,,67500,New Hire,
COMP01150,EMP00728,2025-02-01,67500.0,70000,Annual Merit Increase,3.5
COMP01151,EMP00729,2024-06-24,,218000,New Hire,
COMP01152,EMP00729,2025-06-24,218000.0,226500,Annual Merit Increase,4.0
COMP01153,EMP00730,2025-12-14,,137500,New Hire,
COMP01154,EMP00731,2025-12-06,,102500,New Hire,
COMP01155,EMP00732,2025-09-14,,124000,New Hire,
COMP01156,EMP00733,2025-11-04,,79000,New Hire,
COMP01157,EMP00734,2025-06-21,,102500,New Hire,
COMP01158,EMP00734,2026-06-21,102500.0,106500,Annual Merit Increase,4.0
COMP01159,EMP00735,2024-07-08,,162000,New Hire,
COMP01160,EMP00736,2024-11-03,,64500,New Hire,
COMP01161,EMP00736,2025-11-03,64500.0,67500,Annual Merit Increase,4.6
COMP01162,EMP00737,2024-03-19,,96000,New Hire,
COMP01163,EMP00737,2025-03-19,96000.0,99500,Annual Merit Increase,3.5
COMP01164,EMP00737,2026-02-09,99500.0,104000,Annual Merit Increase,4.7
COMP01165,EMP00738,2026-05-30,,141000,New Hire,
COMP01166,EMP00739,2025-07-14,,86000,New Hire,
COMP01167,EMP00739,2026-07-14,86000.0,88500,Annual Merit Increase,2.8
COMP01168,EMP00740,2025-01-27,,229500,New Hire,
COMP01169,EMP00740,2026-01-27,229500.0,235000,Annual Merit Increase,2.5
COMP01170,EMP00741,2025-04-20,,71000,New Hire,
COMP01171,EMP00742,2026-06-17,,140000,New Hire,
COMP01172,EMP00743,2024-02-25,,104000,New Hire,
COMP01173,EMP00743,2025-02-24,104000.0,107500,Annual Merit Increase,3.3
COMP01174,EMP00743,2026-02-27,107500.0,117000,Promotion,9.0
COMP01175,EMP00744,2025-08-08,,164500,New Hire,
COMP01176,EMP00745,2025-05-24,,73500,New Hire,
COMP01177,EMP00746,2025-08-14,,83000,New Hire,
COMP01178,EMP00747,2022-11-26,,169500,New Hire,
COMP01179,EMP00748,2026-04-06,,83000,New Hire,
COMP01180,EMP00749,2026-06-23,,95500,New Hire,
COMP01181,EMP00750,2025-07-22,,139500,New Hire,
COMP01182,EMP00750,2026-07-22,139500.0,146500,Annual Merit Increase,5.1
COMP01183,EMP00751,2025-11-16,,137000,New Hire,
COMP01184,EMP00752,2026-05-25,,84000,New Hire,
COMP01185,EMP00753,2025-11-19,,207500,New Hire,
COMP01186,EMP00754,2024-02-14,,76000,New Hire,
COMP01187,EMP00754,2025-02-13,76000.0,78500,Annual Merit Increase,3.4
COMP01188,EMP00754,2025-12-06,78500.0,80000,Annual Merit Increase,2.2
COMP01189,EMP00755,2025-07-19,,82500,New Hire,
COMP01190,EMP00755,2026-07-19,82500.0,87000,Annual Merit Increase,5.5
COMP01191,EMP00756,2025-08-03,,202000,New Hire,
COMP01192,EMP00757,2025-02-10,,171500,New Hire,
COMP01193,EMP00757,2026-02-10,171500.0,175000,Annual Merit Increase,2.1
COMP01194,EMP00758,2025-12-19,,162000,New Hire,
COMP01195,EMP00759,2026-06-09,,274000,New Hire,
COMP01196,EMP00760,2026-06-28,,90000,New Hire,
COMP01197,EMP00761,2025-03-20,,56000,New Hire,
COMP01198,EMP00761,2026-03-20,56000.0,57500,Annual Merit Increase,2.7
COMP01199,EMP00762,2023-11-13,,74000,New Hire,
COMP01200,EMP00762,2024-11-12,74000.0,76000,Annual Merit Increase,2.6
COMP01201,EMP00762,2026-02-07,76000.0,79000,Annual Merit Increase,3.6
COMP01202,EMP00763,2026-07-07,,101000,New Hire,
COMP01203,EMP00764,2026-03-14,,165000,New Hire,
COMP01204,EMP00765,2023-12-09,,101000,New Hire,
COMP01205,EMP00766,2026-05-27,,75500,New Hire,
COMP01206,EMP00767,2026-04-28,,72000,New Hire,
COMP01207,EMP00768,2025-06-23,,152500,New Hire,
COMP01208,EMP00768,2026-06-23,152500.0,156500,Annual Merit Increase,2.7
COMP01209,EMP00769,2025-08-25,,96500,New Hire,
COMP01210,EMP00770,2025-01-28,,121500,New Hire,
COMP01211,EMP00770,2026-01-28,121500.0,128500,Annual Merit Increase,5.9
COMP01212,EMP00771,2023-03-19,,99000,New Hire,
COMP01213,EMP00772,2024-11-15,,117500,New Hire,
COMP01214,EMP00772,2025-11-15,117500.0,124500,Annual Merit Increase,5.9
COMP01215,EMP00773,2026-02-20,,142000,New Hire,
COMP01216,EMP00774,2022-08-14,,168000,New Hire,
COMP01217,EMP00774,2023-08-14,168000.0,173500,Annual Merit Increase,3.2
COMP01218,EMP00775,2024-10-24,,63500,New Hire,
COMP01219,EMP00775,2025-10-24,63500.0,65000,Annual Merit Increase,2.1
COMP01220,EMP00776,2025-01-06,,97000,New Hire,
COMP01221,EMP00777,2025-06-21,,128000,New Hire,
COMP01222,EMP00777,2026-06-21,128000.0,134000,Annual Merit Increase,4.9
COMP01223,EMP00778,2026-05-29,,256500,New Hire,
COMP01224,EMP00779,2024-11-04,,58500,New Hire,
COMP01225,EMP00779,2025-11-04,58500.0,61000,Annual Merit Increase,4.6
COMP01226,EMP00780,2024-11-08,,58000,New Hire,
COMP01227,EMP00780,2025-11-08,58000.0,61500,Annual Merit Increase,5.8
COMP01228,EMP00781,2025-12-17,,62500,New Hire,
COMP01229,EMP00782,2025-03-30,,97000,New Hire,
COMP01230,EMP00782,2026-03-30,97000.0,99500,Annual Merit Increase,2.4
COMP01231,EMP00783,2024-06-09,,197000,New Hire,
COMP01232,EMP00784,2025-03-01,,65000,New Hire,
COMP01233,EMP00784,2026-03-01,65000.0,69000,Annual Merit Increase,5.9
COMP01234,EMP00785,2024-01-24,,97500,New Hire,
COMP01235,EMP00785,2025-01-23,97500.0,102500,Annual Merit Increase,5.0
COMP01236,EMP00786,2024-03-20,,102500,New Hire,
COMP01237,EMP00786,2025-03-20,102500.0,105000,Annual Merit Increase,2.4
COMP01238,EMP00786,2026-04-03,105000.0,110500,Annual Merit Increase,5.3
COMP01239,EMP00787,2025-05-25,,64000,New Hire,
COMP01240,EMP00788,2025-02-14,,118000,New Hire,
COMP01241,EMP00788,2026-02-14,118000.0,122500,Annual Merit Increase,3.6
COMP01242,EMP00789,2026-05-11,,99000,New Hire,
COMP01243,EMP00790,2024-12-21,,93500,New Hire,
COMP01244,EMP00791,2025-07-03,,127500,New Hire,
COMP01245,EMP00791,2026-07-03,127500.0,132000,Annual Merit Increase,3.4
COMP01246,EMP00792,2025-09-09,,153000,New Hire,
COMP01247,EMP00793,2022-10-27,,71000,New Hire,
COMP01248,EMP00793,2023-10-27,71000.0,73000,Annual Merit Increase,2.6
COMP01249,EMP00793,2024-12-15,73000.0,74500,Annual Merit Increase,2.1
COMP01250,EMP00793,2025-12-24,74500.0,77500,Annual Merit Increase,4.2
COMP01251,EMP00794,2025-10-14,,242000,New Hire,
COMP01252,EMP00795,2024-03-30,,153500,New Hire,
COMP01253,EMP00795,2025-03-30,153500.0,160000,Annual Merit Increase,4.2
COMP01254,EMP00795,2026-03-02,160000.0,165500,Annual Merit Increase,3.5
COMP01255,EMP00796,2026-07-09,,157000,New Hire,
COMP01256,EMP00797,2024-01-04,,57000,New Hire,
COMP01257,EMP00797,2025-01-03,57000.0,59500,Annual Merit Increase,4.5
COMP01258,EMP00797,2026-01-12,59500.0,62000,Annual Merit Increase,3.9
COMP01259,EMP00798,2025-02-27,,73000,New Hire,
COMP01260,EMP00798,2026-02-27,73000.0,76000,Annual Merit Increase,4.0
COMP01261,EMP00799,2023-07-04,,84500,New Hire,
COMP01262,EMP00799,2024-07-03,84500.0,87000,Annual Merit Increase,3.1
COMP01263,EMP00799,2025-09-18,87000.0,89500,Annual Merit Increase,2.7
COMP01264,EMP00800,2026-07-08,,68500,New Hire,
COMP01265,EMP00801,2025-05-02,,106000,New Hire,
COMP01266,EMP00801,2026-05-02,106000.0,112500,Annual Merit Increase,6.0
COMP01267,EMP00802,2025-08-09,,205000,New Hire,
COMP01268,EMP00803,2023-05-29,,68000,New Hire,
COMP01269,EMP00803,2024-05-28,68000.0,69500,Annual Merit Increase,2.1
COMP01270,EMP00804,2026-01-14,,96000,New Hire,
COMP01271,EMP00805,2024-05-22,,116000,New Hire,
COMP01272,EMP00805,2025-05-22,116000.0,121000,Annual Merit Increase,4.1
COMP01273,EMP00806,2026-05-09,,70000,New Hire,
COMP01274,EMP00807,2024-04-24,,133000,New Hire,
COMP01275,EMP00807,2025-04-24,133000.0,138500,Annual Merit Increase,4.1
COMP01276,EMP00808,2024-04-23,,146000,New Hire,
COMP01277,EMP00808,2025-04-23,146000.0,152500,Annual Merit Increase,4.5
COMP01278,EMP00808,2026-06-14,152500.0,159000,Annual Merit Increase,4.3
COMP01279,EMP00809,2023-01-16,,202500,New Hire,
COMP01280,EMP00809,2024-01-16,202500.0,235000,Promotion,15.9
COMP01281,EMP00809,2025-03-07,235000.0,244000,Annual Merit Increase,3.8
COMP01282,EMP00809,2026-06-10,244000.0,256500,Annual Merit Increase,5.2
COMP01283,EMP00810,2025-04-29,,283500,New Hire,
COMP01284,EMP00810,2026-04-29,283500.0,298000,Annual Merit Increase,5.1
COMP01285,EMP00811,2025-07-30,,103500,New Hire,
COMP01286,EMP00812,2023-05-17,,75500,New Hire,
COMP01287,EMP00812,2024-05-16,75500.0,77500,Annual Merit Increase,2.9
COMP01288,EMP00812,2025-03-12,77500.0,79500,Annual Merit Increase,2.4
COMP01289,EMP00812,2026-04-06,79500.0,81000,Annual Merit Increase,2.1
COMP01290,EMP00813,2026-01-16,,183500,New Hire,
COMP01291,EMP00814,2025-03-30,,178500,New Hire,
COMP01292,EMP00814,2026-03-30,178500.0,187500,Annual Merit Increase,5.1
COMP01293,EMP00815,2025-06-12,,107500,New Hire,
COMP01294,EMP00815,2026-06-12,107500.0,109500,Annual Merit Increase,2.0
COMP01295,EMP00816,2025-03-03,,201500,New Hire,
COMP01296,EMP00816,2026-03-03,201500.0,212000,Annual Merit Increase,5.3
COMP01297,EMP00817,2025-01-11,,87000,New Hire,
COMP01298,EMP00817,2026-01-11,87000.0,89500,Annual Merit Increase,2.9
COMP01299,EMP00818,2025-07-14,,216500,New Hire,
COMP01300,EMP00818,2026-07-14,216500.0,221000,Annual Merit Increase,2.0
COMP01301,EMP00819,2024-02-18,,67500,New Hire,
COMP01302,EMP00820,2024-03-21,,125500,New Hire,
COMP01303,EMP00820,2025-03-21,125500.0,132500,Annual Merit Increase,5.7
COMP01304,EMP00821,2026-04-21,,203000,New Hire,
COMP01305,EMP00822,2026-06-05,,327000,New Hire,
COMP01306,EMP00823,2024-12-16,,80000,New Hire,
COMP01307,EMP00824,2024-08-20,,97000,New Hire,
COMP01308,EMP00824,2025-08-20,97000.0,100500,Annual Merit Increase,3.6
COMP01309,EMP00825,2025-10-05,,248500,New Hire,
COMP01310,EMP00826,2025-02-03,,163000,New Hire,
COMP01311,EMP00826,2026-02-03,163000.0,169000,Annual Merit Increase,3.8
COMP01312,EMP00827,2022-12-12,,146000,New Hire,
COMP01313,EMP00827,2023-12-12,146000.0,153500,Annual Merit Increase,5.0
COMP01314,EMP00827,2024-10-04,153500.0,160500,Annual Merit Increase,4.7
COMP01315,EMP00827,2025-10-22,160500.0,167500,Annual Merit Increase,4.3
COMP01316,EMP00828,2024-02-01,,125000,New Hire,
COMP01317,EMP00829,2025-12-21,,162000,New Hire,
COMP01318,EMP00830,2025-10-29,,94000,New Hire,
COMP01319,EMP00831,2022-12-09,,105000,New Hire,
COMP01320,EMP00832,2024-05-29,,112500,New Hire,
COMP01321,EMP00832,2025-05-29,112500.0,119000,Annual Merit Increase,5.7
COMP01322,EMP00833,2024-06-09,,79500,New Hire,
COMP01323,EMP00834,2025-10-04,,75000,New Hire,
COMP01324,EMP00835,2022-11-03,,57500,New Hire,
COMP01325,EMP00836,2023-10-17,,60000,New Hire,
COMP01326,EMP00837,2026-02-02,,173500,New Hire,
COMP01327,EMP00838,2024-03-24,,72500,New Hire,
COMP01328,EMP00839,2025-10-01,,157500,New Hire,
COMP01329,EMP00840,2024-06-08,,83000,New Hire,
COMP01330,EMP00841,2023-09-13,,105000,New Hire,
COMP01331,EMP00842,2024-06-23,,102500,New Hire,
COMP01332,EMP00842,2025-06-23,102500.0,104500,Annual Merit Increase,2.1
COMP01333,EMP00842,2026-06-06,104500.0,109500,Annual Merit Increase,4.7
COMP01334,EMP00843,2025-12-15,,147000,New Hire,
COMP01335,EMP00844,2026-04-08,,141500,New Hire,
COMP01336,EMP00845,2026-03-12,,189000,New Hire,
COMP01337,EMP00846,2025-01-22,,128500,New Hire,
COMP01338,EMP00847,2025-10-12,,120500,New Hire,
COMP01339,EMP00848,2024-04-14,,164000,New Hire,
COMP01340,EMP00849,2024-09-15,,202500,New Hire,
COMP01341,EMP00849,2025-09-15,202500.0,208000,Annual Merit Increase,2.8
COMP01342,EMP00850,2026-05-15,,157000,New Hire,
COMP01343,EMP00851,2022-10-09,,78000,New Hire,
COMP01344,EMP00851,2023-10-09,78000.0,82500,Annual Merit Increase,5.6
COMP01345,EMP00852,2023-08-19,,125000,New Hire,
COMP01346,EMP00852,2024-08-18,125000.0,132000,Annual Merit Increase,5.4
COMP01347,EMP00852,2025-09-11,132000.0,140000,Annual Merit Increase,5.9
COMP01348,EMP00853,2024-05-26,,132000,New Hire,
COMP01349,EMP00853,2025-05-26,132000.0,139500,Annual Merit Increase,5.5
COMP01350,EMP00854,2022-12-20,,169000,New Hire,
COMP01351,EMP00854,2023-12-20,169000.0,173000,Annual Merit Increase,2.3
COMP01352,EMP00854,2024-12-21,173000.0,182000,Annual Merit Increase,5.3
COMP01353,EMP00854,2025-11-03,182000.0,203500,Promotion,11.8
COMP01354,EMP00855,2024-03-29,,88000,New Hire,
COMP01355,EMP00855,2025-03-29,88000.0,93000,Annual Merit Increase,5.9
COMP01356,EMP00855,2026-01-27,93000.0,96500,Annual Merit Increase,3.6
COMP01357,EMP00856,2025-07-22,,131500,New Hire,
COMP01358,EMP00856,2026-07-22,131500.0,139500,Annual Merit Increase,6.0
COMP01359,EMP00857,2025-02-08,,241000,New Hire,
COMP01360,EMP00857,2026-02-08,241000.0,246000,Annual Merit Increase,2.0
COMP01361,EMP00858,2026-05-21,,81000,New Hire,
COMP01362,EMP00859,2026-03-19,,158500,New Hire,
COMP01363,EMP00860,2024-11-06,,75500,New Hire,
COMP01364,EMP00860,2025-11-06,75500.0,80000,Annual Merit Increase,6.0
COMP01365,EMP00861,2024-07-20,,64500,New Hire,
COMP01366,EMP00861,2025-07-20,64500.0,73500,Promotion,13.8
COMP01367,EMP00861,2026-07-19,73500.0,76500,Annual Merit Increase,4.3
COMP01368,EMP00862,2024-12-25,,64500,New Hire,
COMP01369,EMP00862,2025-12-25,64500.0,68000,Annual Merit Increase,5.3
COMP01370,EMP00863,2025-08-29,,65000,New Hire,
COMP01371,EMP00864,2024-08-19,,152000,New Hire,
COMP01372,EMP00864,2025-08-19,152000.0,158500,Annual Merit Increase,4.2
COMP01373,EMP00864,2026-06-26,158500.0,163500,Annual Merit Increase,3.2
COMP01374,EMP00865,2025-09-04,,71500,New Hire,
COMP01375,EMP00866,2025-02-23,,76000,New Hire,
COMP01376,EMP00866,2026-02-23,76000.0,77500,Annual Merit Increase,2.1
COMP01377,EMP00867,2025-06-07,,81000,New Hire,
COMP01378,EMP00867,2026-06-07,81000.0,84000,Annual Merit Increase,3.9
COMP01379,EMP00868,2025-03-28,,94500,New Hire,
COMP01380,EMP00868,2026-03-28,94500.0,99000,Annual Merit Increase,4.8
COMP01381,EMP00869,2024-09-28,,59000,New Hire,
COMP01382,EMP00869,2025-09-28,59000.0,60000,Annual Merit Increase,2.0
COMP01383,EMP00870,2026-06-04,,133000,New Hire,
COMP01384,EMP00871,2026-01-22,,57000,New Hire,
COMP01385,EMP00872,2024-01-12,,158000,New Hire,
COMP01386,EMP00872,2025-01-11,158000.0,166000,Annual Merit Increase,5.0
COMP01387,EMP00873,2026-04-13,,157500,New Hire,
COMP01388,EMP00874,2025-05-03,,65000,New Hire,
COMP01389,EMP00874,2026-05-03,65000.0,68500,Annual Merit Increase,5.3
COMP01390,EMP00875,2026-05-22,,204000,New Hire,
COMP01391,EMP00876,2026-02-12,,85500,New Hire,
COMP01392,EMP00877,2025-02-02,,98500,New Hire,
COMP01393,EMP00877,2026-02-02,98500.0,103000,Annual Merit Increase,4.7
COMP01394,EMP00878,2022-11-24,,81500,New Hire,
COMP01395,EMP00878,2023-11-24,81500.0,93500,Promotion,14.5
COMP01396,EMP00878,2025-01-19,93500.0,95500,Annual Merit Increase,2.2
COMP01397,EMP00878,2026-04-26,95500.0,99000,Annual Merit Increase,3.9
COMP01398,EMP00879,2024-08-02,,97500,New Hire,
COMP01399,EMP00879,2025-08-02,97500.0,101500,Annual Merit Increase,4.3
COMP01400,EMP00880,2025-06-27,,80000,New Hire,
COMP01401,EMP00881,2025-09-23,,181000,New Hire,
COMP01402,EMP00882,2024-07-09,,90000,New Hire,
COMP01403,EMP00883,2024-01-01,,140500,New Hire,
COMP01404,EMP00883,2024-12-31,140500.0,143500,Annual Merit Increase,2.2
COMP01405,EMP00883,2026-02-28,143500.0,150000,Annual Merit Increase,4.7
COMP01406,EMP00884,2026-03-08,,80000,New Hire,
COMP01407,EMP00885,2026-07-23,,176000,New Hire,
COMP01408,EMP00886,2025-06-06,,124000,New Hire,
COMP01409,EMP00886,2026-06-06,124000.0,129500,Annual Merit Increase,4.3
COMP01410,EMP00887,2024-03-06,,60000,New Hire,
COMP01411,EMP00888,2024-08-22,,67000,New Hire,
COMP01412,EMP00888,2025-08-22,67000.0,70000,Annual Merit Increase,4.4
COMP01413,EMP00888,2026-06-18,70000.0,79000,Promotion,12.8
COMP01414,EMP00889,2022-11-25,,92500,New Hire,
COMP01415,EMP00890,2026-05-18,,118500,New Hire,
COMP01416,EMP00891,2023-12-17,,164500,New Hire,
COMP01417,EMP00891,2024-12-16,164500.0,171000,Annual Merit Increase,3.8
COMP01418,EMP00891,2026-02-11,171000.0,176000,Annual Merit Increase,2.9
COMP01419,EMP00892,2025-07-29,,80500,New Hire,
COMP01420,EMP00893,2024-08-12,,128500,New Hire,
COMP01421,EMP00894,2025-07-06,,125000,New Hire,
COMP01422,EMP00894,2026-07-06,125000.0,129500,Annual Merit Increase,3.8
COMP01423,EMP00895,2025-10-26,,113500,New Hire,
COMP01424,EMP00896,2026-03-27,,96500,New Hire,
COMP01425,EMP00897,2024-05-08,,109000,New Hire,
COMP01426,EMP00897,2025-05-08,109000.0,114500,Annual Merit Increase,4.9
COMP01427,EMP00897,2026-03-07,114500.0,117000,Annual Merit Increase,2.1
COMP01428,EMP00898,2022-10-19,,155000,New Hire,
COMP01429,EMP00898,2023-10-19,155000.0,179500,Promotion,15.8
COMP01430,EMP00898,2024-09-14,179500.0,189000,Annual Merit Increase,5.4
COMP01431,EMP00898,2025-12-01,189000.0,199500,Annual Merit Increase,5.6
COMP01432,EMP00899,2024-01-28,,117000,New Hire,
COMP01433,EMP00899,2025-01-27,117000.0,122000,Annual Merit Increase,4.5
COMP01434,EMP00900,2026-05-10,,85000,New Hire,
COMP01435,EMP00901,2026-04-01,,60500,New Hire,
COMP01436,EMP00902,2025-08-25,,114500,New Hire,
COMP01437,EMP00903,2025-08-29,,93000,New Hire,
COMP01438,EMP00904,2025-10-13,,130000,New Hire,
COMP01439,EMP00905,2024-03-17,,82000,New Hire,
COMP01440,EMP00906,2026-05-03,,107000,New Hire,
COMP01441,EMP00907,2025-02-08,,113500,New Hire,
COMP01442,EMP00907,2026-02-08,113500.0,118000,Annual Merit Increase,4.0
COMP01443,EMP00908,2024-12-14,,67500,New Hire,
COMP01444,EMP00908,2025-12-14,67500.0,70500,Annual Merit Increase,4.5
COMP01445,EMP00909,2025-06-03,,102500,New Hire,
COMP01446,EMP00909,2026-06-03,102500.0,108500,Annual Merit Increase,5.9
COMP01447,EMP00910,2023-02-16,,166000,New Hire,
COMP01448,EMP00910,2024-02-16,166000.0,190000,Promotion,14.4
COMP01449,EMP00910,2025-04-30,190000.0,199000,Annual Merit Increase,4.8
COMP01450,EMP00910,2026-05-10,199000.0,205500,Annual Merit Increase,3.2
COMP01451,EMP00911,2024-02-13,,67000,New Hire,
COMP01452,EMP00912,2025-12-20,,164000,New Hire,
COMP01453,EMP00913,2023-07-24,,57500,New Hire,
COMP01454,EMP00914,2025-08-17,,60000,New Hire,
COMP01455,EMP00915,2024-07-13,,74500,New Hire,
COMP01456,EMP00915,2025-07-13,74500.0,77000,Annual Merit Increase,3.3
COMP01457,EMP00916,2025-01-29,,69500,New Hire,
COMP01458,EMP00917,2024-09-06,,115500,New Hire,
COMP01459,EMP00917,2025-09-06,115500.0,128500,Promotion,11.1
COMP01460,EMP00918,2024-11-17,,85000,New Hire,
COMP01461,EMP00918,2025-11-17,85000.0,87000,Annual Merit Increase,2.4
COMP01462,EMP00919,2025-12-14,,137500,New Hire,
COMP01463,EMP00920,2024-09-17,,57500,New Hire,
COMP01464,EMP00920,2025-09-17,57500.0,61000,Annual Merit Increase,5.8
COMP01465,EMP00921,2025-07-30,,365500,New Hire,
COMP01466,EMP00922,2025-04-08,,54000,New Hire,
COMP01467,EMP00922,2026-04-08,54000.0,56000,Annual Merit Increase,3.7
COMP01468,EMP00923,2025-10-11,,173500,New Hire,
COMP01469,EMP00924,2026-06-20,,129500,New Hire,
COMP01470,EMP00925,2025-12-28,,65000,New Hire,
COMP01471,EMP00926,2024-05-01,,173500,New Hire,
COMP01472,EMP00926,2025-05-01,173500.0,181500,Annual Merit Increase,4.7
COMP01473,EMP00926,2026-04-15,181500.0,189500,Annual Merit Increase,4.3
COMP01474,EMP00927,2022-12-26,,89000,New Hire,
COMP01475,EMP00928,2024-07-07,,167000,New Hire,
COMP01476,EMP00928,2025-07-07,167000.0,176000,Annual Merit Increase,5.4
COMP01477,EMP00929,2025-08-21,,150500,New Hire,
COMP01478,EMP00930,2023-03-21,,124500,New Hire,
COMP01479,EMP00930,2024-03-20,124500.0,128000,Annual Merit Increase,2.6
COMP01480,EMP00930,2025-05-04,128000.0,135000,Annual Merit Increase,5.6
COMP01481,EMP00930,2026-04-11,135000.0,148500,Promotion,10.0
COMP01482,EMP00931,2025-05-17,,158500,New Hire,
COMP01483,EMP00931,2026-05-17,158500.0,167500,Annual Merit Increase,5.7
COMP01484,EMP00932,2025-08-30,,83000,New Hire,
COMP01485,EMP00933,2024-11-10,,67000,New Hire,
COMP01486,EMP00933,2025-11-10,67000.0,69000,Annual Merit Increase,3.3
COMP01487,EMP00934,2026-01-11,,158500,New Hire,
COMP01488,EMP00935,2023-10-22,,86000,New Hire,
COMP01489,EMP00935,2024-10-21,86000.0,90000,Annual Merit Increase,4.4
COMP01490,EMP00935,2025-12-13,90000.0,94500,Annual Merit Increase,4.9
COMP01491,EMP00936,2023-06-09,,74000,New Hire,
COMP01492,EMP00937,2025-12-09,,76000,New Hire,
COMP01493,EMP00938,2025-05-24,,94000,New Hire,
COMP01494,EMP00939,2025-11-05,,240500,New Hire,
COMP01495,EMP00940,2025-02-17,,85500,New Hire,
COMP01496,EMP00941,2024-07-09,,104500,New Hire,
COMP01497,EMP00941,2025-07-09,104500.0,110000,Annual Merit Increase,5.1
COMP01498,EMP00941,2026-06-07,110000.0,116000,Annual Merit Increase,5.5
COMP01499,EMP00942,2026-03-17,,118500,New Hire,
COMP01500,EMP00943,2026-02-24,,152500,New Hire,
COMP01501,EMP00944,2025-11-21,,85000,New Hire,
COMP01502,EMP00945,2024-08-19,,106500,New Hire,
COMP01503,EMP00946,2025-08-27,,210500,New Hire,
COMP01504,EMP00947,2024-12-07,,157000,New Hire,
COMP01505,EMP00947,2025-12-07,157000.0,165500,Annual Merit Increase,5.4
COMP01506,EMP00948,2023-08-23,,67500,New Hire,
COMP01507,EMP00949,2026-05-09,,64500,New Hire,
COMP01508,EMP00950,2024-01-07,,112500,New Hire,
COMP01509,EMP00950,2025-01-06,112500.0,117000,Annual Merit Increase,3.9
COMP01510,EMP00950,2026-04-09,117000.0,123000,Annual Merit Increase,5.3
COMP01511,EMP00951,2026-06-13,,121500,New Hire,
COMP01512,EMP00952,2025-03-11,,121500,New Hire,
COMP01513,EMP00953,2024-04-14,,168000,New Hire,
COMP01514,EMP00953,2025-04-14,168000.0,174000,Annual Merit Increase,3.5
COMP01515,EMP00953,2026-04-18,174000.0,190000,Promotion,9.2
COMP01516,EMP00954,2025-06-19,,76000,New Hire,
COMP01517,EMP00954,2026-06-19,76000.0,77500,Annual Merit Increase,2.2
COMP01518,EMP00955,2026-04-11,,131000,New Hire,
COMP01519,EMP00956,2025-12-13,,95500,New Hire,
COMP01520,EMP00957,2026-02-14,,193000,New Hire,
COMP01521,EMP00958,2025-10-13,,103500,New Hire,
COMP01522,EMP00959,2025-11-01,,80000,New Hire,
COMP01523,EMP00960,2026-04-08,,87500,New Hire,
COMP01524,EMP00961,2024-07-12,,64000,New Hire,
COMP01525,EMP00962,2025-05-19,,128500,New Hire,
COMP01526,EMP00962,2026-05-19,128500.0,135000,Annual Merit Increase,5.2
COMP01527,EMP00963,2024-05-12,,178500,New Hire,
COMP01528,EMP00964,2026-07-08,,89500,New Hire,
COMP01529,EMP00965,2026-06-08,,86000,New Hire,
COMP01530,EMP00966,2023-01-29,,82500,New Hire,
COMP01531,EMP00966,2024-01-29,82500.0,85000,Annual Merit Increase,3.3
COMP01532,EMP00966,2025-03-01,85000.0,89500,Annual Merit Increase,5.1
COMP01533,EMP00966,2026-04-01,89500.0,94000,Annual Merit Increase,5.0
COMP01534,EMP00967,2025-11-21,,150000,New Hire,
COMP01535,EMP00968,2026-06-13,,90000,New Hire,
COMP01536,EMP00969,2024-03-12,,73500,New Hire,
COMP01537,EMP00969,2025-03-12,73500.0,77000,Annual Merit Increase,5.1
COMP01538,EMP00970,2025-07-29,,103500,New Hire,
COMP01539,EMP00971,2026-05-16,,83500,New Hire,
COMP01540,EMP00972,2023-01-01,,166500,New Hire,
COMP01541,EMP00972,2024-01-01,166500.0,173000,Annual Merit Increase,3.9
COMP01542,EMP00972,2024-10-27,173000.0,178000,Annual Merit Increase,3.0
COMP01543,EMP00972,2025-08-27,178000.0,182500,Annual Merit Increase,2.5
COMP01544,EMP00972,2026-07-06,182500.0,192500,Annual Merit Increase,5.5
COMP01545,EMP00973,2025-11-13,,69000,New Hire,
COMP01546,EMP00974,2024-09-26,,141500,New Hire,
COMP01547,EMP00974,2025-09-26,141500.0,146500,Annual Merit Increase,3.5
COMP01548,EMP00975,2026-06-07,,309500,New Hire,
COMP01549,EMP00976,2026-07-26,,96500,New Hire,
COMP01550,EMP00977,2026-06-05,,148500,New Hire,
COMP01551,EMP00978,2025-04-08,,369000,New Hire,
COMP01552,EMP00978,2026-04-08,369000.0,378500,Annual Merit Increase,2.6
COMP01553,EMP00979,2026-04-25,,185500,New Hire,
COMP01554,EMP00980,2026-03-27,,89000,New Hire,
COMP01555,EMP00981,2024-10-14,,90000,New Hire,
COMP01556,EMP00982,2026-03-23,,150000,New Hire,
COMP01557,EMP00983,2023-01-30,,85500,New Hire,
COMP01558,EMP00983,2024-01-30,85500.0,88500,Annual Merit Increase,3.6
COMP01559,EMP00983,2025-03-18,88500.0,93000,Annual Merit Increase,5.0
COMP01560,EMP00983,2026-01-16,93000.0,97500,Annual Merit Increase,5.1
COMP01561,EMP00984,2025-08-13,,73500,New Hire,
COMP01562,EMP00985,2024-06-15,,137500,New Hire,
COMP01563,EMP00985,2025-06-15,137500.0,140500,Annual Merit Increase,2.0
COMP01564,EMP00985,2026-05-11,140500.0,145500,Annual Merit Increase,3.6
COMP01565,EMP00986,2023-12-23,,139500,New Hire,
COMP01566,EMP00987,2023-06-17,,242500,New Hire,
COMP01567,EMP00987,2024-06-16,242500.0,252000,Annual Merit Increase,4.0
COMP01568,EMP00987,2025-04-07,252000.0,259500,Annual Merit Increase,2.9
COMP01569,EMP00988,2025-11-15,,211000,New Hire,
COMP01570,EMP00989,2024-11-20,,167500,New Hire,
COMP01571,EMP00989,2025-11-20,167500.0,174500,Annual Merit Increase,4.1
COMP01572,EMP00990,2025-12-18,,69500,New Hire,
COMP01573,EMP00991,2023-05-18,,70000,New Hire,
COMP01574,EMP00991,2024-05-17,70000.0,72500,Annual Merit Increase,3.4
COMP01575,EMP00991,2025-05-17,72500.0,74500,Annual Merit Increase,2.8
COMP01576,EMP00991,2026-06-22,74500.0,78000,Annual Merit Increase,5.0
COMP01577,EMP00992,2024-10-02,,111000,New Hire,
COMP01578,EMP00993,2025-06-04,,135000,New Hire,
COMP01579,EMP00993,2026-06-04,135000.0,142000,Annual Merit Increase,5.1
COMP01580,EMP00994,2026-02-01,,98500,New Hire,
COMP01581,EMP00995,2024-10-04,,107500,New Hire,
COMP01582,EMP00995,2025-10-04,107500.0,114000,Annual Merit Increase,5.9
COMP01583,EMP00996,2025-09-18,,107000,New Hire,
COMP01584,EMP00997,2026-05-05,,107000,New Hire,
COMP01585,EMP00998,2025-09-19,,51000,New Hire,
COMP01586,EMP00999,2024-06-15,,74500,New Hire,
COMP01587,EMP01000,2022-11-28,,93500,New Hire,
COMP01588,EMP01001,2026-04-08,,160000,New Hire,
COMP01589,EMP01002,2022-11-20,,64500,New Hire,
COMP01590,EMP01003,2026-04-17,,121000,New Hire,
COMP01591,EMP01004,2025-06-01,,149500,New Hire,
COMP01592,EMP01004,2026-06-01,149500.0,157500,Annual Merit Increase,5.2
COMP01593,EMP01005,2026-06-12,,90000,New Hire,
COMP01594,EMP01006,2026-02-26,,69500,New Hire,
COMP01595,EMP01007,2026-07-19,,111000,New Hire,
COMP01596,EMP01008,2024-11-15,,118000,New Hire,
COMP01597,EMP01009,2026-01-09,,182000,New Hire,
COMP01598,EMP01010,2025-01-07,,68000,New Hire,
COMP01599,EMP01011,2025-04-02,,120000,New Hire,
COMP01600,EMP01011,2026-04-02,120000.0,125000,Annual Merit Increase,4.3
COMP01601,EMP01012,2025-09-29,,65000,New Hire,
COMP01602,EMP01013,2026-04-09,,79000,New Hire,
COMP01603,EMP01014,2026-07-10,,129500,New Hire,
COMP01604,EMP01015,2026-01-02,,107500,New Hire,
COMP01605,EMP01016,2025-02-19,,90000,New Hire,
COMP01606,EMP01016,2026-02-19,90000.0,93500,Annual Merit Increase,4.0
COMP01607,EMP01017,2025-02-11,,79000,New Hire,
COMP01608,EMP01017,2026-02-11,79000.0,82000,Annual Merit Increase,3.5
COMP01609,EMP01018,2025-12-13,,79500,New Hire,
COMP01610,EMP01019,2024-06-10,,132500,New Hire,
COMP01611,EMP01019,2025-06-10,132500.0,136000,Annual Merit Increase,2.8
COMP01612,EMP01020,2023-11-14,,92500,New Hire,
COMP01613,EMP01020,2024-11-13,92500.0,94500,Annual Merit Increase,2.3
COMP01614,EMP01020,2026-01-07,94500.0,98500,Annual Merit Increase,4.2
COMP01615,EMP01021,2024-11-18,,164500,New Hire,
COMP01616,EMP01021,2025-11-18,164500.0,171500,Annual Merit Increase,4.3
COMP01617,EMP01022,2024-09-19,,136000,New Hire,
COMP01618,EMP01022,2025-09-19,136000.0,140500,Annual Merit Increase,3.2
COMP01619,EMP01022,2026-07-15,140500.0,144000,Annual Merit Increase,2.6
COMP01620,EMP01023,2024-09-22,,96500,New Hire,
COMP01621,EMP01024,2024-06-09,,68000,New Hire,
COMP01622,EMP01025,2023-02-25,,113500,New Hire,
COMP01623,EMP01025,2024-02-25,113500.0,118500,Annual Merit Increase,4.3
COMP01624,EMP01026,2022-11-07,,225000,New Hire,
COMP01625,EMP01027,2026-07-03,,103500,New Hire,
COMP01626,EMP01028,2025-02-20,,169000,New Hire,
COMP01627,EMP01029,2024-12-06,,87000,New Hire,
COMP01628,EMP01029,2025-12-06,87000.0,89500,Annual Merit Increase,2.9
COMP01629,EMP01030,2025-11-27,,152000,New Hire,
COMP01630,EMP01031,2024-05-21,,63000,New Hire,
COMP01631,EMP01032,2026-06-02,,153500,New Hire,
COMP01632,EMP01033,2026-02-06,,77500,New Hire,
COMP01633,EMP01034,2023-08-03,,91000,New Hire,
COMP01634,EMP01034,2024-08-02,91000.0,96000,Annual Merit Increase,5.7
COMP01635,EMP01034,2025-07-01,96000.0,101000,Annual Merit Increase,5.0
COMP01636,EMP01034,2026-05-01,101000.0,105500,Annual Merit Increase,4.5
COMP01637,EMP01035,2025-02-16,,102500,New Hire,
COMP01638,EMP01035,2026-02-16,102500.0,108500,Annual Merit Increase,5.7
COMP01639,EMP01036,2026-04-08,,84000,New Hire,
COMP01640,EMP01037,2026-06-02,,323000,New Hire,
COMP01641,EMP01038,2025-04-17,,103500,New Hire,
COMP01642,EMP01038,2026-04-17,103500.0,107500,Annual Merit Increase,4.1
COMP01643,EMP01039,2025-08-09,,60500,New Hire,
COMP01644,EMP01040,2024-02-12,,115500,New Hire,
COMP01645,EMP01040,2025-02-11,115500.0,122000,Annual Merit Increase,5.8
COMP01646,EMP01040,2026-01-27,122000.0,128000,Annual Merit Increase,4.9
COMP01647,EMP01041,2026-07-03,,93000,New Hire,
COMP01648,EMP01042,2024-06-11,,130500,New Hire,
COMP01649,EMP01042,2025-06-11,130500.0,135500,Annual Merit Increase,3.8
COMP01650,EMP01043,2026-06-01,,145000,New Hire,
COMP01651,EMP01044,2025-10-23,,87000,New Hire,
COMP01652,EMP01045,2025-08-13,,185500,New Hire,
COMP01653,EMP01046,2025-05-15,,76500,New Hire,
COMP01654,EMP01046,2026-05-15,76500.0,80000,Annual Merit Increase,4.7
COMP01655,EMP01047,2024-06-26,,55500,New Hire,
COMP01656,EMP01047,2025-06-26,55500.0,58500,Annual Merit Increase,5.0
COMP01657,EMP01048,2024-03-05,,144000,New Hire,
COMP01658,EMP01048,2025-03-05,144000.0,149000,Annual Merit Increase,3.5
COMP01659,EMP01048,2026-01-27,149000.0,153500,Annual Merit Increase,3.1
COMP01660,EMP01049,2024-05-21,,113000,New Hire,
COMP01661,EMP01049,2025-05-21,113000.0,115500,Annual Merit Increase,2.2
COMP01662,EMP01049,2026-04-20,115500.0,122000,Annual Merit Increase,5.8
COMP01663,EMP01050,2024-04-17,,85500,New Hire,
COMP01664,EMP01050,2025-04-17,85500.0,90500,Annual Merit Increase,5.6
COMP01665,EMP01051,2026-02-25,,150500,New Hire,
COMP01666,EMP01052,2024-11-23,,67500,New Hire,
COMP01667,EMP01053,2023-03-24,,84500,New Hire,
COMP01668,EMP01053,2024-03-23,84500.0,86500,Annual Merit Increase,2.6
COMP01669,EMP01054,2026-07-25,,146000,New Hire,
COMP01670,EMP01055,2026-05-06,,72000,New Hire,
COMP01671,EMP01056,2026-06-28,,124500,New Hire,
COMP01672,EMP01057,2026-07-21,,166500,New Hire,
COMP01673,EMP01058,2024-03-22,,179500,New Hire,
COMP01674,EMP01059,2025-01-11,,108500,New Hire,
COMP01675,EMP01059,2026-01-11,108500.0,113500,Annual Merit Increase,4.8
COMP01676,EMP01060,2026-01-18,,69500,New Hire,
COMP01677,EMP01061,2025-11-04,,137000,New Hire,
COMP01678,EMP01062,2024-02-03,,236500,New Hire,
COMP01679,EMP01062,2025-02-02,236500.0,260000,Promotion,10.0
COMP01680,EMP01062,2026-01-22,260000.0,272500,Annual Merit Increase,4.8
COMP01681,EMP01063,2026-03-13,,173500,New Hire,
COMP01682,EMP01064,2024-06-23,,66000,New Hire,
COMP01683,EMP01064,2025-06-23,66000.0,68500,Annual Merit Increase,4.0
COMP01684,EMP01065,2024-06-09,,95500,New Hire,
COMP01685,EMP01066,2025-06-21,,105000,New Hire,
COMP01686,EMP01066,2026-06-21,105000.0,110500,Annual Merit Increase,5.1
COMP01687,EMP01067,2025-08-06,,193000,New Hire,
COMP01688,EMP01068,2025-07-26,,142000,New Hire,
COMP01689,EMP01068,2026-07-26,142000.0,146000,Annual Merit Increase,2.9
COMP01690,EMP01069,2023-08-30,,154500,New Hire,
COMP01691,EMP01069,2024-08-29,154500.0,159000,Annual Merit Increase,3.0
COMP01692,EMP01070,2026-04-28,,307500,New Hire,
COMP01693,EMP01071,2024-08-12,,58500,New Hire,
COMP01694,EMP01071,2025-08-12,58500.0,61000,Annual Merit Increase,4.6
COMP01695,EMP01072,2023-12-02,,97000,New Hire,
COMP01696,EMP01072,2024-12-01,97000.0,101500,Annual Merit Increase,4.4
COMP01697,EMP01073,2026-05-03,,100500,New Hire,
COMP01698,EMP01074,2026-06-03,,84500,New Hire,
COMP01699,EMP01075,2026-04-28,,62000,New Hire,
COMP01700,EMP01076,2026-03-12,,70500,New Hire,
COMP01701,EMP01077,2025-10-15,,130000,New Hire,
COMP01702,EMP01078,2025-06-09,,158000,New Hire,
COMP01703,EMP01078,2026-06-09,158000.0,167000,Annual Merit Increase,5.7
COMP01704,EMP01079,2023-08-23,,105000,New Hire,
COMP01705,EMP01080,2025-02-08,,120500,New Hire,
COMP01706,EMP01081,2024-12-11,,96500,New Hire,
COMP01707,EMP01081,2025-12-11,96500.0,101500,Annual Merit Increase,5.0
COMP01708,EMP01082,2024-07-16,,158000,New Hire,
COMP01709,EMP01082,2025-07-16,158000.0,165000,Annual Merit Increase,4.6
COMP01710,EMP01083,2025-12-26,,185000,New Hire,
COMP01711,EMP01084,2025-05-27,,135500,New Hire,
COMP01712,EMP01084,2026-05-27,135500.0,142000,Annual Merit Increase,4.7
COMP01713,EMP01085,2023-07-25,,72500,New Hire,
COMP01714,EMP01085,2024-07-24,72500.0,74500,Annual Merit Increase,2.9
COMP01715,EMP01085,2025-05-14,74500.0,81500,Promotion,9.4
COMP01716,EMP01085,2026-05-10,81500.0,84000,Annual Merit Increase,3.2
COMP01717,EMP01086,2024-05-22,,71500,New Hire,
COMP01718,EMP01086,2025-05-22,71500.0,75000,Annual Merit Increase,4.7
COMP01719,EMP01086,2026-06-01,75000.0,76500,Annual Merit Increase,2.3
COMP01720,EMP01087,2025-11-04,,50500,New Hire,
COMP01721,EMP01088,2023-06-28,,101000,New Hire,
COMP01722,EMP01088,2024-06-27,101000.0,106500,Annual Merit Increase,5.4
COMP01723,EMP01088,2025-08-16,106500.0,110500,Annual Merit Increase,3.5
COMP01724,EMP01089,2026-04-01,,166000,New Hire,
COMP01725,EMP01090,2025-05-24,,189000,New Hire,
COMP01726,EMP01090,2026-05-24,189000.0,193500,Annual Merit Increase,2.4
COMP01727,EMP01091,2025-04-07,,94500,New Hire,
COMP01728,EMP01091,2026-04-07,94500.0,98000,Annual Merit Increase,4.0
COMP01729,EMP01092,2025-08-02,,130000,New Hire,
COMP01730,EMP01093,2026-03-24,,206000,New Hire,
COMP01731,EMP01094,2024-11-28,,101500,New Hire,
COMP01732,EMP01094,2025-11-28,101500.0,105000,Annual Merit Increase,3.3
COMP01733,EMP01095,2025-10-05,,106500,New Hire,
COMP01734,EMP01096,2025-07-07,,222500,New Hire,
COMP01735,EMP01096,2026-07-07,222500.0,227500,Annual Merit Increase,2.2
COMP01736,EMP01097,2024-08-04,,111500,New Hire,
COMP01737,EMP01098,2026-04-05,,237000,New Hire,
COMP01738,EMP01099,2026-02-24,,218500,New Hire,
COMP01739,EMP01100,2025-10-01,,151000,New Hire,
COMP01740,EMP01101,2026-04-01,,142000,New Hire,
COMP01741,EMP01102,2026-04-15,,153000,New Hire,
COMP01742,EMP01103,2025-11-20,,140500,New Hire,
COMP01743,EMP01104,2026-03-19,,99000,New Hire,
COMP01744,EMP01105,2025-11-29,,82000,New Hire,
COMP01745,EMP01106,2025-11-10,,98500,New Hire,
COMP01746,EMP01107,2025-09-28,,109500,New Hire,
COMP01747,EMP01108,2026-01-18,,82000,New Hire,
COMP01748,EMP01109,2024-02-28,,57000,New Hire,
COMP01749,EMP01110,2026-04-03,,53500,New Hire,
COMP01750,EMP01111,2026-04-11,,145500,New Hire,
COMP01751,EMP01112,2022-12-15,,217500,New Hire,
COMP01752,EMP01112,2023-12-15,217500.0,222000,Annual Merit Increase,2.0
COMP01753,EMP01112,2024-11-06,222000.0,234500,Annual Merit Increase,5.5
COMP01754,EMP01112,2025-09-20,234500.0,243500,Annual Merit Increase,3.9
COMP01755,EMP01113,2026-03-27,,225500,New Hire,
COMP01756,EMP01114,2023-12-30,,104500,New Hire,
COMP01757,EMP01114,2024-12-29,104500.0,110500,Annual Merit Increase,5.7
COMP01758,EMP01114,2026-03-21,110500.0,114500,Annual Merit Increase,3.6
COMP01759,EMP01115,2024-11-11,,163000,New Hire,
COMP01760,EMP01116,2026-01-17,,123500,New Hire,
COMP01761,EMP01117,2024-02-17,,83000,New Hire,
COMP01762,EMP01117,2025-02-16,83000.0,85000,Annual Merit Increase,2.3
COMP01763,EMP01118,2026-03-06,,133500,New Hire,
COMP01764,EMP01119,2026-03-05,,74500,New Hire,
COMP01765,EMP01120,2025-05-08,,181500,New Hire,
COMP01766,EMP01121,2022-09-02,,81500,New Hire,
COMP01767,EMP01121,2023-09-02,81500.0,86000,Annual Merit Increase,5.7
COMP01768,EMP01121,2024-10-03,86000.0,90000,Annual Merit Increase,4.9
COMP01769,EMP01122,2024-09-16,,103000,New Hire,
COMP01770,EMP01122,2025-09-16,103000.0,107500,Annual Merit Increase,4.2
COMP01771,EMP01123,2025-09-20,,164500,New Hire,
COMP01772,EMP01124,2026-07-24,,108500,New Hire,
COMP01773,EMP01125,2025-09-12,,115000,New Hire,
COMP01774,EMP01126,2024-07-06,,122500,New Hire,
COMP01775,EMP01126,2025-07-06,122500.0,126000,Annual Merit Increase,3.0
COMP01776,EMP01127,2025-09-01,,78000,New Hire,
COMP01777,EMP01128,2025-06-04,,119000,New Hire,
COMP01778,EMP01128,2026-06-04,119000.0,122500,Annual Merit Increase,2.7
COMP01779,EMP01129,2026-02-17,,112000,New Hire,
COMP01780,EMP01130,2023-10-13,,133500,New Hire,
COMP01781,EMP01130,2024-10-12,133500.0,137500,Annual Merit Increase,3.1
COMP01782,EMP01130,2025-08-10,137500.0,141500,Annual Merit Increase,2.8
COMP01783,EMP01130,2026-06-21,141500.0,148500,Annual Merit Increase,4.9
COMP01784,EMP01131,2026-01-18,,119000,New Hire,
COMP01785,EMP01132,2025-06-05,,135500,New Hire,
COMP01786,EMP01133,2026-07-24,,132000,New Hire,
COMP01787,EMP01134,2024-11-24,,145500,New Hire,
COMP01788,EMP01134,2025-11-24,145500.0,151500,Annual Merit Increase,4.3
COMP01789,EMP01135,2025-09-27,,184000,New Hire,
COMP01790,EMP01136,2026-06-03,,155000,New Hire,
COMP01791,EMP01137,2023-10-11,,159500,New Hire,
COMP01792,EMP01137,2024-10-10,159500.0,168000,Annual Merit Increase,5.4
COMP01793,EMP01137,2025-11-23,168000.0,172000,Annual Merit Increase,2.3
COMP01794,EMP01138,2026-06-13,,71000,New Hire,
COMP01795,EMP01139,2025-11-04,,94500,New Hire,
COMP01796,EMP01140,2023-05-26,,210000,New Hire,
COMP01797,EMP01140,2024-05-25,210000.0,219500,Annual Merit Increase,4.5
COMP01798,EMP01140,2025-05-02,219500.0,231000,Annual Merit Increase,5.3
COMP01799,EMP01141,2024-09-27,,102000,New Hire,
COMP01800,EMP01141,2025-09-27,102000.0,105500,Annual Merit Increase,3.6
COMP01801,EMP01142,2025-11-14,,63000,New Hire,
COMP01802,EMP01143,2023-05-22,,171000,New Hire,
COMP01803,EMP01144,2025-07-11,,66500,New Hire,
COMP01804,EMP01145,2024-11-27,,69500,New Hire,
COMP01805,EMP01145,2025-11-27,69500.0,73500,Annual Merit Increase,5.4
COMP01806,EMP01146,2025-09-10,,383000,New Hire,
COMP01807,EMP01147,2023-02-19,,122500,New Hire,
COMP01808,EMP01147,2024-02-19,122500.0,140500,Promotion,14.6
COMP01809,EMP01147,2025-01-01,140500.0,145500,Annual Merit Increase,3.4
COMP01810,EMP01147,2026-01-15,145500.0,153500,Annual Merit Increase,5.6
COMP01811,EMP01148,2026-04-18,,98000,New Hire,
COMP01812,EMP01149,2026-07-06,,291500,New Hire,
COMP01813,EMP01150,2026-07-27,,177000,New Hire,
COMP01814,EMP01151,2026-01-29,,89000,New Hire,
COMP01815,EMP01152,2023-12-15,,108500,New Hire,
COMP01816,EMP01153,2026-01-21,,128500,New Hire,
COMP01817,EMP01154,2022-11-10,,172000,New Hire,
COMP01818,EMP01154,2023-11-10,172000.0,194000,Promotion,12.8
COMP01819,EMP01154,2025-01-14,194000.0,202500,Annual Merit Increase,4.4
COMP01820,EMP01154,2026-01-18,202500.0,208000,Annual Merit Increase,2.6
COMP01821,EMP01155,2022-11-05,,146500,New Hire,
COMP01822,EMP01155,2023-11-05,146500.0,152000,Annual Merit Increase,3.8
COMP01823,EMP01155,2025-01-25,152000.0,156000,Annual Merit Increase,2.8
COMP01824,EMP01155,2026-01-29,156000.0,162500,Annual Merit Increase,4.2
COMP01825,EMP01156,2024-10-26,,155000,New Hire,
COMP01826,EMP01157,2025-05-29,,111500,New Hire,
COMP01827,EMP01157,2026-05-29,111500.0,115500,Annual Merit Increase,3.4
COMP01828,EMP01158,2026-01-05,,99000,New Hire,
COMP01829,EMP01159,2025-11-10,,142500,New Hire,
COMP01830,EMP01160,2025-03-28,,108500,New Hire,
COMP01831,EMP01161,2024-08-05,,227000,New Hire,
COMP01832,EMP01161,2025-08-05,227000.0,234000,Annual Merit Increase,3.2
COMP01833,EMP01162,2026-07-03,,114000,New Hire,
COMP01834,EMP01163,2025-02-23,,88000,New Hire,
COMP01835,EMP01163,2026-02-23,88000.0,93000,Annual Merit Increase,5.7
COMP01836,EMP01164,2025-03-06,,104000,New Hire,
COMP01837,EMP01165,2024-02-04,,80000,New Hire,
COMP01838,EMP01166,2026-02-18,,74000,New Hire,
COMP01839,EMP01167,2025-11-28,,118500,New Hire,
COMP01840,EMP01168,2024-05-09,,86500,New Hire,
COMP01841,EMP01168,2025-05-09,86500.0,90500,Annual Merit Increase,4.7
COMP01842,EMP01168,2026-05-21,90500.0,98500,Promotion,9.0
COMP01843,EMP01169,2023-07-17,,186500,New Hire,
COMP01844,EMP01169,2024-07-16,186500.0,195500,Annual Merit Increase,4.9
COMP01845,EMP01169,2025-07-04,195500.0,200000,Annual Merit Increase,2.3
COMP01846,EMP01170,2025-11-29,,75000,New Hire,
COMP01847,EMP01171,2025-10-13,,136000,New Hire,
COMP01848,EMP01172,2024-08-27,,155000,New Hire,
COMP01849,EMP01173,2026-06-15,,114500,New Hire,
COMP01850,EMP01174,2024-02-20,,85000,New Hire,
COMP01851,EMP01174,2025-02-19,85000.0,88500,Annual Merit Increase,4.1
COMP01852,EMP01175,2025-02-17,,220000,New Hire,
COMP01853,EMP01176,2026-06-13,,93500,New Hire,
COMP01854,EMP01177,2025-02-16,,70500,New Hire,
COMP01855,EMP01177,2026-02-16,70500.0,72500,Annual Merit Increase,2.7
COMP01856,EMP01178,2025-09-22,,100000,New Hire,
COMP01857,EMP01179,2025-01-04,,55500,New Hire,
COMP01858,EMP01179,2026-01-04,55500.0,59000,Annual Merit Increase,6.0
COMP01859,EMP01180,2024-08-05,,517500,New Hire,
COMP01860,EMP01180,2025-08-05,517500.0,546000,Annual Merit Increase,5.5
COMP01861,EMP01181,2026-07-05,,72000,New Hire,
COMP01862,EMP01182,2025-02-09,,186000,New Hire,
COMP01863,EMP01183,2026-05-17,,172500,New Hire,
COMP01864,EMP01184,2024-06-13,,72500,New Hire,
COMP01865,EMP01185,2024-05-02,,152500,New Hire,
COMP01866,EMP01186,2022-12-13,,83000,New Hire,
COMP01867,EMP01186,2023-12-13,83000.0,85000,Annual Merit Increase,2.3
COMP01868,EMP01186,2024-10-31,85000.0,88500,Annual Merit Increase,3.9
COMP01869,EMP01186,2026-01-29,88500.0,92500,Annual Merit Increase,4.3
COMP01870,EMP01187,2025-10-22,,95500,New Hire,
COMP01871,EMP01188,2024-12-21,,73000,New Hire,
COMP01872,EMP01189,2026-04-27,,178000,New Hire,
COMP01873,EMP01190,2025-04-23,,266000,New Hire,
COMP01874,EMP01190,2026-04-23,266000.0,279000,Annual Merit Increase,4.8
COMP01875,EMP01191,2026-07-19,,66000,New Hire,
COMP01876,EMP01192,2024-04-03,,77000,New Hire,
COMP01877,EMP01192,2025-04-03,77000.0,81000,Annual Merit Increase,5.2
COMP01878,EMP01192,2026-04-03,81000.0,83500,Annual Merit Increase,3.1
COMP01879,EMP01193,2026-04-10,,173500,New Hire,
COMP01880,EMP01194,2026-01-02,,89500,New Hire,
COMP01881,EMP01195,2026-01-13,,164000,New Hire,
COMP01882,EMP01196,2026-03-19,,118500,New Hire,
COMP01883,EMP01197,2026-01-26,,83500,New Hire,
COMP01884,EMP01198,2025-09-17,,144000,New Hire,
COMP01885,EMP01199,2023-12-21,,97000,New Hire,
COMP01886,EMP01199,2024-12-20,97000.0,102000,Annual Merit Increase,5.1
COMP01887,EMP01199,2025-12-29,102000.0,105000,Annual Merit Increase,2.8
COMP01888,EMP01200,2023-01-14,,233000,New Hire,
COMP01889,EMP01200,2024-01-14,233000.0,257000,Promotion,
COMP01890,EMP01200,2025-03-14,257000.0,270000,Annual Merit Increase,5.1
COMP01891,EMP01200,2026-05-29,270000.0,275500,Annual Merit Increase,2.1
COMP01892,EMP01201,2026-05-12,,179500,New Hire,
COMP01893,EMP01202,2025-09-21,,79000,New Hire,
COMP01894,EMP01203,2026-02-12,,72500,New Hire,
COMP01895,EMP01204,2025-04-11,,301500,New Hire,
COMP01896,EMP01204,2026-04-11,301500.0,311500,Annual Merit Increase,3.4
COMP01897,EMP01205,2023-12-07,,185500,New Hire,
COMP01898,EMP01205,2024-12-06,185500.0,189500,Annual Merit Increase,2.2
COMP01899,EMP01205,2026-02-21,189500.0,200500,Annual Merit Increase,5.9
COMP01900,EMP01206,2023-12-04,,66000,New Hire,
COMP01901,EMP01207,2025-11-19,,175500,New Hire,
COMP01902,EMP01208,2025-02-01,,104500,New Hire,
COMP01903,EMP01208,2026-02-01,104500.0,110500,Annual Merit Increase,5.8
COMP01904,EMP01209,2024-04-28,,117000,New Hire,
COMP01905,EMP01210,2025-05-24,,191500,New Hire,
COMP01906,EMP01210,2026-05-24,191500.0,200500,Annual Merit Increase,
COMP01907,EMP01211,2023-04-29,,74000,New Hire,
COMP01908,EMP01211,2024-04-28,74000.0,77500,Annual Merit Increase,4.4
COMP01909,EMP01211,2025-03-29,77500.0,87500,Promotion,13.0
COMP01910,EMP01211,2026-05-04,87500.0,92500,Annual Merit Increase,5.8
COMP01911,EMP01212,2025-07-03,,200500,New Hire,
COMP01912,EMP01212,2026-07-03,200500.0,211000,Annual Merit Increase,5.1
COMP01913,EMP01213,2024-08-13,,73000,New Hire,
COMP01914,EMP01214,2026-02-15,,116500,New Hire,
COMP01915,EMP01215,2024-09-02,,89000,New Hire,
COMP01916,EMP01216,2025-03-11,,111000,New Hire,
COMP01917,EMP01216,2026-03-11,111000.0,116500,Annual Merit Increase,5.0
COMP01918,EMP01217,2022-10-04,,127000,New Hire,
COMP01919,EMP01217,2023-10-04,127000.0,131500,Annual Merit Increase,3.6
COMP01920,EMP01217,2024-10-03,131500.0,135500,Annual Merit Increase,3.2
COMP01921,EMP01218,2023-06-19,,80500,New Hire,
COMP01922,EMP01218,2024-06-18,80500.0,84500,Annual Merit Increase,4.8
COMP01923,EMP01219,2025-01-29,,130000,New Hire,
COMP01924,EMP01219,2026-01-29,130000.0,134500,Annual Merit Increase,3.6
COMP01925,EMP01220,2025-04-17,,110000,New Hire,
COMP01926,EMP01221,2025-08-03,,71000,New Hire,
COMP01927,EMP01222,2024-09-28,,117000,New Hire,
COMP01928,EMP01222,2025-09-28,117000.0,120000,Annual Merit Increase,2.8
COMP01929,EMP01223,2025-11-18,,95000,New Hire,
COMP01930,EMP01224,2026-04-08,,109000,New Hire,
COMP01931,EMP01225,2026-02-22,,117500,New Hire,
COMP01932,EMP01226,2023-02-25,,117500,New Hire,
COMP01933,EMP01226,2024-02-25,117500.0,124000,Annual Merit Increase,5.7
COMP01934,EMP01226,2025-06-06,124000.0,128500,Annual Merit Increase,3.8
COMP01935,EMP01227,2025-04-24,,59500,New Hire,
COMP01936,EMP01228,2023-10-26,,85000,New Hire,
COMP01937,EMP01228,2024-10-25,85000.0,87000,Annual Merit Increase,2.1
COMP01938,EMP01229,2024-06-19,,78000,New Hire,
COMP01939,EMP01229,2025-06-19,78000.0,82000,Annual Merit Increase,5.2
COMP01940,EMP01230,2026-07-05,,147500,New Hire,
COMP01941,EMP01231,2024-01-07,,131500,New Hire,
COMP01942,EMP01232,2025-05-21,,139500,New Hire,
COMP01943,EMP01232,2026-05-21,139500.0,143000,Annual Merit Increase,2.6
COMP01944,EMP01233,2025-09-08,,90500,New Hire,
COMP01945,EMP01234,2025-11-28,,108000,New Hire,
COMP01946,EMP01235,2025-07-05,,70500,New Hire,
COMP01947,EMP01235,2026-07-05,70500.0,74500,Annual Merit Increase,5.7
COMP01948,EMP01236,2022-09-17,,74500,New Hire,
COMP01949,EMP01237,2024-10-05,,91500,New Hire,
COMP01950,EMP01237,2025-10-05,91500.0,94500,Annual Merit Increase,3.0
COMP01951,EMP01238,2025-05-04,,93000,New Hire,
COMP01952,EMP01238,2026-05-04,93000.0,96000,Annual Merit Increase,3.3
COMP01953,EMP01239,2023-08-22,,92500,New Hire,
COMP01954,EMP01240,2024-11-19,,68500,New Hire,
COMP01955,EMP01240,2025-11-19,68500.0,71500,Annual Merit Increase,4.2
COMP01956,EMP01241,2023-01-27,,84500,New Hire,
COMP01957,EMP01242,2023-07-21,,64000,New Hire,
COMP01958,EMP01242,2024-07-20,64000.0,65500,Annual Merit Increase,2.6
COMP01959,EMP01242,2025-10-29,65500.0,68500,Annual Merit Increase,4.5
COMP01960,EMP01243,2025-01-02,,80000,New Hire,
COMP01961,EMP01243,2026-01-02,80000.0,82500,Annual Merit Increase,2.9
COMP01962,EMP01244,2024-01-11,,126000,New Hire,
COMP01963,EMP01244,2025-01-10,126000.0,133000,Annual Merit Increase,5.6
COMP01964,EMP01244,2025-12-10,133000.0,149000,Promotion,12.0
COMP01965,EMP01245,2025-07-22,,110000,New Hire,
COMP01966,EMP01245,2026-07-22,110000.0,112500,Annual Merit Increase,2.1
COMP01967,EMP01246,2025-11-13,,69000,New Hire,
COMP01968,EMP01247,2026-02-15,,92500,New Hire,
COMP01969,EMP01248,2024-04-12,,107500,New Hire,
COMP01970,EMP01248,2025-04-12,107500.0,111500,Annual Merit Increase,3.6
COMP01971,EMP01248,2026-06-03,111500.0,114500,Annual Merit Increase,2.8
COMP01972,EMP01249,2024-03-22,,56000,New Hire,
COMP01973,EMP01249,2025-03-22,56000.0,59000,Annual Merit Increase,5.6
COMP01974,EMP01249,2026-05-19,59000.0,61000,Annual Merit Increase,3.1
COMP01975,EMP01250,2023-10-21,,59000,New Hire,
COMP01976,EMP01250,2024-10-20,59000.0,61500,Annual Merit Increase,4.0
COMP01977,EMP01250,2025-08-27,61500.0,68000,Promotion,10.8
COMP01978,EMP01251,2025-09-22,,84500,New Hire,
COMP01979,EMP01252,2025-11-11,,110000,New Hire,
COMP01980,EMP01253,2022-12-07,,102000,New Hire,
COMP01981,EMP01253,2023-12-07,102000.0,107000,Annual Merit Increase,4.7
COMP01982,EMP01253,2024-10-22,107000.0,120000,Promotion,12.1
COMP01983,EMP01253,2025-08-23,120000.0,124000,Annual Merit Increase,3.5
COMP01984,EMP01253,2026-06-16,124000.0,127500,Annual Merit Increase,2.7
COMP01985,EMP01254,2026-06-28,,79000,New Hire,
COMP01986,EMP01255,2023-03-05,,150000,New Hire,
COMP01987,EMP01256,2025-06-17,,114000,New Hire,
COMP01988,EMP01256,2026-06-17,114000.0,117000,Annual Merit Increase,2.5
COMP01989,EMP01257,2025-11-24,,90500,New Hire,
COMP01990,EMP01258,2026-04-20,,164500,New Hire,
COMP01991,EMP01259,2025-12-09,,120500,New Hire,
COMP01992,EMP01260,2026-02-14,,88000,New Hire,
COMP01993,EMP01261,2024-11-26,,96000,New Hire,
COMP01994,EMP01262,2026-03-12,,68500,New Hire,
COMP01995,EMP01263,2023-07-06,,74000,New Hire,
COMP01996,EMP01263,2024-07-05,74000.0,77000,Annual Merit Increase,4.0
COMP01997,EMP01263,2025-06-30,77000.0,79000,Annual Merit Increase,2.3
COMP01998,EMP01264,2026-05-17,,113000,New Hire,
COMP01999,EMP01265,2025-06-19,,70500,New Hire,
COMP02000,EMP01266,2026-03-19,,103000,New Hire,
COMP02001,EMP01267,2025-03-26,,175500,New Hire,
COMP02002,EMP01267,2026-03-26,175500.0,183000,Annual Merit Increase,4.2
COMP02003,EMP01268,2025-09-16,,238000,New Hire,
COMP02004,EMP01269,2025-06-12,,109000,New Hire,
COMP02005,EMP01269,2026-06-12,109000.0,112000,Annual Merit Increase,2.9
COMP02006,EMP01270,2025-12-12,,137500,New Hire,
COMP02007,EMP01271,2023-07-20,,100500,New Hire,
COMP02008,EMP01272,2023-04-06,,150000,New Hire,
COMP02009,EMP01272,2024-04-05,150000.0,153500,Annual Merit Increase,2.2
COMP02010,EMP01273,2024-07-23,,91000,New Hire,
COMP02011,EMP01273,2025-07-23,91000.0,94000,Annual Merit Increase,3.2
COMP02012,EMP01274,2024-02-26,,71000,New Hire,
COMP02013,EMP01274,2025-02-25,71000.0,74500,Annual Merit Increase,5.1
COMP02014,EMP01275,2026-04-04,,59500,New Hire,
COMP02015,EMP01276,2024-05-06,,74500,New Hire,
COMP02016,EMP01276,2025-05-06,74500.0,78500,Annual Merit Increase,5.3
COMP02017,EMP01276,2026-05-21,78500.0,83000,Annual Merit Increase,6.0
COMP02018,EMP01277,2026-07-11,,85000,New Hire,
COMP02019,EMP01278,2024-11-01,,187000,New Hire,
COMP02020,EMP01278,2025-11-01,187000.0,196500,Annual Merit Increase,5.1
COMP02021,EMP01279,2024-03-30,,124000,New Hire,
COMP02022,EMP01280,2026-02-24,,121000,New Hire,
COMP02023,EMP01281,2025-10-23,,104000,New Hire,
COMP02024,EMP01282,2025-05-15,,52500,New Hire,
COMP02025,EMP01283,2025-07-27,,195500,New Hire,
COMP02026,EMP01284,2025-12-11,,268000,New Hire,
COMP02027,EMP01285,2024-06-25,,296000,New Hire,
COMP02028,EMP01285,2025-06-25,296000.0,310500,Annual Merit Increase,4.9
COMP02029,EMP01286,2026-07-19,,408500,New Hire,
COMP02030,EMP01287,2026-07-18,,78000,New Hire,
COMP02031,EMP01288,2025-10-17,,68500,New Hire,
COMP02032,EMP01289,2024-04-19,,139000,New Hire,
COMP02033,EMP01290,2025-11-21,,227500,New Hire,
COMP02034,EMP01291,2023-06-14,,88500,New Hire,
COMP02035,EMP01291,2024-06-13,88500.0,101500,Promotion,14.7
COMP02036,EMP01291,2025-06-11,101500.0,105500,Annual Merit Increase,4.1
COMP02037,EMP01291,2026-06-17,105500.0,109500,Annual Merit Increase,3.9
COMP02038,EMP01292,2022-12-27,,60500,New Hire,
COMP02039,EMP01292,2023-12-27,60500.0,66000,Promotion,9.0
COMP02040,EMP01292,2024-11-28,66000.0,67500,Annual Merit Increase,2.5
COMP02041,EMP01292,2025-10-06,67500.0,71000,Annual Merit Increase,5.5
COMP02042,EMP01293,2024-07-18,,142500,New Hire,
COMP02043,EMP01294,2025-04-28,,76000,New Hire,
COMP02044,EMP01295,2026-04-19,,92500,New Hire,
COMP02045,EMP01296,2025-12-15,,135500,New Hire,
COMP02046,EMP01297,2026-01-15,,95500,New Hire,
COMP02047,EMP01298,2025-02-04,,77500,New Hire,
COMP02048,EMP01299,2024-11-07,,181500,New Hire,
COMP02049,EMP01300,2024-12-13,,117000,New Hire,
COMP02050,EMP01300,2025-12-13,117000.0,119500,Annual Merit Increase,2.3
COMP02051,EMP01301,2026-07-03,,211000,New Hire,
COMP02052,EMP01302,2023-02-16,,76000,New Hire,
COMP02053,EMP01303,2026-04-09,,65500,New Hire,
COMP02054,EMP01304,2025-07-08,,137000,New Hire,
COMP02055,EMP01304,2026-07-08,137000.0,141000,Annual Merit Increase,3.0
COMP02056,EMP01305,2025-03-20,,157000,New Hire,
COMP02057,EMP01305,2026-03-20,157000.0,163000,Annual Merit Increase,3.9
COMP02058,EMP01306,2025-12-13,,84500,New Hire,
COMP02059,EMP01307,2025-05-17,,191000,New Hire,
COMP02060,EMP01307,2026-05-17,191000.0,196500,Annual Merit Increase,2.8
COMP02061,EMP01308,2026-04-17,,80000,New Hire,
COMP02062,EMP01309,2026-05-17,,101500,New Hire,
COMP02063,EMP01310,2025-02-01,,69000,New Hire,
COMP02064,EMP01310,2026-02-01,69000.0,71500,Annual Merit Increase,3.5
COMP02065,EMP01311,2024-08-08,,102500,New Hire,
COMP02066,EMP01311,2025-08-08,102500.0,105500,Annual Merit Increase,2.9
COMP02067,EMP01312,2025-08-19,,106000,New Hire,
COMP02068,EMP01313,2026-05-06,,107000,New Hire,
COMP02069,EMP01314,2024-05-03,,133500,New Hire,
COMP02070,EMP01314,2025-05-03,133500.0,141500,Annual Merit Increase,6.0
COMP02071,EMP01314,2026-03-10,141500.0,146500,Annual Merit Increase,3.7
COMP02072,EMP01315,2025-09-27,,177000,New Hire,
COMP02073,EMP01316,2025-09-05,,69000,New Hire,
COMP02074,EMP01317,2025-12-13,,65000,New Hire,
COMP02075,EMP01318,2023-12-15,,72500,New Hire,
COMP02076,EMP01319,2025-12-14,,86500,New Hire,
COMP02077,EMP01320,2026-05-29,,128000,New Hire,
COMP02078,EMP01321,2024-03-23,,130500,New Hire,
COMP02079,EMP01321,2025-03-23,130500.0,134500,Annual Merit Increase,3.2
COMP02080,EMP01321,2026-04-29,134500.0,141500,Annual Merit Increase,5.2
COMP02081,EMP01322,2024-06-16,,172000,New Hire,
COMP02082,EMP01322,2025-06-16,172000.0,177000,Annual Merit Increase,3.0
COMP02083,EMP01322,2026-06-08,177000.0,183500,Annual Merit Increase,3.7
COMP02084,EMP01323,2026-07-18,,95000,New Hire,
COMP02085,EMP01324,2024-03-22,,115500,New Hire,
COMP02086,EMP01324,2025-03-22,115500.0,121000,Annual Merit Increase,4.9
COMP02087,EMP01324,2026-04-24,121000.0,127500,Annual Merit Increase,5.4
COMP02088,EMP01325,2026-04-29,,102500,New Hire,
COMP02089,EMP01326,2025-05-22,,64000,New Hire,
COMP02090,EMP01327,2024-07-11,,129000,New Hire,
COMP02091,EMP01327,2025-07-11,129000.0,135500,Annual Merit Increase,4.9
COMP02092,EMP01327,2026-06-28,135500.0,141000,Annual Merit Increase,4.0
COMP02093,EMP01328,2026-04-03,,253000,New Hire,
COMP02094,EMP01329,2025-03-22,,124500,New Hire,
COMP02095,EMP01329,2026-03-22,124500.0,130500,Annual Merit Increase,4.9
COMP02096,EMP01330,2025-05-10,,179500,New Hire,
COMP02097,EMP01330,2026-05-10,179500.0,183500,Annual Merit Increase,2.3
COMP02098,EMP01331,2024-12-10,,110500,New Hire,
COMP02099,EMP01331,2025-12-10,110500.0,116500,Annual Merit Increase,5.4
COMP02100,EMP01332,2025-08-30,,67000,New Hire,
COMP02101,EMP01333,2024-02-21,,131000,New Hire,
COMP02102,EMP01333,2025-02-20,131000.0,137000,Annual Merit Increase,4.4
COMP02103,EMP01333,2025-12-28,137000.0,141500,Annual Merit Increase,3.1
COMP02104,EMP01334,2025-01-16,,104000,New Hire,
COMP02105,EMP01334,2026-01-16,104000.0,108500,Annual Merit Increase,4.5
COMP02106,EMP01335,2026-07-12,,79500,New Hire,
COMP02107,EMP01336,2024-07-02,,139000,New Hire,
COMP02108,EMP01337,2025-10-09,,141500,New Hire,
COMP02109,EMP01338,2024-10-24,,64500,New Hire,
COMP02110,EMP01338,2025-10-24,64500.0,66500,Annual Merit Increase,3.0
COMP02111,EMP01339,2026-01-03,,120500,New Hire,
COMP02112,EMP01340,2023-12-24,,174000,New Hire,
COMP02113,EMP01341,2026-07-25,,167500,New Hire,
COMP02114,EMP01342,2025-03-30,,156000,New Hire,
COMP02115,EMP01342,2026-03-30,156000.0,164500,Annual Merit Increase,5.4
COMP02116,EMP01343,2024-06-15,,74500,New Hire,
COMP02117,EMP01343,2025-06-15,74500.0,78000,Annual Merit Increase,4.9
COMP02118,EMP01344,2023-06-03,,191500,New Hire,
COMP02119,EMP01344,2024-06-02,191500.0,197500,Annual Merit Increase,3.3
COMP02120,EMP01344,2025-06-16,197500.0,207000,Annual Merit Increase,4.7
COMP02121,EMP01344,2026-06-01,207000.0,218000,Annual Merit Increase,5.4
COMP02122,EMP01345,2024-03-19,,306000,New Hire,
COMP02123,EMP01345,2025-03-19,306000.0,320000,Annual Merit Increase,4.6
COMP02124,EMP01345,2026-05-31,320000.0,331000,Annual Merit Increase,3.4
COMP02125,EMP01346,2025-06-18,,119500,New Hire,
COMP02126,EMP01346,2026-06-18,119500.0,125500,Annual Merit Increase,5.2
COMP02127,EMP01347,2024-11-08,,79500,New Hire,
COMP02128,EMP01347,2025-11-08,79500.0,83000,Annual Merit Increase,4.4
COMP02129,EMP01348,2026-03-26,,113000,New Hire,
COMP02130,EMP01349,2025-02-17,,99500,New Hire,
COMP02131,EMP01349,2026-02-17,99500.0,105500,Annual Merit Increase,5.8
COMP02132,EMP01350,2024-07-08,,125000,New Hire,
COMP02133,EMP01350,2025-07-08,125000.0,130500,Annual Merit Increase,4.5
COMP02134,EMP01351,2025-09-07,,96500,New Hire,
COMP02135,EMP01352,2025-11-07,,70000,New Hire,
COMP02136,EMP01353,2024-02-03,,116500,New Hire,
COMP02137,EMP01354,2024-03-01,,143000,New Hire,
COMP02138,EMP01354,2025-03-01,143000.0,150500,Annual Merit Increase,5.2
COMP02139,EMP01354,2026-05-08,150500.0,157500,Annual Merit Increase,4.8
COMP02140,EMP01355,2023-01-04,,183000,New Hire,
COMP02141,EMP01355,2024-01-04,183000.0,191000,Annual Merit Increase,4.4
COMP02142,EMP01356,2025-12-25,,64500,New Hire,
COMP02143,EMP01357,2025-10-05,,129500,New Hire,
COMP02144,EMP01358,2025-04-01,,119500,New Hire,
COMP02145,EMP01358,2026-04-01,119500.0,126500,Annual Merit Increase,5.9
COMP02146,EMP01359,2026-03-15,,87000,New Hire,
COMP02147,EMP01360,2026-02-05,,62000,New Hire,
COMP02148,EMP01361,2025-07-13,,115500,New Hire,
COMP02149,EMP01362,2026-04-08,,174000,New Hire,
COMP02150,EMP01363,2024-05-08,,121500,New Hire,
COMP02151,EMP01363,2025-05-08,121500.0,125000,Annual Merit Increase,3.0
COMP02152,EMP01364,2023-11-05,,97500,New Hire,
COMP02153,EMP01365,2024-08-28,,149000,New Hire,
COMP02154,EMP01365,2025-08-28,149000.0,168500,Promotion,13.2
COMP02155,EMP01366,2023-03-09,,67500,New Hire,
COMP02156,EMP01366,2024-03-08,67500.0,73500,Promotion,9.2
COMP02157,EMP01366,2025-02-25,73500.0,75000,Annual Merit Increase,2.2
COMP02158,EMP01366,2026-03-04,75000.0,78500,Annual Merit Increase,4.4
COMP02159,EMP01367,2025-06-01,,177000,New Hire,
COMP02160,EMP01367,2026-06-01,177000.0,183000,Annual Merit Increase,3.5
COMP02161,EMP01368,2026-06-04,,167000,New Hire,
COMP02162,EMP01369,2023-01-03,,89500,New Hire,
COMP02163,EMP01369,2024-01-03,89500.0,92000,Annual Merit Increase,3.0
COMP02164,EMP01369,2024-12-04,92000.0,96000,Annual Merit Increase,4.3
COMP02165,EMP01369,2026-01-04,96000.0,99000,Annual Merit Increase,2.9
COMP02166,EMP01370,2023-12-02,,130000,New Hire,
COMP02167,EMP01370,2024-12-01,130000.0,146500,Promotion,12.7
COMP02168,EMP01370,2026-02-06,146500.0,155000,Annual Merit Increase,5.9
COMP02169,EMP01371,2025-03-08,,90000,New Hire,
COMP02170,EMP01371,2026-03-08,90000.0,93500,Annual Merit Increase,3.8
COMP02171,EMP01372,2026-06-23,,237000,New Hire,
COMP02172,EMP01373,2024-10-09,,87500,New Hire,
COMP02173,EMP01373,2025-10-09,87500.0,89500,Annual Merit Increase,2.3
COMP02174,EMP01374,2025-05-02,,345000,New Hire,
COMP02175,EMP01374,2026-05-02,345000.0,360000,Annual Merit Increase,4.4
COMP02176,EMP01375,2023-02-14,,81500,New Hire,
COMP02177,EMP01375,2024-02-14,81500.0,91500,Promotion,12.3
COMP02178,EMP01375,2025-03-01,91500.0,96500,Annual Merit Increase,5.7
COMP02179,EMP01375,2026-03-29,96500.0,100500,Annual Merit Increase,4.3
COMP02180,EMP01376,2024-01-14,,92000,New Hire,
COMP02181,EMP01377,2026-07-04,,289500,New Hire,
COMP02182,EMP01378,2026-07-06,,109000,New Hire,
COMP02183,EMP01379,2022-09-11,,153500,New Hire,
COMP02184,EMP01379,2023-09-11,153500.0,160500,Annual Merit Increase,4.6
COMP02185,EMP01379,2024-10-24,160500.0,166000,Annual Merit Increase,3.6
COMP02186,EMP01379,2025-10-19,166000.0,181500,Promotion,9.2
COMP02187,EMP01380,2026-06-03,,121500,New Hire,
COMP02188,EMP01381,2025-09-08,,78500,New Hire,
COMP02189,EMP01382,2026-04-03,,128000,New Hire,
COMP02190,EMP01383,2025-03-14,,75500,New Hire,
COMP02191,EMP01384,2025-05-28,,133000,New Hire,
COMP02192,EMP01384,2026-05-28,133000.0,138500,Annual Merit Increase,4.0
COMP02193,EMP01385,2025-05-13,,69500,New Hire,
COMP02194,EMP01385,2026-05-13,69500.0,71500,Annual Merit Increase,2.6
COMP02195,EMP01386,2025-10-13,,170000,New Hire,
COMP02196,EMP01387,2024-01-02,,156500,New Hire,
COMP02197,EMP01388,2022-12-13,,110500,New Hire,
COMP02198,EMP01389,2024-09-29,,98500,New Hire,
COMP02199,EMP01389,2025-09-29,98500.0,103000,Annual Merit Increase,4.7
COMP02200,EMP01390,2025-11-19,,75000,New Hire,
COMP02201,EMP01391,2024-04-27,,95000,New Hire,
COMP02202,EMP01391,2025-04-27,95000.0,97500,Annual Merit Increase,2.7
COMP02203,EMP01391,2026-03-28,97500.0,103000,Annual Merit Increase,5.8
COMP02204,EMP01392,2025-10-06,,134000,New Hire,
COMP02205,EMP01393,2026-07-16,,177000,New Hire,
COMP02206,EMP01394,2023-09-02,,72000,New Hire,
COMP02207,EMP01394,2024-09-01,72000.0,73500,Annual Merit Increase,2.4
COMP02208,EMP01394,2025-12-06,73500.0,77500,Annual Merit Increase,5.5
COMP02209,EMP01395,2025-10-08,,147500,New Hire,
COMP02210,EMP01396,2025-03-17,,145000,New Hire,
COMP02211,EMP01396,2026-03-17,145000.0,152500,Annual Merit Increase,5.3
COMP02212,EMP01397,2026-04-23,,136500,New Hire,
COMP02213,EMP01398,2024-03-02,,69000,New Hire,
COMP02214,EMP01398,2025-03-02,69000.0,72000,Annual Merit Increase,4.6
COMP02215,EMP01399,2025-11-10,,63500,New Hire,
COMP02216,EMP01400,2026-03-28,,90000,New Hire,
COMP02217,EMP01401,2026-06-16,,143000,New Hire,
COMP02218,EMP01402,2025-11-06,,101000,New Hire,
COMP02219,EMP01403,2025-05-28,,98500,New Hire,
COMP02220,EMP01403,2026-05-28,98500.0,104000,Annual Merit Increase,5.6
COMP02221,EMP01404,2025-09-02,,222500,New Hire,
COMP02222,EMP01405,2026-04-02,,133500,New Hire,
COMP02223,EMP01406,2025-07-26,,202500,New Hire,
COMP02224,EMP01406,2026-07-26,202500.0,208500,Annual Merit Increase,2.9
COMP02225,EMP01407,2022-12-13,,91000,New Hire,
COMP02226,EMP01408,2026-06-24,,58500,New Hire,
COMP02227,EMP01409,2025-11-15,,210500,New Hire,
COMP02228,EMP01410,2025-10-28,,87500,New Hire,
COMP02229,EMP01411,2024-05-02,,57500,New Hire,
COMP02230,EMP01411,2025-05-02,57500.0,60000,Annual Merit Increase,4.0
COMP02231,EMP01411,2026-07-25,60000.0,63500,Annual Merit Increase,5.6
COMP02232,EMP01412,2025-10-07,,77000,New Hire,
COMP02233,EMP01413,2025-01-03,,75500,New Hire,
COMP02234,EMP01413,2026-01-03,75500.0,78000,Annual Merit Increase,3.2
COMP02235,EMP01414,2025-10-08,,86500,New Hire,
COMP02236,EMP01415,2023-10-23,,145000,New Hire,
COMP02237,EMP01415,2024-10-22,145000.0,148500,Annual Merit Increase,2.3
COMP02238,EMP01415,2025-10-23,148500.0,153000,Annual Merit Increase,3.0
COMP02239,EMP01416,2025-10-14,,194000,New Hire,
COMP02240,EMP01417,2026-07-24,,227000,New Hire,
COMP02241,EMP01418,2023-03-30,,65000,New Hire,
COMP02242,EMP01419,2026-07-23,,96500,New Hire,
COMP02243,EMP01420,2025-01-27,,73500,New Hire,
COMP02244,EMP01420,2026-01-27,73500.0,76000,Annual Merit Increase,3.2
COMP02245,EMP01421,2026-04-22,,146000,New Hire,
COMP02246,EMP01422,2026-02-07,,106500,New Hire,
COMP02247,EMP01423,2025-07-21,,121500,New Hire,
COMP02248,EMP01423,2026-07-21,121500.0,124000,Annual Merit Increase,2.1
COMP02249,EMP01424,2025-12-07,,144000,New Hire,
COMP02250,EMP01425,2026-04-01,,91000,New Hire,
COMP02251,EMP01426,2025-01-17,,86500,New Hire,
COMP02252,EMP01426,2026-01-17,86500.0,89000,Annual Merit Increase,2.9
COMP02253,EMP01427,2024-10-09,,205000,New Hire,
COMP02254,EMP01427,2025-10-09,205000.0,214500,Annual Merit Increase,4.7
COMP02255,EMP01428,2025-10-30,,231500,New Hire,
COMP02256,EMP01429,2026-02-21,,113500,New Hire,
COMP02257,EMP01430,2026-01-13,,98500,New Hire,
COMP02258,EMP01431,2026-02-21,,274500,New Hire,
COMP02259,EMP01432,2025-03-19,,77000,New Hire,
COMP02260,EMP01432,2026-03-19,77000.0,81500,Annual Merit Increase,5.8
COMP02261,EMP01433,2026-03-21,,109000,New Hire,
COMP02262,EMP01434,2023-12-19,,74500,New Hire,
COMP02263,EMP01434,2024-12-18,74500.0,76500,Annual Merit Increase,2.8
COMP02264,EMP01434,2026-04-04,76500.0,80000,Annual Merit Increase,4.4
COMP02265,EMP01435,2025-06-25,,101500,New Hire,
COMP02266,EMP01435,2026-06-25,101500.0,105000,Annual Merit Increase,3.5
COMP02267,EMP01436,2022-09-25,,59500,New Hire,
COMP02268,EMP01436,2023-09-25,59500.0,67000,Promotion,12.4
COMP02269,EMP01436,2024-09-12,67000.0,69000,Annual Merit Increase,3.2
COMP02270,EMP01436,2025-08-22,69000.0,71000,Annual Merit Increase,2.9
COMP02271,EMP01437,2024-10-22,,104500,New Hire,
COMP02272,EMP01438,2024-12-17,,80500,New Hire,
COMP02273,EMP01438,2025-12-17,80500.0,84000,Annual Merit Increase,4.1
COMP02274,EMP01439,2025-01-23,,117500,New Hire,
COMP02275,EMP01439,2026-01-23,117500.0,123000,Annual Merit Increase,4.7
COMP02276,EMP01440,2025-11-23,,328000,New Hire,
COMP02277,EMP01441,2025-01-30,,138000,New Hire,
COMP02278,EMP01442,2025-03-10,,152000,New Hire,
COMP02279,EMP01443,2024-06-10,,114500,New Hire,
COMP02280,EMP01443,2025-06-10,114500.0,117000,Annual Merit Increase,2.0
COMP02281,EMP01443,2026-05-13,117000.0,120500,Annual Merit Increase,2.8
COMP02282,EMP01444,2024-12-04,,69500,New Hire,
COMP02283,EMP01444,2025-12-04,69500.0,72000,Annual Merit Increase,3.8
COMP02284,EMP01445,2024-06-08,,69500,New Hire,
COMP02285,EMP01445,2025-06-08,69500.0,72500,Annual Merit Increase,4.4
COMP02286,EMP01446,2023-06-22,,196000,New Hire,
COMP02287,EMP01446,2024-06-21,196000.0,207500,Annual Merit Increase,5.9
COMP02288,EMP01447,2025-08-20,,311500,New Hire,
COMP02289,EMP01448,2025-10-20,,75500,New Hire,
COMP02290,EMP01449,2025-09-18,,103500,New Hire,
COMP02291,EMP01450,2025-04-14,,91000,New Hire,
COMP02292,EMP01451,2024-12-18,,94500,New Hire,
COMP02293,EMP01452,2026-04-28,,382000,New Hire,
COMP02294,EMP01453,2025-06-14,,157000,New Hire,
COMP02295,EMP01453,2026-06-14,157000.0,163000,Annual Merit Increase,3.7
COMP02296,EMP01454,2025-04-20,,90000,New Hire,
COMP02297,EMP01455,2022-12-21,,297000,New Hire,
COMP02298,EMP01456,2024-11-24,,135500,New Hire,
COMP02299,EMP01456,2025-11-24,135500.0,138500,Annual Merit Increase,2.2
COMP02300,EMP01457,2024-12-15,,160000,New Hire,
COMP02301,EMP01458,2025-01-22,,75500,New Hire,
COMP02302,EMP01459,2025-07-30,,87000,New Hire,
COMP02303,EMP01460,2025-06-04,,135500,New Hire,
COMP02304,EMP01460,2026-06-04,135500.0,139500,Annual Merit Increase,3.1
COMP02305,EMP01461,2025-08-13,,203000,New Hire,
COMP02306,EMP01462,2026-01-27,,123500,New Hire,
COMP02307,EMP01463,2026-03-23,,59500,New Hire,
COMP02308,EMP01464,2025-12-08,,68500,New Hire,
COMP02309,EMP01465,2026-06-18,,169000,New Hire,
COMP02310,EMP01466,2022-11-12,,74000,New Hire,
COMP02311,EMP01467,2024-04-23,,159500,New Hire,
COMP02312,EMP01468,2022-09-14,,76500,New Hire,
COMP02313,EMP01468,2023-09-14,76500.0,78500,Annual Merit Increase,2.7
COMP02314,EMP01469,2025-10-02,,75000,New Hire,
COMP02315,EMP01470,2026-05-18,,118500,New Hire,
COMP02316,EMP01471,2024-07-24,,155000,New Hire,
COMP02317,EMP01472,2026-06-02,,124000,New Hire,
COMP02318,EMP01473,2023-04-11,,72500,New Hire,
COMP02319,EMP01473,2024-04-10,72500.0,75500,Annual Merit Increase,4.4
COMP02320,EMP01474,2026-06-09,,132500,New Hire,
COMP02321,EMP01475,2024-11-12,,54500,New Hire,
COMP02322,EMP01475,2025-11-12,54500.0,57500,Annual Merit Increase,5.9
COMP02323,EMP01476,2023-10-17,,128000,New Hire,
COMP02324,EMP01476,2024-10-16,128000.0,132500,Annual Merit Increase,3.7
COMP02325,EMP01476,2025-09-28,132500.0,135500,Annual Merit Increase,2.4
COMP02326,EMP01477,2025-05-15,,224500,New Hire,
COMP02327,EMP01477,2026-05-15,224500.0,230000,Annual Merit Increase,2.4
COMP02328,EMP01478,2024-07-25,,72500,New Hire,
COMP02329,EMP01478,2025-07-25,72500.0,76000,Annual Merit Increase,5.1
COMP02330,EMP01479,2024-08-17,,213000,New Hire,
COMP02331,EMP01479,2025-08-17,213000.0,219500,Annual Merit Increase,3.0
COMP02332,EMP01480,2024-09-26,,69500,New Hire,
COMP02333,EMP01480,2025-09-26,69500.0,71500,Annual Merit Increase,3.0
COMP02334,EMP01481,2026-02-26,,181500,New Hire,
COMP02335,EMP01482,2025-06-18,,93000,New Hire,
COMP02336,EMP01482,2026-06-18,93000.0,95500,Annual Merit Increase,2.5
COMP02337,EMP01483,2024-09-22,,417500,New Hire,
COMP02338,EMP01484,2025-08-06,,79500,New Hire,
COMP02339,EMP01485,2025-12-17,,84000,New Hire,
COMP02340,EMP01486,2024-08-23,,223500,New Hire,
COMP02341,EMP01487,2025-02-24,,123000,New Hire,
COMP02342,EMP01488,2023-12-18,,118000,New Hire,
COMP02343,EMP01489,2024-03-08,,86500,New Hire,
COMP02344,EMP01490,2025-11-09,,125000,New Hire,
COMP02345,EMP01491,2024-03-06,,85000,New Hire,
COMP02346,EMP01491,2025-03-06,85000.0,87500,Annual Merit Increase,2.7
COMP02347,EMP01491,2026-01-28,87500.0,90500,Annual Merit Increase,3.6
COMP02348,EMP01492,2025-06-05,,65500,New Hire,
COMP02349,EMP01492,2026-06-05,65500.0,69000,Annual Merit Increase,5.3
COMP02350,EMP01493,2025-11-12,,150000,New Hire,
COMP02351,EMP01494,2023-10-25,,101000,New Hire,
COMP02352,EMP01494,2024-10-24,101000.0,107000,Annual Merit Increase,6.0
COMP02353,EMP01494,2026-02-07,107000.0,112000,Annual Merit Increase,4.7
COMP02354,EMP01495,2025-07-29,,204000,New Hire,
COMP02355,EMP01496,2024-07-28,,176500,New Hire,
COMP02356,EMP01497,2026-07-11,,112500,New Hire,
COMP02357,EMP01498,2025-04-25,,139500,New Hire,
COMP02358,EMP01498,2026-04-25,139500.0,147500,Annual Merit Increase,5.6
COMP02359,EMP01499,2026-02-01,,134000,New Hire,
COMP02360,EMP01500,2025-06-11,,71500,New Hire,
COMP02361,EMP01500,2026-06-11,71500.0,74000,Annual Merit Increase,3.7
COMP02362,EMP01501,2023-02-19,,134000,New Hire,
COMP02363,EMP01502,2025-09-09,,72000,New Hire,
COMP02364,EMP01503,2026-06-27,,104500,New Hire,
COMP02365,EMP01504,2025-08-02,,181500,New Hire,
COMP02366,EMP01505,2026-03-12,,130500,New Hire,
COMP02367,EMP01506,2026-05-04,,159000,New Hire,
COMP02368,EMP01507,2024-06-04,,75000,New Hire,
COMP02369,EMP01507,2025-06-04,75000.0,78000,Annual Merit Increase,4.2
COMP02370,EMP01507,2026-05-03,78000.0,81500,Annual Merit Increase,4.4
COMP02371,EMP01508,2024-05-18,,132000,New Hire,
COMP02372,EMP01508,2025-05-18,132000.0,149500,Promotion,13.3
COMP02373,EMP01509,2025-08-15,,81000,New Hire,
COMP02374,EMP01510,2025-02-19,,122000,New Hire,
COMP02375,EMP01511,2026-03-13,,209500,New Hire,
COMP02376,EMP01512,2026-05-19,,155000,New Hire,
COMP02377,EMP01513,2024-11-17,,84500,New Hire,
COMP02378,EMP01513,2025-11-17,84500.0,86500,Annual Merit Increase,2.5
COMP02379,EMP01514,2024-06-06,,63000,New Hire,
COMP02380,EMP01514,2025-06-06,63000.0,66000,Annual Merit Increase,4.9
COMP02381,EMP01515,2026-02-16,,66000,New Hire,
COMP02382,EMP01516,2024-08-24,,143000,New Hire,
COMP02383,EMP01517,2026-03-12,,261000,New Hire,
COMP02384,EMP01518,2025-02-19,,73500,New Hire,
COMP02385,EMP01518,2026-02-19,73500.0,77500,Annual Merit Increase,5.2
COMP02386,EMP01519,2025-10-05,,131000,New Hire,
COMP02387,EMP01520,2023-09-17,,150500,New Hire,
COMP02388,EMP01521,2025-09-26,,122500,New Hire,
COMP02389,EMP01522,2025-03-23,,139000,New Hire,
COMP02390,EMP01522,2026-03-23,139000.0,146500,Annual Merit Increase,5.6
COMP02391,EMP01523,2025-08-26,,177500,New Hire,
COMP02392,EMP01524,2024-03-29,,92000,New Hire,
COMP02393,EMP01524,2025-03-29,92000.0,95500,Annual Merit Increase,3.6
COMP02394,EMP01524,2026-07-08,95500.0,100000,Annual Merit Increase,4.7
COMP02395,EMP01525,2025-12-01,,109000,New Hire,
COMP02396,EMP01526,2026-04-28,,78500,New Hire,
COMP02397,EMP01527,2024-05-27,,234500,New Hire,
COMP02398,EMP01527,2025-05-27,234500.0,247500,Annual Merit Increase,5.4
COMP02399,EMP01527,2026-07-27,247500.0,261500,Annual Merit Increase,5.7
COMP02400,EMP01528,2023-09-25,,197500,New Hire,
COMP02401,EMP01528,2024-09-24,197500.0,208000,Annual Merit Increase,5.3
COMP02402,EMP01528,2025-08-22,208000.0,220000,Annual Merit Increase,5.7
COMP02403,EMP01529,2022-11-24,,151500,New Hire,
COMP02404,EMP01530,2025-09-23,,71000,New Hire,
COMP02405,EMP01531,2025-08-10,,98500,New Hire,
COMP02406,EMP01532,2025-06-15,,68500,New Hire,
COMP02407,EMP01532,2026-06-15,68500.0,72000,Annual Merit Increase,5.0
COMP02408,EMP01533,2024-06-23,,81500,New Hire,
COMP02409,EMP01533,2025-06-23,81500.0,85000,Annual Merit Increase,4.5
COMP02410,EMP01534,2025-01-21,,114500,New Hire,
COMP02411,EMP01534,2026-01-21,114500.0,119000,Annual Merit Increase,3.7
COMP02412,EMP01535,2025-08-21,,250500,New Hire,
COMP02413,EMP01536,2025-05-11,,189500,New Hire,
COMP02414,EMP01536,2026-05-11,189500.0,199500,Annual Merit Increase,5.2
COMP02415,EMP01537,2026-07-13,,122500,New Hire,
COMP02416,EMP01538,2024-01-05,,71000,New Hire,
COMP02417,EMP01538,2025-01-04,71000.0,74000,Annual Merit Increase,4.5
COMP02418,EMP01538,2026-04-05,74000.0,78000,Annual Merit Increase,5.7
COMP02419,EMP01539,2025-11-01,,114500,New Hire,
COMP02420,EMP01540,2025-01-24,,103000,New Hire,
COMP02421,EMP01540,2026-01-24,103000.0,106000,Annual Merit Increase,2.7
COMP02422,EMP01541,2025-02-12,,180500,New Hire,
COMP02423,EMP01542,2025-12-11,,186000,New Hire,
COMP02424,EMP01543,2025-11-17,,109500,New Hire,
COMP02425,EMP01544,2026-07-04,,99500,New Hire,
COMP02426,EMP01545,2023-12-15,,74000,New Hire,
COMP02427,EMP01546,2023-10-25,,73000,New Hire,
COMP02428,EMP01547,2025-12-30,,96500,New Hire,
COMP02429,EMP01548,2025-07-09,,64500,New Hire,
COMP02430,EMP01548,2026-07-09,64500.0,66500,Annual Merit Increase,2.8
COMP02431,EMP01549,2024-08-21,,95500,New Hire,
COMP02432,EMP01549,2025-08-21,95500.0,107000,Promotion,12.0
COMP02433,EMP01549,2026-06-13,107000.0,111000,Annual Merit Increase,3.7
COMP02434,EMP01550,2023-07-20,,144500,New Hire,
COMP02435,EMP01551,2023-08-19,,111000,New Hire,
COMP02436,EMP01551,2024-08-18,111000.0,117000,Annual Merit Increase,5.2
COMP02437,EMP01551,2025-11-18,117000.0,121500,Annual Merit Increase,4.0
COMP02438,EMP01552,2026-05-19,,71500,New Hire,
COMP02439,EMP01553,2024-04-12,,85000,New Hire,
COMP02440,EMP01553,2025-04-12,85000.0,88000,Annual Merit Increase,3.3
COMP02441,EMP01554,2024-10-05,,100000,New Hire,
COMP02442,EMP01555,2024-06-10,,94000,New Hire,
COMP02443,EMP01555,2025-06-10,94000.0,99500,Annual Merit Increase,5.7
COMP02444,EMP01555,2026-04-19,99500.0,105000,Annual Merit Increase,5.7
COMP02445,EMP01556,2024-11-17,,87500,New Hire,
COMP02446,EMP01557,2023-05-05,,135500,New Hire,
COMP02447,EMP01557,2024-05-04,135500.0,140500,Annual Merit Increase,3.8
COMP02448,EMP01557,2025-06-26,140500.0,144000,Annual Merit Increase,2.6
COMP02449,EMP01557,2026-04-18,144000.0,152000,Annual Merit Increase,5.6
COMP02450,EMP01558,2025-06-22,,142000,New Hire,
COMP02451,EMP01558,2026-06-22,142000.0,147500,Annual Merit Increase,4.0
COMP02452,EMP01559,2023-05-16,,175500,New Hire,
COMP02453,EMP01560,2026-02-07,,104000,New Hire,
COMP02454,EMP01561,2024-06-28,,137000,New Hire,
COMP02455,EMP01562,2025-06-09,,91500,New Hire,
COMP02456,EMP01562,2026-06-09,91500.0,94000,Annual Merit Increase,2.6
COMP02457,EMP01563,2026-04-03,,68500,New Hire,
COMP02458,EMP01564,2025-10-15,,160500,New Hire,
COMP02459,EMP01565,2025-06-16,,169000,New Hire,
COMP02460,EMP01565,2026-06-16,169000.0,173000,Annual Merit Increase,2.3
COMP02461,EMP01566,2024-10-18,,173500,New Hire,
COMP02462,EMP01566,2025-10-18,173500.0,179500,Annual Merit Increase,3.4
COMP02463,EMP01567,2024-10-14,,140500,New Hire,
COMP02464,EMP01567,2025-10-14,140500.0,143500,Annual Merit Increase,2.2
COMP02465,EMP01568,2025-10-03,,192000,New Hire,
COMP02466,EMP01569,2026-07-12,,188000,New Hire,
COMP02467,EMP01570,2025-10-09,,152000,New Hire,
COMP02468,EMP01571,2025-07-28,,140500,New Hire,
COMP02469,EMP01572,2025-12-07,,101000,New Hire,
COMP02470,EMP01573,2025-04-09,,262000,New Hire,
COMP02471,EMP01573,2026-04-09,262000.0,272500,Annual Merit Increase,4.0
COMP02472,EMP01574,2023-04-13,,143000,New Hire,
COMP02473,EMP01574,2024-04-12,143000.0,151500,Annual Merit Increase,5.9
COMP02474,EMP01575,2025-07-18,,305500,New Hire,
COMP02475,EMP01575,2026-07-18,305500.0,323500,Annual Merit Increase,5.8
COMP02476,EMP01576,2026-06-05,,177000,New Hire,
COMP02477,EMP01577,2024-03-13,,68500,New Hire,
COMP02478,EMP01577,2025-03-13,68500.0,72000,Annual Merit Increase,5.4
COMP02479,EMP01577,2026-05-13,72000.0,76000,Annual Merit Increase,5.7
COMP02480,EMP01578,2025-11-04,,101500,New Hire,
COMP02481,EMP01579,2024-04-02,,58500,New Hire,
COMP02482,EMP01580,2025-06-16,,120500,New Hire,
COMP02483,EMP01580,2026-06-16,120500.0,123000,Annual Merit Increase,2.1
COMP02484,EMP01581,2023-09-09,,163500,New Hire,
COMP02485,EMP01582,2025-03-09,,73500,New Hire,
COMP02486,EMP01582,2026-03-09,73500.0,76000,Annual Merit Increase,3.2
COMP02487,EMP01583,2026-01-06,,80000,New Hire,
COMP02488,EMP01584,2024-11-11,,114500,New Hire,
COMP02489,EMP01584,2025-11-11,114500.0,120500,Annual Merit Increase,5.4
COMP02490,EMP01585,2025-10-22,,143000,New Hire,
COMP02491,EMP01586,2026-02-24,,113500,New Hire,
COMP02492,EMP01587,2026-06-22,,97500,New Hire,
COMP02493,EMP01588,2024-06-01,,90000,New Hire,
COMP02494,EMP01588,2025-06-01,90000.0,95500,Annual Merit Increase,6.0
COMP02495,EMP01588,2026-04-09,95500.0,100000,Annual Merit Increase,4.5
COMP02496,EMP01589,2025-01-04,,116500,New Hire,
COMP02497,EMP01589,2026-01-04,116500.0,123000,Annual Merit Increase,5.6
COMP02498,EMP01590,2024-02-13,,86500,New Hire,
COMP02499,EMP01590,2025-02-12,86500.0,89000,Annual Merit Increase,3.0
COMP02500,EMP01591,2026-07-23,,152000,New Hire,
COMP02501,EMP01592,2026-06-13,,76500,New Hire,
COMP02502,EMP01593,2025-06-13,,122500,New Hire,
COMP02503,EMP01593,2026-06-13,122500.0,125500,Annual Merit Increase,2.5
COMP02504,EMP01594,2026-03-02,,93500,New Hire,
COMP02505,EMP01595,2025-06-09,,97500,New Hire,
COMP02506,EMP01595,2026-06-09,97500.0,103000,Annual Merit Increase,5.5
COMP02507,EMP01596,2025-09-24,,124000,New Hire,
COMP02508,EMP01597,2023-08-08,,107500,New Hire,
COMP02509,EMP01597,2024-08-07,107500.0,121500,Promotion,12.9
COMP02510,EMP01597,2025-09-20,121500.0,125000,Annual Merit Increase,3.1
COMP02511,EMP01598,2026-01-07,,246500,New Hire,
COMP02512,EMP01599,2023-12-04,,176500,New Hire,
COMP02513,EMP01599,2024-12-03,176500.0,181000,Annual Merit Increase,2.6
COMP02514,EMP01599,2025-10-10,181000.0,185000,Annual Merit Increase,2.2
COMP02515,EMP01600,2026-03-18,,139500,New Hire,
COMP02516,EMP01601,2026-02-03,,85000,New Hire,
COMP02517,EMP01602,2025-11-28,,179000,New Hire,
COMP02518,EMP01603,2023-01-06,,120000,New Hire,
COMP02519,EMP01603,2024-01-06,120000.0,122500,Annual Merit Increase,2.2
COMP02520,EMP01603,2024-12-31,122500.0,127500,Annual Merit Increase,4.1
COMP02521,EMP01603,2025-10-21,127500.0,133000,Annual Merit Increase,4.3
COMP02522,EMP01604,2024-09-12,,76000,New Hire,
COMP02523,EMP01604,2025-09-12,76000.0,78000,Annual Merit Increase,2.4
COMP02524,EMP01605,2024-07-12,,146500,New Hire,
COMP02525,EMP01605,2025-07-12,146500.0,155000,Annual Merit Increase,5.8
COMP02526,EMP01605,2026-07-15,155000.0,159000,Annual Merit Increase,2.6
COMP02527,EMP01606,2024-12-21,,129000,New Hire,
COMP02528,EMP01606,2025-12-21,129000.0,133000,Annual Merit Increase,3.1
COMP02529,EMP01607,2023-08-28,,70500,New Hire,
COMP02530,EMP01608,2026-06-08,,85500,New Hire,
COMP02531,EMP01609,2025-07-22,,120000,New Hire,
COMP02532,EMP01609,2026-07-22,120000.0,125000,Annual Merit Increase,4.0
COMP02533,EMP01610,2024-09-22,,103500,New Hire,
COMP02534,EMP01610,2025-09-22,103500.0,106000,Annual Merit Increase,2.4
COMP02535,EMP01611,2025-01-01,,122500,New Hire,
COMP02536,EMP01611,2026-01-01,122500.0,126000,Annual Merit Increase,2.8
COMP02537,EMP01612,2025-03-04,,66000,New Hire,
COMP02538,EMP01612,2026-03-04,66000.0,69000,Annual Merit Increase,4.6
COMP02539,EMP01613,2025-08-21,,65500,New Hire,
COMP02540,EMP01614,2025-05-28,,128000,New Hire,
COMP02541,EMP01614,2026-05-28,128000.0,133000,Annual Merit Increase,4.0
COMP02542,EMP01615,2026-05-11,,107500,New Hire,
COMP02543,EMP01616,2025-05-03,,75500,New Hire,
COMP02544,EMP01617,2026-07-13,,91500,New Hire,
COMP02545,EMP01618,2026-04-25,,71500,New Hire,
COMP02546,EMP01619,2024-05-17,,208000,New Hire,
COMP02547,EMP01619,2025-05-17,208000.0,216500,Annual Merit Increase,4.2
COMP02548,EMP01619,2026-06-30,216500.0,226500,Annual Merit Increase,4.5
COMP02549,EMP01620,2026-06-22,,109000,New Hire,
COMP02550,EMP01621,2023-11-22,,108500,New Hire,
COMP02551,EMP01621,2024-11-21,108500.0,112500,Annual Merit Increase,3.6
COMP02552,EMP01622,2026-03-10,,80500,New Hire,
COMP02553,EMP01623,2024-12-21,,138000,New Hire,
COMP02554,EMP01624,2026-04-12,,121000,New Hire,
COMP02555,EMP01625,2026-04-15,,68000,New Hire,
COMP02556,EMP01626,2026-02-21,,64500,New Hire,
COMP02557,EMP01627,2026-02-10,,98000,New Hire,
COMP02558,EMP01628,2024-09-14,,151500,New Hire,
COMP02559,EMP01629,2023-07-13,,166000,New Hire,
COMP02560,EMP01629,2024-07-12,166000.0,175500,Annual Merit Increase,5.7
COMP02561,EMP01629,2025-09-18,175500.0,180500,Annual Merit Increase,2.9
COMP02562,EMP01630,2025-01-05,,125000,New Hire,
COMP02563,EMP01630,2026-01-05,125000.0,128500,Annual Merit Increase,2.6
COMP02564,EMP01631,2024-03-06,,152000,New Hire,
COMP02565,EMP01631,2025-03-06,152000.0,159000,Annual Merit Increase,4.7
COMP02566,EMP01631,2026-04-14,159000.0,164500,Annual Merit Increase,3.5
COMP02567,EMP01632,2025-11-24,,76000,New Hire,
COMP02568,EMP01633,2024-11-02,,150000,New Hire,
COMP02569,EMP01633,2025-11-02,150000.0,155000,Annual Merit Increase,3.4
COMP02570,EMP01634,2026-07-22,,142500,New Hire,
COMP02571,EMP01635,2025-09-17,,69500,New Hire,
COMP02572,EMP01636,2026-03-04,,173000,New Hire,
COMP02573,EMP01637,2024-01-14,,69000,New Hire,
COMP02574,EMP01637,2025-01-13,69000.0,78000,Promotion,12.9
COMP02575,EMP01637,2026-03-29,78000.0,80500,Annual Merit Increase,2.9
COMP02576,EMP01638,2026-04-10,,324000,New Hire,
COMP02577,EMP01639,2026-05-03,,163000,New Hire,
COMP02578,EMP01640,2025-05-25,,132000,New Hire,
COMP02579,EMP01640,2026-05-25,132000.0,136000,Annual Merit Increase,3.1
COMP02580,EMP01641,2025-08-03,,165500,New Hire,
COMP02581,EMP01642,2026-01-15,,63500,New Hire,
COMP02582,EMP01643,2024-03-06,,134500,New Hire,
COMP02583,EMP01644,2025-05-17,,113500,New Hire,
COMP02584,EMP01644,2026-05-17,113500.0,117000,Annual Merit Increase,3.3
COMP02585,EMP01645,2025-01-12,,78500,New Hire,
COMP02586,EMP01646,2024-01-22,,247000,New Hire,
COMP02587,EMP01647,2024-12-20,,176500,New Hire,
COMP02588,EMP01647,2025-12-20,176500.0,181000,Annual Merit Increase,2.5
COMP02589,EMP01648,2023-05-24,,81000,New Hire,
COMP02590,EMP01648,2024-05-23,81000.0,83000,Annual Merit Increase,2.7
COMP02591,EMP01648,2025-08-27,83000.0,87000,Annual Merit Increase,4.9
COMP02592,EMP01649,2022-12-29,,161000,New Hire,
COMP02593,EMP01650,2024-01-11,,61000,New Hire,
COMP02594,EMP01651,2026-07-25,,74000,New Hire,
COMP02595,EMP01652,2025-06-04,,94500,New Hire,
COMP02596,EMP01652,2026-06-04,94500.0,99500,Annual Merit Increase,5.1
COMP02597,EMP01653,2026-07-26,,404500,New Hire,
COMP02598,EMP01654,2025-02-26,,52500,New Hire,
COMP02599,EMP01655,2024-10-06,,89500,New Hire,
COMP02600,EMP01656,2025-05-01,,61500,New Hire,
COMP02601,EMP01656,2026-05-01,61500.0,65000,Annual Merit Increase,5.7
COMP02602,EMP01657,2025-03-20,,148000,New Hire,
COMP02603,EMP01657,2026-03-20,148000.0,152500,Annual Merit Increase,3.0
COMP02604,EMP01658,2023-10-23,,110500,New Hire,
COMP02605,EMP01658,2024-10-22,110500.0,114000,Annual Merit Increase,3.0
COMP02606,EMP01658,2026-01-16,114000.0,119000,Annual Merit Increase,4.6
COMP02607,EMP01659,2025-09-28,,104000,New Hire,
COMP02608,EMP01660,2024-05-16,,57500,New Hire,
COMP02609,EMP01661,2025-09-15,,223500,New Hire,
COMP02610,EMP01662,2025-10-17,,299000,New Hire,
COMP02611,EMP01663,2024-02-08,,139000,New Hire,
COMP02612,EMP01664,2023-04-28,,82500,New Hire,
COMP02613,EMP01664,2024-04-27,82500.0,84500,Annual Merit Increase,2.2
COMP02614,EMP01664,2025-05-13,84500.0,87000,Annual Merit Increase,3.0
COMP02615,EMP01665,2026-02-26,,160000,New Hire,
COMP02616,EMP01666,2025-03-12,,82000,New Hire,
COMP02617,EMP01667,2023-03-27,,141000,New Hire,
COMP02618,EMP01667,2024-03-26,141000.0,144500,Annual Merit Increase,2.6
COMP02619,EMP01667,2025-03-13,144500.0,148500,Annual Merit Increase,2.9
COMP02620,EMP01667,2026-05-07,148500.0,171500,Promotion,15.5
COMP02621,EMP01668,2026-07-22,,157000,New Hire,
COMP02622,EMP01669,2023-03-21,,61500,New Hire,
COMP02623,EMP01669,2024-03-20,61500.0,64000,Annual Merit Increase,4.3
COMP02624,EMP01670,2025-11-10,,95000,New Hire,
COMP02625,EMP01671,2026-07-27,,58500,New Hire,
COMP02626,EMP01672,2024-06-15,,155500,New Hire,
COMP02627,EMP01673,2024-01-30,,127500,New Hire,
COMP02628,EMP01674,2023-12-09,,97000,New Hire,
COMP02629,EMP01674,2024-12-08,97000.0,100000,Annual Merit Increase,3.3
COMP02630,EMP01674,2025-12-25,100000.0,104000,Annual Merit Increase,3.8
COMP02631,EMP01675,2024-09-02,,93500,New Hire,
COMP02632,EMP01675,2025-09-02,93500.0,96500,Annual Merit Increase,3.4
COMP02633,EMP01675,2026-07-23,96500.0,98500,Annual Merit Increase,2.3
COMP02634,EMP01676,2023-10-05,,104500,New Hire,
COMP02635,EMP01677,2025-11-06,,105500,New Hire,
COMP02636,EMP01678,2023-04-07,,68000,New Hire,
COMP02637,EMP01678,2024-04-06,68000.0,69500,Annual Merit Increase,2.6
COMP02638,EMP01679,2025-05-21,,141000,New Hire,
COMP02639,EMP01679,2026-05-21,141000.0,145500,Annual Merit Increase,3.1
COMP02640,EMP01680,2026-07-25,,61000,New Hire,
COMP02641,EMP01681,2026-03-01,,180000,New Hire,
COMP02642,EMP01682,2025-08-23,,145500,New Hire,
COMP02643,EMP01683,2024-09-26,,95500,New Hire,
COMP02644,EMP01683,2025-09-26,95500.0,97500,Annual Merit Increase,2.2
COMP02645,EMP01684,2025-09-07,,165500,New Hire,
COMP02646,EMP01685,2025-06-20,,108000,New Hire,
COMP02647,EMP01686,2025-02-25,,111500,New Hire,
COMP02648,EMP01686,2026-02-25,111500.0,117000,Annual Merit Increase,5.1
COMP02649,EMP01687,2023-12-30,,65000,New Hire,
COMP02650,EMP01688,2026-05-12,,73000,New Hire,
COMP02651,EMP01689,2025-03-16,,114500,New Hire,
COMP02652,EMP01689,2026-03-16,114500.0,119500,Annual Merit Increase,4.4
COMP02653,EMP01690,2024-04-16,,69500,New Hire,
COMP02654,EMP01691,2024-12-11,,90500,New Hire,
COMP02655,EMP01691,2025-12-11,90500.0,95500,Annual Merit Increase,5.7
COMP02656,EMP01692,2025-02-21,,60500,New Hire,
COMP02657,EMP01692,2026-02-21,60500.0,63000,Annual Merit Increase,3.8
COMP02658,EMP01693,2026-03-04,,119000,New Hire,
COMP02659,EMP01694,2025-12-13,,72500,New Hire,
COMP02660,EMP01695,2026-01-07,,81000,New Hire,
COMP02661,EMP01696,2022-10-04,,55000,New Hire,
COMP02662,EMP01697,2025-02-15,,270000,New Hire,
COMP02663,EMP01698,2025-04-19,,76000,New Hire,
COMP02664,EMP01699,2022-11-09,,105500,New Hire,
COMP02665,EMP01699,2023-11-09,105500.0,108000,Annual Merit Increase,2.4
COMP02666,EMP01700,2024-07-11,,59000,New Hire,
COMP02667,EMP01700,2025-07-11,59000.0,60500,Annual Merit Increase,2.4
COMP02668,EMP01700,2026-07-10,60500.0,63000,Annual Merit Increase,4.0
COMP02669,EMP01701,2026-01-08,,204500,New Hire,
COMP02670,EMP01702,2024-01-01,,74000,New Hire,
COMP02671,EMP01702,2024-12-31,74000.0,76500,Annual Merit Increase,3.4
COMP02672,EMP01702,2025-10-29,76500.0,81000,Annual Merit Increase,5.8
COMP02673,EMP01703,2025-06-23,,211000,New Hire,
COMP02674,EMP01704,2024-05-25,,143000,New Hire,
COMP02675,EMP01705,2022-10-24,,70500,New Hire,
COMP02676,EMP01705,2023-10-24,70500.0,80000,Promotion,13.7
COMP02677,EMP01705,2024-08-22,80000.0,83500,Annual Merit Increase,4.4
COMP02678,EMP01705,2025-10-11,83500.0,86500,Annual Merit Increase,3.5
COMP02679,EMP01706,2024-06-08,,225000,New Hire,
COMP02680,EMP01707,2026-07-13,,104000,New Hire,
COMP02681,EMP01708,2026-02-22,,99000,New Hire,
COMP02682,EMP01709,2026-06-27,,201000,New Hire,
COMP02683,EMP01710,2025-05-04,,160000,New Hire,
COMP02684,EMP01710,2026-05-04,160000.0,166000,Annual Merit Increase,3.8
COMP02685,EMP01711,2023-11-08,,71500,New Hire,
COMP02686,EMP01712,2025-06-03,,85000,New Hire,
COMP02687,EMP01712,2026-06-03,85000.0,88000,Annual Merit Increase,3.7
COMP02688,EMP01713,2025-03-29,,173000,New Hire,
COMP02689,EMP01713,2026-03-29,173000.0,183500,Annual Merit Increase,6.0
COMP02690,EMP01714,2026-03-09,,98000,New Hire,
COMP02691,EMP01715,2023-09-29,,160500,New Hire,
COMP02692,EMP01715,2024-09-28,160500.0,169000,Annual Merit Increase,5.3
COMP02693,EMP01716,2025-05-02,,124000,New Hire,
COMP02694,EMP01717,2024-02-02,,99000,New Hire,
COMP02695,EMP01717,2025-02-01,99000.0,103500,Annual Merit Increase,4.6
COMP02696,EMP01717,2025-12-06,103500.0,109500,Annual Merit Increase,5.8
COMP02697,EMP01718,2024-10-28,,204000,New Hire,
COMP02698,EMP01718,2025-10-28,204000.0,214500,Annual Merit Increase,5.0
COMP02699,EMP01719,2025-12-13,,54500,New Hire,
COMP02700,EMP01720,2025-04-15,,307000,New Hire,
COMP02701,EMP01720,2026-04-15,307000.0,318500,Annual Merit Increase,3.7
COMP02702,EMP01721,2024-12-28,,166000,New Hire,
COMP02703,EMP01722,2025-01-23,,120500,New Hire,
COMP02704,EMP01723,2025-03-12,,57500,New Hire,
COMP02705,EMP01724,2026-02-26,,174500,New Hire,
COMP02706,EMP01725,2026-05-04,,99000,New Hire,
COMP02707,EMP01726,2026-06-26,,102000,New Hire,
COMP02708,EMP01727,2026-02-08,,191500,New Hire,
COMP02709,EMP01728,2024-10-09,,113000,New Hire,
COMP02710,EMP01728,2025-10-09,113000.0,115500,Annual Merit Increase,2.3
COMP02711,EMP01729,2025-11-23,,63000,New Hire,
COMP02712,EMP01730,2025-03-05,,63500,New Hire,
COMP02713,EMP01731,2024-07-24,,241500,New Hire,
COMP02714,EMP01731,2025-07-24,241500.0,255500,Annual Merit Increase,5.7
COMP02715,EMP01732,2026-03-20,,66000,New Hire,
COMP02716,EMP01733,2023-01-18,,111000,New Hire,
COMP02717,EMP01733,2024-01-18,111000.0,117000,Annual Merit Increase,5.3
COMP02718,EMP01733,2025-03-05,117000.0,120500,Annual Merit Increase,3.2
COMP02719,EMP01733,2026-01-26,120500.0,123500,Annual Merit Increase,2.3
COMP02720,EMP01734,2026-05-11,,103500,New Hire,
COMP02721,EMP01735,2025-04-15,,71500,New Hire,
COMP02722,EMP01735,2026-04-15,71500.0,73500,Annual Merit Increase,3.0
COMP02723,EMP01736,2025-09-28,,75500,New Hire,
COMP02724,EMP01737,2025-10-22,,81000,New Hire,
COMP02725,EMP01738,2026-05-09,,103500,New Hire,
COMP02726,EMP01739,2025-09-17,,339000,New Hire,
COMP02727,EMP01740,2025-08-27,,67500,New Hire,
COMP02728,EMP01741,2023-05-26,,98500,New Hire,
COMP02729,EMP01741,2024-05-25,98500.0,102500,Annual Merit Increase,3.9
COMP02730,EMP01741,2025-04-10,102500.0,106000,Annual Merit Increase,3.5
COMP02731,EMP01741,2026-06-25,106000.0,109000,Annual Merit Increase,2.7
COMP02732,EMP01742,2025-06-12,,85000,New Hire,
COMP02733,EMP01743,2024-02-07,,91000,New Hire,
COMP02734,EMP01744,2025-12-10,,111000,New Hire,
COMP02735,EMP01745,2025-05-25,,77500,New Hire,
COMP02736,EMP01746,2025-11-26,,73500,New Hire,
COMP02737,EMP01747,2023-02-25,,111500,New Hire,
COMP02738,EMP01747,2024-02-25,111500.0,123500,Promotion,10.6
COMP02739,EMP01747,2025-04-21,123500.0,131000,Annual Merit Increase,5.9
COMP02740,EMP01747,2026-04-11,131000.0,136500,Annual Merit Increase,4.1
COMP02741,EMP01748,2023-07-10,,101500,New Hire,
COMP02742,EMP01748,2024-07-09,101500.0,105500,Annual Merit Increase,3.9
COMP02743,EMP01748,2025-08-09,105500.0,110500,Annual Merit Increase,4.7
COMP02744,EMP01748,2026-06-08,110500.0,115000,Annual Merit Increase,4.2
COMP02745,EMP01749,2025-12-27,,79000,New Hire,
COMP02746,EMP01750,2023-06-13,,89500,New Hire,
COMP02747,EMP01750,2024-06-12,89500.0,91500,Annual Merit Increase,2.1
COMP02748,EMP01750,2025-08-04,91500.0,95500,Annual Merit Increase,4.2
