CompChangeID,EmployeeID,EffectiveDate,PreviousSalary,NewSalary,ChangeType,PercentChange
COMP00001,EMP00001,24-06-25,,114500,New Hire,
COMP00002,EMP00001,24-06-26,114500,118000,Annual Merit Increase,3
COMP00003,EMP00002,03-03-24,,92500,New Hire,
COMP00004,EMP00002,03-03-25,92500,94500,Annual Merit Increase,2.1
COMP00005,EMP00002,16-03-26,94500,99000,Annual Merit Increase,4.9
COMP00006,EMP00003,24-07-26,,179000,New Hire,
COMP00007,EMP00004,17-01-26,,67000,New Hire,
COMP00008,EMP00005,05-06-26,,149000,New Hire,
COMP00009,EMP00006,20-05-26,,71000,New Hire,
COMP00010,EMP00007,21-08-25,,85000,New Hire,
COMP00011,EMP00008,08-05-26,,76500,New Hire,
COMP00012,EMP00009,26-08-23,,192000,New Hire,
COMP00013,EMP00009,25-08-24,192000,196500,Annual Merit Increase,2.3
COMP00014,EMP00009,29-11-25,196500,218000,Promotion,10.9
COMP00015,EMP00010,14-04-24,,90000,New Hire,
COMP00016,EMP00010,14-04-25,90000,95000,Annual Merit Increase,5.7
COMP00017,EMP00010,02-04-26,95000,98000,Annual Merit Increase,3
COMP00018,EMP00011,04-02-23,,79500,New Hire,
COMP00019,EMP00011,04-02-24,79500,90500,Promotion,13.6
COMP00020,EMP00011,04-12-24,90500,94000,Annual Merit Increase,3.9
COMP00021,EMP00011,14-10-25,94000,98500,Annual Merit Increase,4.6
COMP00022,EMP00012,11-10-24,,90500,New Hire,
COMP00023,EMP00012,11-10-25,90500,93500,Annual Merit Increase,3.6
COMP00024,EMP00013,20-01-25,,52500,New Hire,
COMP00025,EMP00014,15-08-24,,59500,New Hire,
COMP00026,EMP00014,15-08-25,59500,61500,Annual Merit Increase,3.3
COMP00027,EMP00015,19-03-26,,130500,New Hire,
COMP00028,EMP00016,07-11-24,,79500,New Hire,
COMP00029,EMP00016,07-11-25,79500,82500,Annual Merit Increase,3.6
COMP00030,EMP00017,19-08-24,,82500,New Hire,
COMP00031,EMP00017,19-08-25,82500,85500,Annual Merit Increase,3.4
COMP00032,EMP00018,28-06-25,,159500,New Hire,
COMP00033,EMP00018,28-06-26,159500,167000,Annual Merit Increase,4.7
COMP00034,EMP00019,19-01-24,,85500,New Hire,
COMP00035,EMP00019,18-01-25,85500,88000,Annual Merit Increase,2.9
COMP00036,EMP00019,01-01-26,88000,93500,Annual Merit Increase,6
COMP00037,EMP00020,11-02-26,,82500,New Hire,
COMP00038,EMP00021,26-06-23,,81500,New Hire,
COMP00039,EMP00021,25-06-24,81500,84000,Annual Merit Increase,3.3
COMP00040,EMP00021,17-07-25,84000,87000,Annual Merit Increase,3.7
COMP00041,EMP00022,05-07-26,,154000,New Hire,
COMP00042,EMP00023,05-01-26,,92500,New Hire,
COMP00043,EMP00024,22-04-24,,86000,New Hire,
COMP00044,EMP00025,08-09-22,,69000,New Hire,
COMP00045,EMP00025,08-09-23,69000,73000,Annual Merit Increase,5.7
COMP00046,EMP00026,10-03-26,,121500,New Hire,
COMP00047,EMP00027,06-11-25,,79000,New Hire,
COMP00048,EMP00028,15-12-25,,102000,New Hire,
COMP00049,EMP00029,16-01-26,,142500,New Hire,
COMP00050,EMP00030,28-06-23,,105500,New Hire,
COMP00051,EMP00030,27-06-24,105500,107500,Annual Merit Increase,2
COMP00052,EMP00031,17-11-24,,102500,New Hire,
COMP00053,EMP00031,17-11-25,102500,105500,Annual Merit Increase,2.8
COMP00054,EMP00032,08-11-23,,76500,New Hire,
COMP00055,EMP00033,08-04-26,,85000,New Hire,
COMP00056,EMP00034,25-09-25,,53000,New Hire,
COMP00057,EMP00035,09-10-24,,61500,New Hire,
COMP00058,EMP00035,09-10-25,61500,63000,Annual Merit Increase,2.5
COMP00059,EMP00036,02-04-23,,208500,New Hire,
COMP00060,EMP00036,01-04-24,208500,214500,Annual Merit Increase,2.8
COMP00061,EMP00037,15-09-24,,293500,New Hire,
COMP00062,EMP00037,15-09-25,293500,309000,Annual Merit Increase,5.2
COMP00063,EMP00038,18-10-24,,89000,New Hire,
COMP00064,EMP00038,18-10-25,89000,93000,Annual Merit Increase,4.6
COMP00065,EMP00039,03-12-25,,129500,New Hire,
COMP00066,EMP00040,17-09-25,,141000,New Hire,
COMP00067,EMP00041,04-05-26,,85500,New Hire,
COMP00068,EMP00042,04-04-25,,134000,New Hire,
COMP00069,EMP00042,04-04-26,134000,142000,Annual Merit Increase,5.8
COMP00070,EMP00043,14-12-23,,62500,New Hire,
COMP00071,EMP00044,09-12-25,,122000,New Hire,
COMP00072,EMP00045,09-01-26,,175500,New Hire,
COMP00073,EMP00046,25-07-25,,153000,New Hire,
COMP00074,EMP00047,26-01-26,,121000,New Hire,
COMP00075,EMP00048,23-05-25,,70500,New Hire,
COMP00076,EMP00049,18-06-25,,98000,New Hire,
COMP00077,EMP00049,18-06-26,98000,103500,Annual Merit Increase,5.6
COMP00078,EMP00050,10-02-25,,123000,New Hire,
COMP00079,EMP00050,10-02-26,123000,128000,Annual Merit Increase,3.9
COMP00080,EMP00051,21-12-22,,101500,New Hire,
COMP00081,EMP00051,21-12-23,101500,107000,Annual Merit Increase,5.5
COMP00082,EMP00051,01-12-24,107000,111500,Annual Merit Increase,4.2
COMP00083,EMP00051,02-02-26,111500,116500,Annual Merit Increase,4.4
COMP00084,EMP00052,04-10-23,,186500,New Hire,
COMP00085,EMP00052,03-10-24,186500,192000,Annual Merit Increase,3
COMP00086,EMP00052,01-11-25,192000,200000,Annual Merit Increase,4.2
COMP00087,EMP00053,12-12-22,,90500,New Hire,
COMP00088,EMP00054,27-09-25,,84000,New Hire,
COMP00089,EMP00055,08-10-24,,93500,New Hire,
COMP00090,EMP00055,08-10-25,93500,99000,Annual Merit Increase,5.8
COMP00091,EMP00056,02-05-25,,97500,New Hire,
COMP00092,EMP00057,22-05-26,,118000,New Hire,
COMP00093,EMP00058,13-07-24,,143000,New Hire,
COMP00094,EMP00059,21-02-25,,128500,New Hire,
COMP00095,EMP00059,21-02-26,128500,131500,Annual Merit Increase,2.3
COMP00096,EMP00060,16-01-26,,159500,New Hire,
COMP00097,EMP00061,28-06-24,,155500,New Hire,
COMP00098,EMP00061,28-06-25,155500,158500,Annual Merit Increase,2
COMP00099,EMP00062,02-06-23,,136500,New Hire,
COMP00100,EMP00062,01-06-24,136500,143000,Annual Merit Increase,4.8
COMP00101,EMP00063,11-09-24,,65000,New Hire,
COMP00102,EMP00064,10-02-24,,169000,New Hire,
COMP00103,EMP00065,15-06-26,,73500,New Hire,
COMP00104,EMP00066,17-03-26,,75000,New Hire,
COMP00105,EMP00067,08-09-25,,113500,New Hire,
COMP00106,EMP00068,18-04-26,,83000,New Hire,
COMP00107,EMP00069,23-02-26,,54000,New Hire,
COMP00108,EMP00070,09-04-24,,68500,New Hire,
COMP00109,EMP00070,09-04-25,68500,71000,Annual Merit Increase,4
COMP00110,EMP00070,05-05-26,71000,73000,Annual Merit Increase,3.1
COMP00111,EMP00071,25-05-26,,69500,New Hire,
COMP00112,EMP00072,08-06-25,,198000,New Hire,
COMP00113,EMP00073,27-02-26,,58500,New Hire,
COMP00114,EMP00074,14-05-26,,67500,New Hire,
COMP00115,EMP00075,28-10-24,,95000,New Hire,
COMP00116,EMP00076,26-11-23,,93000,New Hire,
COMP00117,EMP00076,25-11-24,93000,95500,Annual Merit Increase,2.4
COMP00118,EMP00077,25-06-24,,204000,New Hire,
COMP00119,EMP00077,25-06-25,204000,211500,Annual Merit Increase,3.8
COMP00120,EMP00077,26-07-26,211500,222000,Annual Merit Increase,4.9
COMP00121,EMP00078,18-02-25,,62000,New Hire,
COMP00122,EMP00079,22-03-26,,91500,New Hire,
COMP00123,EMP00080,20-04-26,,146000,New Hire,
COMP00124,EMP00081,20-09-22,,192500,New Hire,
COMP00125,EMP00081,20-09-23,192500,198500,Annual Merit Increase,3.1
COMP00126,EMP00082,21-05-25,,134500,New Hire,
COMP00127,EMP00083,12-02-25,,148500,New Hire,
COMP00128,EMP00083,12-02-26,148500,152500,Annual Merit Increase,2.6
COMP00129,EMP00084,19-05-24,,79500,New Hire,
COMP00130,EMP00084,19-05-25,79500,81500,Annual Merit Increase,2.7
COMP00131,EMP00085,14-12-23,,79500,New Hire,
COMP00132,EMP00085,13-12-24,79500,82000,Annual Merit Increase,3.1
COMP00133,EMP00085,11-12-25,82000,85000,Annual Merit Increase,3.8
COMP00134,EMP00086,17-11-24,,99500,New Hire,
COMP00135,EMP00086,17-11-25,99500,103500,Annual Merit Increase,3.9
COMP00136,EMP00087,24-06-26,,155500,New Hire,
COMP00137,EMP00088,21-10-24,,73000,New Hire,
COMP00138,EMP00088,21-10-25,73000,75500,Annual Merit Increase,3.6
COMP00139,EMP00089,03-06-25,,323000,New Hire,
COMP00140,EMP00089,03-06-26,323000,342500,Annual Merit Increase,6
COMP00141,EMP00090,26-11-25,,97000,New Hire,
COMP00142,EMP00091,30-12-24,,81000,New Hire,
COMP00143,EMP00091,30-12-25,81000,84000,Annual Merit Increase,3.7
COMP00144,EMP00092,23-07-26,,82500,New Hire,
COMP00145,EMP00093,07-07-26,,218000,New Hire,
COMP00146,EMP00094,17-07-24,,85500,New Hire,
COMP00147,EMP00094,17-07-25,85500,89000,Annual Merit Increase,4.1
COMP00148,EMP00095,12-05-25,,175500,New Hire,
COMP00149,EMP00095,12-05-26,175500,180000,Annual Merit Increase,2.6
COMP00150,EMP00096,09-09-24,,160500,New Hire,
COMP00151,EMP00097,15-08-24,,101500,New Hire,
COMP00152,EMP00097,15-08-25,101500,106000,Annual Merit Increase,4.5
COMP00153,EMP00098,18-01-23,,71000,New Hire,
COMP00154,EMP00098,18-01-24,71000,74500,Annual Merit Increase,
COMP00155,EMP00098,17-11-24,74500,85500,Promotion,14.6
COMP00156,EMP00098,06-11-25,85500,89500,Annual Merit Increase,4.8
COMP00157,EMP00099,21-08-25,,81500,New Hire,
COMP00158,EMP00100,13-05-25,,82500,New Hire,
COMP00159,EMP00100,13-05-26,82500,85500,Annual Merit Increase,3.9
COMP00160,EMP00101,30-03-23,,442000,New Hire,
COMP00161,EMP00102,21-08-24,,84500,New Hire,
COMP00162,EMP00103,30-05-26,,78000,New Hire,
COMP00163,EMP00104,08-06-24,,156000,New Hire,
COMP00164,EMP00104,08-06-25,156000,164500,Annual Merit Increase,5.5
COMP00165,EMP00105,14-01-24,,173500,New Hire,
COMP00166,EMP00105,13-01-25,173500,182500,Annual Merit Increase,5.3
COMP00167,EMP00105,27-01-26,182500,191500,Annual Merit Increase,5
COMP00168,EMP00106,08-05-25,,161500,New Hire,
COMP00169,EMP00106,08-05-26,161500,167500,Annual Merit Increase,3.6
COMP00170,EMP00107,14-07-26,,143000,New Hire,
COMP00171,EMP00108,07-06-24,,188500,New Hire,
COMP00172,EMP00108,07-06-25,188500,193000,Annual Merit Increase,2.4
COMP00173,EMP00108,13-05-26,193000,200500,Annual Merit Increase,3.8
COMP00174,EMP00109,23-10-25,,97000,New Hire,
COMP00175,EMP00110,12-01-26,,166500,New Hire,
COMP00176,EMP00111,11-06-24,,60500,New Hire,
COMP00177,EMP00111,11-06-25,60500,63500,Annual Merit Increase,4.8
COMP00178,EMP00111,24-04-26,63500,66000,Annual Merit Increase,4.2
COMP00179,EMP00112,22-12-25,,121500,New Hire,
COMP00180,EMP00113,22-12-24,,123500,New Hire,
COMP00181,EMP00114,11-09-25,,70500,New Hire,
COMP00182,EMP00115,25-09-25,,148000,New Hire,
COMP00183,EMP00116,22-06-25,,196000,New Hire,
COMP00184,EMP00117,28-08-23,,94500,New Hire,
COMP00185,EMP00117,27-08-24,94500,100000,Annual Merit Increase,5.6
COMP00186,EMP00117,10-12-25,100000,103000,Annual Merit Increase,3
COMP00187,EMP00118,29-03-26,,142000,New Hire,
COMP00188,EMP00119,13-10-24,,74500,New Hire,
COMP00189,EMP00119,13-10-25,74500,79000,Annual Merit Increase,5.9
COMP00190,EMP00120,18-04-24,,146500,New Hire,
COMP00191,EMP00120,18-04-25,146500,154500,Annual Merit Increase,5.6
COMP00192,EMP00120,06-03-26,154500,162000,Annual Merit Increase,4.8
COMP00193,EMP00121,02-02-23,,84500,New Hire,
COMP00194,EMP00122,29-08-25,,108000,New Hire,
COMP00195,EMP00123,21-10-25,,198000,New Hire,
COMP00196,EMP00124,15-10-22,,153000,New Hire,
COMP00197,EMP00124,15-10-23,153000,161000,Annual Merit Increase,5.3
COMP00198,EMP00124,12-08-24,161000,167500,Annual Merit Increase,4.1
COMP00199,EMP00125,20-05-25,,169000,New Hire,
COMP00200,EMP00125,20-05-26,169000,177500,Annual Merit Increase,5
COMP00201,EMP00126,27-06-24,,95500,New Hire,
COMP00202,EMP00127,18-10-25,,162500,New Hire,
COMP00203,EMP00128,15-03-24,,70000,New Hire,
COMP00204,EMP00128,15-03-25,70000,72500,Annual Merit Increase,3.3
COMP00205,EMP00128,17-06-26,72500,76000,Annual Merit Increase,5
COMP00206,EMP00129,19-11-25,,159500,New Hire,
COMP00207,EMP00130,23-01-25,,84000,New Hire,
COMP00208,EMP00130,23-01-26,84000,88000,Annual Merit Increase,4.6
COMP00209,EMP00131,24-06-26,,71500,New Hire,
COMP00210,EMP00132,12-01-24,,150500,New Hire,
COMP00211,EMP00132,11-01-25,150500,159000,Annual Merit Increase,5.6
COMP00212,EMP00133,13-11-24,,124500,New Hire,
COMP00213,EMP00133,13-11-25,124500,131500,Annual Merit Increase,5.4
COMP00214,EMP00134,22-11-23,,99000,New Hire,
COMP00215,EMP00135,11-06-26,,97000,New Hire,
COMP00216,EMP00136,05-04-26,,77500,New Hire,
COMP00217,EMP00137,29-07-24,,65000,New Hire,
COMP00218,EMP00137,29-07-25,65000,69000,Annual Merit Increase,5.9
COMP00219,EMP00138,01-10-25,,74500,New Hire,
COMP00220,EMP00139,24-03-26,,103000,New Hire,
COMP00221,EMP00140,03-07-25,,60000,New Hire,
COMP00222,EMP00140,03-07-26,60000,62000,Annual Merit Increase,3.6
COMP00223,EMP00141,22-06-25,,151500,New Hire,
COMP00224,EMP00142,19-06-24,,104000,New Hire,
COMP00225,EMP00142,19-06-25,104000,109500,Annual Merit Increase,5.1
COMP00226,EMP00142,16-05-26,109500,113000,Annual Merit Increase,3.1
COMP00227,EMP00143,23-08-23,,174000,New Hire,
COMP00228,EMP00143,22-08-24,174000,180000,Annual Merit Increase,3.5
COMP00229,EMP00143,16-08-25,180000,189500,Annual Merit Increase,5.2
COMP00230,EMP00144,29-05-26,,183000,New Hire,
COMP00231,EMP00145,30-05-26,,75500,New Hire,
COMP00232,EMP00146,07-09-25,,144500,New Hire,
COMP00233,EMP00147,12-11-24,,158500,New Hire,
COMP00234,EMP00148,15-11-24,,252500,New Hire,
COMP00235,EMP00148,15-11-25,252500,266000,Annual Merit Increase,5.4
COMP00236,EMP00149,25-12-25,,143500,New Hire,
COMP00237,EMP00150,05-05-26,,65500,New Hire,
COMP00238,EMP00151,15-05-26,,171500,New Hire,
COMP00239,EMP00152,08-02-26,,130000,New Hire,
COMP00240,EMP00153,10-09-25,,123000,New Hire,
COMP00241,EMP00154,26-07-23,,113500,New Hire,
COMP00242,EMP00155,16-02-24,,151000,New Hire,
COMP00243,EMP00156,08-05-26,,189500,New Hire,
COMP00244,EMP00157,01-08-25,,61000,New Hire,
COMP00245,EMP00158,12-09-22,,81000,New Hire,
COMP00246,EMP00158,12-09-23,81000,83500,Annual Merit Increase,3.2
COMP00247,EMP00159,05-10-23,,62500,New Hire,
COMP00248,EMP00159,04-10-24,62500,66000,Annual Merit Increase,5.4
COMP00249,EMP00159,11-01-26,66000,67500,Annual Merit Increase,2.3
COMP00250,EMP00160,03-10-25,,128000,New Hire,
COMP00251,EMP00161,01-09-22,,140000,New Hire,
COMP00252,EMP00161,01-09-23,140000,143000,Annual Merit Increase,2.1
COMP00253,EMP00161,28-07-24,143000,147000,Annual Merit Increase,2.7
COMP00254,EMP00162,04-02-24,,142000,New Hire,
COMP00255,EMP00162,03-02-25,142000,149000,Annual Merit Increase,4.9
COMP00256,EMP00162,20-01-26,149000,153000,Annual Merit Increase,2.8
COMP00257,EMP00163,08-06-25,,103000,New Hire,
COMP00258,EMP00163,08-06-26,103000,108500,Annual Merit Increase,5.5
COMP00259,EMP00164,03-11-25,,133500,New Hire,
COMP00260,EMP00165,10-10-25,,84000,New Hire,
COMP00261,EMP00166,02-06-24,,112500,New Hire,
COMP00262,EMP00166,02-06-25,112500,116500,Annual Merit Increase,3.6
COMP00263,EMP00166,30-03-26,116500,122000,Annual Merit Increase,4.5
COMP00264,EMP00167,11-12-25,,214000,New Hire,
COMP00265,EMP00168,25-06-24,,242500,New Hire,
COMP00266,EMP00168,25-06-25,242500,255500,Annual Merit Increase,5.3
COMP00267,EMP00169,10-10-24,,203000,New Hire,
COMP00268,EMP00169,10-10-25,203000,214000,Annual Merit Increase,5.5
COMP00269,EMP00170,21-01-26,,224000,New Hire,
COMP00270,EMP00171,14-10-25,,91500,New Hire,
COMP00271,EMP00172,07-04-26,,77000,New Hire,
COMP00272,EMP00173,27-10-25,,124500,New Hire,
COMP00273,EMP00174,27-07-25,,185500,New Hire,
COMP00274,EMP00174,27-07-26,185500,196000,Annual Merit Increase,5.7
COMP00275,EMP00175,02-09-23,,54500,New Hire,
COMP00276,EMP00175,01-09-24,54500,57500,Annual Merit Increase,5.2
COMP00277,EMP00175,03-09-25,57500,60000,Annual Merit Increase,4.7
COMP00278,EMP00175,11-07-26,60000,63500,Annual Merit Increase,5.6
COMP00279,EMP00176,09-12-24,,121000,New Hire,
COMP00280,EMP00176,09-12-25,121000,124000,Annual Merit Increase,2.5
COMP00281,EMP00177,16-08-24,,91500,New Hire,
COMP00282,EMP00177,16-08-25,91500,95000,Annual Merit Increase,3.7
COMP00283,EMP00178,13-07-24,,131000,New Hire,
COMP00284,EMP00178,13-07-25,131000,137500,Annual Merit Increase,5
COMP00285,EMP00179,09-07-26,,108500,New Hire,
COMP00286,EMP00180,20-01-25,,294000,New Hire,
COMP00287,EMP00180,20-01-26,294000,307500,Annual Merit Increase,4.5
COMP00288,EMP00181,04-05-26,,79000,New Hire,
COMP00289,EMP00182,22-09-25,,105500,New Hire,
COMP00290,EMP00183,10-02-26,,147000,New Hire,
COMP00291,EMP00184,26-05-25,,92500,New Hire,
COMP00292,EMP00185,26-07-25,,150500,New Hire,
COMP00293,EMP00185,26-07-26,150500,156500,Annual Merit Increase,4
COMP00294,EMP00186,22-05-25,,158500,New Hire,
COMP00295,EMP00186,22-05-26,158500,162000,Annual Merit Increase,2.2
COMP00296,EMP00187,12-04-24,,146000,New Hire,
COMP00297,EMP00187,12-04-25,146000,152000,Annual Merit Increase,4.2
COMP00298,EMP00187,23-02-26,152000,160500,Annual Merit Increase,5.7
COMP00299,EMP00188,17-12-25,,61500,New Hire,
COMP00300,EMP00189,14-08-24,,319000,New Hire,
COMP00301,EMP00190,14-11-22,,130000,New Hire,
COMP00302,EMP00190,14-11-23,130000,133000,Annual Merit Increase,2.2
COMP00303,EMP00191,25-10-25,,389000,New Hire,
COMP00304,EMP00192,02-03-24,,226000,New Hire,
COMP00305,EMP00193,21-06-26,,97500,New Hire,
COMP00306,EMP00194,25-06-26,,58500,New Hire,
COMP00307,EMP00195,20-05-26,,95000,New Hire,
COMP00308,EMP00196,11-12-24,,113500,New Hire,
COMP00309,EMP00196,11-12-25,113500,117000,Annual Merit Increase,3.2
COMP00310,EMP00197,16-10-22,,59000,New Hire,
COMP00311,EMP00198,19-06-26,,71000,New Hire,
COMP00312,EMP00199,23-02-25,,88000,New Hire,
COMP00313,EMP00199,23-02-26,88000,93000,Annual Merit Increase,5.5
COMP00314,EMP00200,06-07-26,,60500,New Hire,
COMP00315,EMP00201,24-07-26,,51500,New Hire,
COMP00316,EMP00202,19-04-26,,125500,New Hire,
COMP00317,EMP00203,05-09-24,,82500,New Hire,
COMP00318,EMP00203,05-09-25,82500,85500,Annual Merit Increase,3.6
COMP00319,EMP00204,26-01-25,,104000,New Hire,
COMP00320,EMP00204,26-01-26,104000,107500,Annual Merit Increase,3.5
COMP00321,EMP00205,04-04-26,,104500,New Hire,
COMP00322,EMP00206,15-10-24,,130000,New Hire,
COMP00323,EMP00206,15-10-25,130000,136000,Annual Merit Increase,4.8
COMP00324,EMP00207,29-03-24,,145500,New Hire,
COMP00325,EMP00207,29-03-25,145500,152500,Annual Merit Increase,4.8
COMP00326,EMP00207,17-04-26,152500,159000,Annual Merit Increase,4.3
COMP00327,EMP00208,04-07-25,,127000,New Hire,
COMP00328,EMP00209,20-06-26,,94000,New Hire,
COMP00329,EMP00210,10-11-25,,108000,New Hire,
COMP00330,EMP00211,24-07-25,,163000,New Hire,
COMP00331,EMP00212,22-09-23,,172000,New Hire,
COMP00332,EMP00212,21-09-24,172000,177000,Annual Merit Increase,2.9
COMP00333,EMP00212,20-08-25,177000,186000,Annual Merit Increase,5
COMP00334,EMP00212,19-06-26,186000,190000,Annual Merit Increase,2.2
COMP00335,EMP00213,03-08-25,,163500,New Hire,
COMP00336,EMP00214,26-07-26,,157500,New Hire,
COMP00337,EMP00215,05-01-24,,72500,New Hire,
COMP00338,EMP00216,06-06-25,,104000,New Hire,
COMP00339,EMP00217,21-04-26,,68000,New Hire,
COMP00340,EMP00218,22-12-25,,261500,New Hire,
COMP00341,EMP00219,08-11-25,,161000,New Hire,
COMP00342,EMP00220,07-11-25,,149500,New Hire,
COMP00343,EMP00221,21-12-24,,74000,New Hire,
COMP00344,EMP00221,21-12-25,74000,76000,Annual Merit Increase,2.8
COMP00345,EMP00222,10-09-24,,174500,New Hire,
COMP00346,EMP00222,10-09-25,174500,184500,Annual Merit Increase,5.8
COMP00347,EMP00223,06-03-26,,114500,New Hire,
COMP00348,EMP00224,14-03-26,,71000,New Hire,
COMP00349,EMP00225,04-04-26,,95500,New Hire,
COMP00350,EMP00226,28-05-26,,137000,New Hire,
COMP00351,EMP00227,25-05-25,,85000,New Hire,
COMP00352,EMP00228,13-05-25,,127000,New Hire,
COMP00353,EMP00228,13-05-26,127000,132500,Annual Merit Increase,4.4
COMP00354,EMP00229,20-02-26,,76000,New Hire,
COMP00355,EMP00230,17-10-25,,124500,New Hire,
COMP00356,EMP00231,23-11-25,,86500,New Hire,
COMP00357,EMP00232,07-02-26,,80000,New Hire,
COMP00358,EMP00233,04-05-26,,131500,New Hire,
COMP00359,EMP00234,29-11-24,,160500,New Hire,
COMP00360,EMP00235,14-12-24,,144500,New Hire,
COMP00361,EMP00235,14-12-25,144500,151000,Annual Merit Increase,4.5
COMP00362,EMP00236,03-09-23,,144500,New Hire,
COMP00363,EMP00236,02-09-24,144500,149000,Annual Merit Increase,3.3
COMP00364,EMP00236,26-11-25,149000,155500,Annual Merit Increase,4.3
COMP00365,EMP00237,24-07-25,,116500,New Hire,
COMP00366,EMP00238,05-01-23,,81000,New Hire,
COMP00367,EMP00239,16-04-25,,125000,New Hire,
COMP00368,EMP00239,16-04-26,125000,131000,Annual Merit Increase,4.8
COMP00369,EMP00240,26-06-25,,78500,New Hire,
COMP00370,EMP00240,26-06-26,78500,80500,Annual Merit Increase,2.8
COMP00371,EMP00241,23-09-24,,94000,New Hire,
COMP00372,EMP00241,23-09-25,94000,98000,Annual Merit Increase,4.4
COMP00373,EMP00242,20-08-25,,69000,New Hire,
COMP00374,EMP00243,04-12-22,,153500,New Hire,
COMP00375,EMP00243,04-12-23,153500,160500,Annual Merit Increase,4.7
COMP00376,EMP00243,05-10-24,160500,165500,Annual Merit Increase,3
COMP00377,EMP00243,24-11-25,165500,174000,Annual Merit Increase,5.2
COMP00378,EMP00244,24-01-23,,163500,New Hire,
COMP00379,EMP00244,24-01-24,163500,167000,Annual Merit Increase,2.2
COMP00380,EMP00245,30-03-26,,95000,New Hire,
COMP00381,EMP00246,24-12-24,,151500,New Hire,
COMP00382,EMP00247,02-12-23,,164500,New Hire,
COMP00383,EMP00247,01-12-24,164500,178000,Promotion,8.1
COMP00384,EMP00247,25-10-25,178000,184500,Annual Merit Increase,3.6
COMP00385,EMP00248,18-06-25,,79000,New Hire,
COMP00386,EMP00249,19-01-26,,75500,New Hire,
COMP00387,EMP00250,28-05-24,,141500,New Hire,
COMP00388,EMP00250,28-05-25,141500,146000,Annual Merit Increase,3
COMP00389,EMP00251,28-09-25,,77000,New Hire,
COMP00390,EMP00252,19-07-23,,136000,New Hire,
COMP00391,EMP00253,17-03-23,,83000,New Hire,
COMP00392,EMP00253,16-03-24,83000,85500,Annual Merit Increase,2.8
COMP00393,EMP00253,02-07-25,85500,90500,Annual Merit Increase,5.6
COMP00394,EMP00254,14-06-25,,99500,New Hire,
COMP00395,EMP00254,14-06-26,99500,105000,Annual Merit Increase,5.7
COMP00396,EMP00255,19-06-25,,109500,New Hire,
COMP00397,EMP00255,19-06-26,109500,114000,Annual Merit Increase,3.9
COMP00398,EMP00256,22-09-25,,162500,New Hire,
COMP00399,EMP00257,24-12-25,,155500,New Hire,
COMP00400,EMP00258,13-07-26,,124000,New Hire,
COMP00401,EMP00259,12-05-25,,146000,New Hire,
COMP00402,EMP00259,12-05-26,146000,154500,Annual Merit Increase,5.9
COMP00403,EMP00260,30-10-24,,110000,New Hire,
COMP00404,EMP00260,30-10-25,110000,113500,Annual Merit Increase,3.3
COMP00405,EMP00261,26-02-26,,68500,New Hire,
COMP00406,EMP00262,06-08-24,,125000,New Hire,
COMP00407,EMP00263,21-03-25,,82000,New Hire,
COMP00408,EMP00263,21-03-26,82000,85000,Annual Merit Increase,3.7
COMP00409,EMP00264,04-07-23,,183500,New Hire,
COMP00410,EMP00264,03-07-24,183500,193500,Annual Merit Increase,5.3
COMP00411,EMP00264,02-06-25,193500,198000,Annual Merit Increase,2.3
COMP00412,EMP00264,30-05-26,198000,208500,Annual Merit Increase,5.4
COMP00413,EMP00265,19-12-22,,114500,New Hire,
COMP00414,EMP00265,19-12-23,114500,126000,Promotion,10
COMP00415,EMP00265,05-12-24,126000,129000,Annual Merit Increase,2.3
COMP00416,EMP00265,15-11-25,129000,132000,Annual Merit Increase,2.2
COMP00417,EMP00266,16-07-26,,143000,New Hire,
COMP00418,EMP00267,13-03-26,,108500,New Hire,
COMP00419,EMP00268,04-11-25,,147000,New Hire,
COMP00420,EMP00269,23-02-25,,151500,New Hire,
COMP00421,EMP00269,23-02-26,151500,160500,Annual Merit Increase,5.8
COMP00422,EMP00270,17-03-24,,89500,New Hire,
COMP00423,EMP00270,17-03-25,89500,101000,Promotion,13
COMP00424,EMP00270,17-05-26,101000,106000,Annual Merit Increase,5.1
COMP00425,EMP00271,23-02-24,,150500,New Hire,
COMP00426,EMP00271,22-02-25,150500,158000,Annual Merit Increase,4.8
COMP00427,EMP00271,27-02-26,158000,164000,Annual Merit Increase,3.8
COMP00428,EMP00272,01-07-24,,95000,New Hire,
COMP00429,EMP00272,01-07-25,95000,98000,Annual Merit Increase,3.2
COMP00430,EMP00273,18-06-25,,150500,New Hire,
COMP00431,EMP00273,18-06-26,150500,159000,Annual Merit Increase,5.5
COMP00432,EMP00274,20-12-25,,146000,New Hire,
COMP00433,EMP00275,17-10-25,,97000,New Hire,
COMP00434,EMP00276,27-08-24,,237000,New Hire,
COMP00435,EMP00277,28-06-26,,62000,New Hire,
COMP00436,EMP00278,27-12-25,,61500,New Hire,
COMP00437,EMP00279,15-07-25,,177000,New Hire,
COMP00438,EMP00279,15-07-26,177000,185000,Annual Merit Increase,4.4
COMP00439,EMP00280,11-08-25,,70000,New Hire,
COMP00440,EMP00281,25-02-25,,363500,New Hire,
COMP00441,EMP00282,28-07-24,,168000,New Hire,
COMP00442,EMP00283,22-11-24,,62500,New Hire,
COMP00443,EMP00284,13-01-26,,166000,New Hire,
COMP00444,EMP00285,01-10-22,,62000,New Hire,
COMP00445,EMP00286,17-11-23,,78000,New Hire,
COMP00446,EMP00286,16-11-24,78000,82500,Annual Merit Increase,5.9
COMP00447,EMP00286,17-12-25,82500,87000,Annual Merit Increase,5.6
COMP00448,EMP00287,06-02-23,,69500,New Hire,
COMP00449,EMP00287,06-02-24,69500,72000,Annual Merit Increase,3.7
COMP00450,EMP00288,04-02-23,,346500,New Hire,
COMP00451,EMP00288,04-02-24,346500,353500,Annual Merit Increase,2
COMP00452,EMP00288,28-03-25,353500,365000,Annual Merit Increase,3.3
COMP00453,EMP00288,24-02-26,365000,384000,Annual Merit Increase,5.2
COMP00454,EMP00289,20-04-26,,85000,New Hire,
COMP00455,EMP00290,16-11-25,,84500,New Hire,
COMP00456,EMP00291,15-04-25,,257500,New Hire,
COMP00457,EMP00291,15-04-26,257500,266000,Annual Merit Increase,3.3
COMP00458,EMP00292,27-09-23,,171000,New Hire,
COMP00459,EMP00292,26-09-24,171000,177000,Annual Merit Increase,3.6
COMP00460,EMP00292,08-08-25,177000,181500,Annual Merit Increase,2.5
COMP00461,EMP00292,25-07-26,181500,190500,Annual Merit Increase,5
COMP00462,EMP00293,15-05-25,,109000,New Hire,
COMP00463,EMP00294,06-04-25,,151500,New Hire,
COMP00464,EMP00295,15-03-24,,146000,New Hire,
COMP00465,EMP00295,15-03-25,146000,154000,Annual Merit Increase,5.4
COMP00466,EMP00295,05-02-26,154000,163000,Annual Merit Increase,6
COMP00467,EMP00296,14-02-25,,91000,New Hire,
COMP00468,EMP00297,28-01-25,,162500,New Hire,
COMP00469,EMP00297,28-01-26,162500,171000,Annual Merit Increase,5.2
COMP00470,EMP00298,11-09-25,,376000,New Hire,
COMP00471,EMP00299,07-09-25,,96000,New Hire,
COMP00472,EMP00300,09-02-23,,113500,New Hire,
COMP00473,EMP00301,26-12-24,,169000,New Hire,
COMP00474,EMP00301,26-12-25,169000,174500,Annual Merit Increase,3.1
COMP00475,EMP00302,16-09-25,,175000,New Hire,
COMP00476,EMP00303,05-05-25,,146000,New Hire,
COMP00477,EMP00303,05-05-26,146000,150500,Annual Merit Increase,3.1
COMP00478,EMP00304,25-04-26,,96000,New Hire,
COMP00479,EMP00305,20-10-25,,77000,New Hire,
COMP00480,EMP00306,10-02-24,,61500,New Hire,
COMP00481,EMP00307,18-05-23,,189000,New Hire,
COMP00482,EMP00307,17-05-24,189000,197000,Annual Merit Increase,4.3
COMP00483,EMP00308,03-09-25,,58500,New Hire,
COMP00484,EMP00309,13-12-22,,120000,New Hire,
COMP00485,EMP00310,11-07-25,,92000,New Hire,
COMP00486,EMP00310,11-07-26,92000,97000,Annual Merit Increase,5.5
COMP00487,EMP00311,17-06-26,,64500,New Hire,
COMP00488,EMP00312,30-07-25,,103500,New Hire,
COMP00489,EMP00313,30-01-25,,105500,New Hire,
COMP00490,EMP00314,22-09-25,,87500,New Hire,
COMP00491,EMP00315,13-03-25,,84500,New Hire,
COMP00492,EMP00315,13-03-26,84500,87500,Annual Merit Increase,3.5
COMP00493,EMP00316,06-06-25,,84000,New Hire,
COMP00494,EMP00316,06-06-26,84000,88500,Annual Merit Increase,5.7
COMP00495,EMP00317,17-06-26,,68500,New Hire,
COMP00496,EMP00318,27-01-25,,78500,New Hire,
COMP00497,EMP00318,27-01-26,78500,81000,Annual Merit Increase,3.3
COMP00498,EMP00319,13-07-26,,135000,New Hire,
COMP00499,EMP00320,19-05-26,,84000,New Hire,
COMP00500,EMP00321,21-04-24,,61500,New Hire,
COMP00501,EMP00322,19-05-23,,149500,New Hire,
COMP00502,EMP00322,18-05-24,149500,154000,Annual Merit Increase,3
COMP00503,EMP00322,09-05-25,154000,162500,Annual Merit Increase,5.7
COMP00504,EMP00322,08-05-26,162500,171000,Annual Merit Increase,5.3
COMP00505,EMP00323,10-09-23,,257500,New Hire,
COMP00506,EMP00323,09-09-24,257500,268000,Annual Merit Increase,4.2
COMP00507,EMP00323,28-09-25,268000,276500,Annual Merit Increase,3.1
COMP00508,EMP00324,03-11-22,,142500,New Hire,
COMP00509,EMP00324,03-11-23,142500,146000,Annual Merit Increase,2.5
COMP00510,EMP00325,14-09-23,,78000,New Hire,
COMP00511,EMP00325,13-09-24,78000,87000,Promotion,11.4
COMP00512,EMP00325,25-07-25,87000,89000,Annual Merit Increase,2.2
COMP00513,EMP00326,26-11-25,,169000,New Hire,
COMP00514,EMP00327,19-05-23,,220500,New Hire,
COMP00515,EMP00328,05-10-24,,203000,New Hire,
COMP00516,EMP00328,05-10-25,203000,207000,Annual Merit Increase,2.1
COMP00517,EMP00329,29-03-26,,108500,New Hire,
COMP00518,EMP00330,05-11-22,,142500,New Hire,
COMP00519,EMP00330,05-11-23,142500,150000,Annual Merit Increase,5.4
COMP00520,EMP00330,12-12-24,150000,154500,Annual Merit Increase,2.9
COMP00521,EMP00330,28-10-25,154500,173000,Promotion,11.9
COMP00522,EMP00331,20-03-26,,147000,New Hire,
COMP00523,EMP00332,17-08-24,,68500,New Hire,
COMP00524,EMP00333,21-12-23,,111500,New Hire,
COMP00525,EMP00333,20-12-24,111500,114000,Annual Merit Increase,2.2
COMP00526,EMP00334,10-11-25,,172500,New Hire,
COMP00527,EMP00335,05-09-25,,127500,New Hire,
COMP00528,EMP00336,04-04-26,,112500,New Hire,
COMP00529,EMP00337,06-12-25,,133500,New Hire,
COMP00530,EMP00338,26-02-26,,62500,New Hire,
COMP00531,EMP00339,04-08-24,,91000,New Hire,
COMP00532,EMP00339,04-08-25,91000,94500,Annual Merit Increase,3.8
COMP00533,EMP00340,30-03-24,,189000,New Hire,
COMP00534,EMP00340,30-03-25,189000,199000,Annual Merit Increase,5.2
COMP00535,EMP00340,18-02-26,199000,203500,Annual Merit Increase,2.3
COMP00536,EMP00341,07-01-26,,87000,New Hire,
COMP00537,EMP00342,07-02-26,,83000,New Hire,
COMP00538,EMP00343,18-07-26,,189500,New Hire,
COMP00539,EMP00344,03-02-25,,80000,New Hire,
COMP00540,EMP00344,03-02-26,80000,82500,Annual Merit Increase,3.4
COMP00541,EMP00345,01-12-24,,102000,New Hire,
COMP00542,EMP00345,01-12-25,102000,106000,Annual Merit Increase,4
COMP00543,EMP00346,24-01-26,,253000,New Hire,
COMP00544,EMP00347,25-11-24,,133500,New Hire,
COMP00545,EMP00348,04-06-26,,159500,New Hire,
COMP00546,EMP00349,06-04-26,,147500,New Hire,
COMP00547,EMP00350,09-02-25,,83500,New Hire,
COMP00548,EMP00351,22-01-26,,98000,New Hire,
COMP00549,EMP00352,14-01-26,,79000,New Hire,
COMP00550,EMP00353,28-10-23,,110000,New Hire,
COMP00551,EMP00354,12-05-26,,106500,New Hire,
COMP00552,EMP00355,28-05-25,,113500,New Hire,
COMP00553,EMP00355,28-05-26,113500,116500,Annual Merit Increase,2.8
COMP00554,EMP00356,25-03-26,,94000,New Hire,
COMP00555,EMP00357,20-10-24,,97000,New Hire,
COMP00556,EMP00357,20-10-25,97000,102500,Annual Merit Increase,5.5
COMP00557,EMP00358,24-05-26,,161000,New Hire,
COMP00558,EMP00359,25-01-25,,102500,New Hire,
COMP00559,EMP00359,25-01-26,102500,105500,Annual Merit Increase,2.9
COMP00560,EMP00360,04-09-22,,123000,New Hire,
COMP00561,EMP00360,04-09-23,123000,127000,Annual Merit Increase,3.1
COMP00562,EMP00360,11-12-24,127000,130000,Annual Merit Increase,2.3
COMP00563,EMP00361,21-05-26,,99000,New Hire,
COMP00564,EMP00362,30-08-23,,326500,New Hire,
COMP00565,EMP00362,29-08-24,326500,338500,Annual Merit Increase,3.6
COMP00566,EMP00362,08-08-25,338500,350000,Annual Merit Increase,3.3
COMP00567,EMP00363,24-10-24,,197000,New Hire,
COMP00568,EMP00363,24-10-25,197000,202500,Annual Merit Increase,2.7
COMP00569,EMP00364,12-06-26,,142000,New Hire,
COMP00570,EMP00365,10-06-26,,109000,New Hire,
COMP00571,EMP00366,30-07-25,,173000,New Hire,
COMP00572,EMP00367,22-09-25,,175000,New Hire,
COMP00573,EMP00368,28-03-25,,116000,New Hire,
COMP00574,EMP00369,07-09-24,,127000,New Hire,
COMP00575,EMP00369,07-09-25,127000,129500,Annual Merit Increase,2.1
COMP00576,EMP00370,03-10-24,,210500,New Hire,
COMP00577,EMP00371,23-10-25,,128000,New Hire,
COMP00578,EMP00372,28-01-26,,160500,New Hire,
COMP00579,EMP00373,14-02-26,,114500,New Hire,
COMP00580,EMP00374,24-02-26,,162000,New Hire,
COMP00581,EMP00375,10-08-23,,111500,New Hire,
COMP00582,EMP00375,09-08-24,111500,117500,Annual Merit Increase,5.3
COMP00583,EMP00375,03-09-25,117500,120000,Annual Merit Increase,2
COMP00584,EMP00376,16-05-25,,78500,New Hire,
COMP00585,EMP00377,16-03-23,,198000,New Hire,
COMP00586,EMP00377,15-03-24,198000,226000,Promotion,14.1
COMP00587,EMP00377,25-02-25,226000,234000,Annual Merit Increase,3.6
COMP00588,EMP00377,27-03-26,234000,242000,Annual Merit Increase,3.5
COMP00589,EMP00378,22-06-25,,116500,New Hire,
COMP00590,EMP00378,22-06-26,116500,122000,Annual Merit Increase,4.5
COMP00591,EMP00379,10-03-25,,143500,New Hire,
COMP00592,EMP00379,10-03-26,143500,148500,Annual Merit Increase,3.3
COMP00593,EMP00380,25-05-26,,199500,New Hire,
COMP00594,EMP00381,13-11-24,,144500,New Hire,
COMP00595,EMP00381,13-11-25,144500,149000,Annual Merit Increase,3.3
COMP00596,EMP00382,06-12-23,,151000,New Hire,
COMP00597,EMP00382,05-12-24,151000,167500,Promotion,10.9
COMP00598,EMP00382,12-01-26,167500,176500,Annual Merit Increase,5.5
COMP00599,EMP00383,12-01-24,,185000,New Hire,
COMP00600,EMP00384,09-01-26,,144500,New Hire,
COMP00601,EMP00385,13-09-25,,78000,New Hire,
COMP00602,EMP00386,04-10-23,,98000,New Hire,
COMP00603,EMP00386,03-10-24,98000,102500,Annual Merit Increase,4.4
COMP00604,EMP00386,09-08-25,102500,104500,Annual Merit Increase,2
COMP00605,EMP00386,06-06-26,104500,110500,Annual Merit Increase,5.9
COMP00606,EMP00387,24-07-23,,90000,New Hire,
COMP00607,EMP00387,23-07-24,90000,94000,Annual Merit Increase,4.4
COMP00608,EMP00387,31-10-25,94000,98500,Annual Merit Increase,4.8
COMP00609,EMP00388,11-11-25,,73500,New Hire,
COMP00610,EMP00389,20-06-23,,90000,New Hire,
COMP00611,EMP00389,19-06-24,90000,94500,Annual Merit Increase,5
COMP00612,EMP00389,15-04-25,94500,100000,Annual Merit Increase,5.7
COMP00613,EMP00389,21-02-26,100000,102000,Annual Merit Increase,2.2
COMP00614,EMP00390,18-03-26,,97500,New Hire,
COMP00615,EMP00391,26-11-25,,81500,New Hire,
COMP00616,EMP00392,11-07-23,,109500,New Hire,
COMP00617,EMP00392,10-07-24,109500,115500,Annual Merit Increase,5.5
COMP00618,EMP00393,25-07-23,,70500,New Hire,
COMP00619,EMP00393,24-07-24,70500,72500,Annual Merit Increase,2.9
COMP00620,EMP00393,19-08-25,72500,76500,Annual Merit Increase,5.5
COMP00621,EMP00394,21-07-26,,113500,New Hire,
COMP00622,EMP00395,04-12-24,,161500,New Hire,
COMP00623,EMP00396,18-12-24,,158500,New Hire,
COMP00624,EMP00396,18-12-25,158500,162000,Annual Merit Increase,2.1
COMP00625,EMP00397,01-03-26,,70500,New Hire,
COMP00626,EMP00398,27-06-26,,72000,New Hire,
COMP00627,EMP00399,07-07-26,,67000,New Hire,
COMP00628,EMP00400,06-01-26,,135000,New Hire,
COMP00629,EMP00401,15-12-24,,69500,New Hire,
COMP00630,EMP00402,18-07-23,,174000,New Hire,
COMP00631,EMP00402,17-07-24,174000,179500,Annual Merit Increase,3.3
COMP00632,EMP00402,24-05-25,179500,186000,Annual Merit Increase,3.7
COMP00633,EMP00403,24-02-26,,73500,New Hire,
COMP00634,EMP00404,11-07-25,,136500,New Hire,
COMP00635,EMP00404,11-07-26,136500,143000,Annual Merit Increase,4.9
COMP00636,EMP00405,20-02-25,,75000,New Hire,
COMP00637,EMP00405,20-02-26,75000,78500,Annual Merit Increase,4.9
COMP00638,EMP00406,24-05-26,,83000,New Hire,
COMP00639,EMP00407,15-11-23,,136000,New Hire,
COMP00640,EMP00407,14-11-24,136000,141500,Annual Merit Increase,4
COMP00641,EMP00407,16-02-26,141500,145000,Annual Merit Increase,2.4
COMP00642,EMP00408,16-05-25,,91500,New Hire,
COMP00643,EMP00409,07-10-22,,74500,New Hire,
COMP00644,EMP00409,07-10-23,74500,85000,Promotion,14.4
COMP00645,EMP00409,13-11-24,85000,90000,Annual Merit Increase,5.9
COMP00646,EMP00409,29-12-25,90000,94500,Annual Merit Increase,4.9
COMP00647,EMP00410,21-04-25,,132500,New Hire,
COMP00648,EMP00411,10-03-23,,100000,New Hire,
COMP00649,EMP00412,26-12-23,,109000,New Hire,
COMP00650,EMP00412,25-12-24,109000,120500,Promotion,10.6
COMP00651,EMP00412,13-04-26,120500,124500,Annual Merit Increase,3.4
COMP00652,EMP00413,12-12-23,,85500,New Hire,
COMP00653,EMP00413,11-12-24,85500,93500,Promotion,9.5
COMP00654,EMP00413,17-10-25,93500,97000,Annual Merit Increase,3.7
COMP00655,EMP00414,24-10-25,,84000,New Hire,
COMP00656,EMP00415,14-01-26,,115500,New Hire,
COMP00657,EMP00416,25-07-25,,87500,New Hire,
COMP00658,EMP00417,05-07-26,,158000,New Hire,
COMP00659,EMP00418,26-12-24,,123000,New Hire,
COMP00660,EMP00419,21-08-24,,110000,New Hire,
COMP00661,EMP00419,21-08-25,110000,116000,Annual Merit Increase,5.6
COMP00662,EMP00419,26-06-26,116000,120000,Annual Merit Increase,3.5
COMP00663,EMP00420,18-04-26,,128500,New Hire,
COMP00664,EMP00421,05-06-24,,83000,New Hire,
COMP00665,EMP00421,05-06-25,83000,87000,Annual Merit Increase,5
COMP00666,EMP00421,07-06-26,87000,91500,Annual Merit Increase,4.9
COMP00667,EMP00422,03-07-26,,224500,New Hire,
COMP00668,EMP00423,23-10-22,,64500,New Hire,
COMP00669,EMP00423,23-10-23,64500,74500,Promotion,15.2
COMP00670,EMP00423,15-12-24,74500,79000,Annual Merit Increase,5.8
COMP00671,EMP00424,26-07-26,,88500,New Hire,
COMP00672,EMP00425,05-02-23,,87500,New Hire,
COMP00673,EMP00425,05-02-24,87500,90000,Annual Merit Increase,3.1
COMP00674,EMP00425,06-03-25,90000,93500,Annual Merit Increase,3.8
COMP00675,EMP00425,07-05-26,93500,97000,Annual Merit Increase,3.5
COMP00676,EMP00426,24-05-26,,105000,New Hire,
COMP00677,EMP00427,17-06-25,,142500,New Hire,
COMP00678,EMP00427,17-06-26,142500,148500,Annual Merit Increase,4.2
COMP00679,EMP00428,19-07-26,,69000,New Hire,
COMP00680,EMP00429,19-06-23,,98000,New Hire,
COMP00681,EMP00429,18-06-24,98000,100000,Annual Merit Increase,2.1
COMP00682,EMP00429,17-09-25,100000,104500,Annual Merit Increase,4.7
COMP00683,EMP00430,25-07-25,,101500,New Hire,
COMP00684,EMP00430,25-07-26,101500,107500,Annual Merit Increase,5.8
COMP00685,EMP00431,21-07-26,,60500,New Hire,
COMP00686,EMP00432,12-06-25,,124000,New Hire,
COMP00687,EMP00432,12-06-26,124000,130500,Annual Merit Increase,5.2
COMP00688,EMP00433,25-09-25,,65500,New Hire,
COMP00689,EMP00434,29-11-25,,86000,New Hire,
COMP00690,EMP00435,09-03-25,,143000,New Hire,
COMP00691,EMP00435,09-03-26,143000,150000,Annual Merit Increase,5
COMP00692,EMP00436,01-09-25,,93000,New Hire,
COMP00693,EMP00437,18-07-25,,140500,New Hire,
COMP00694,EMP00438,21-05-26,,187000,New Hire,
COMP00695,EMP00439,04-02-23,,79000,New Hire,
COMP00696,EMP00439,04-02-24,79000,83500,Annual Merit Increase,5.8
COMP00697,EMP00439,19-03-25,83500,86500,Annual Merit Increase,3.3
COMP00698,EMP00440,10-08-24,,204500,New Hire,
COMP00699,EMP00441,25-06-26,,110000,New Hire,
COMP00700,EMP00442,07-05-26,,101500,New Hire,
COMP00701,EMP00443,22-03-25,,88500,New Hire,
COMP00702,EMP00444,23-09-25,,95500,New Hire,
COMP00703,EMP00445,01-08-24,,139500,New Hire,
COMP00704,EMP00445,01-08-25,139500,147000,Annual Merit Increase,5.4
COMP00705,EMP00446,17-04-24,,177000,New Hire,
COMP00706,EMP00446,17-04-25,177000,182500,Annual Merit Increase,3
COMP00707,EMP00446,21-07-26,182500,190500,Annual Merit Increase,4.3
COMP00708,EMP00447,24-04-25,,125000,New Hire,
COMP00709,EMP00448,29-11-24,,277500,New Hire,
COMP00710,EMP00449,29-07-25,,205000,New Hire,
COMP00711,EMP00450,02-07-23,,142000,New Hire,
COMP00712,EMP00450,01-07-24,142000,150500,Annual Merit Increase,5.9
COMP00713,EMP00451,26-07-26,,111000,New Hire,
COMP00714,EMP00452,11-07-26,,115000,New Hire,
COMP00715,EMP00453,09-11-25,,66000,New Hire,
COMP00716,EMP00454,07-06-25,,196000,New Hire,
COMP00717,EMP00454,07-06-26,196000,207000,Annual Merit Increase,5.7
COMP00718,EMP00455,22-09-24,,91000,New Hire,
COMP00719,EMP00455,22-09-25,91000,93500,Annual Merit Increase,2.6
COMP00720,EMP00456,17-03-26,,89500,New Hire,
COMP00721,EMP00457,17-11-25,,63000,New Hire,
COMP00722,EMP00458,02-02-24,,79500,New Hire,
COMP00723,EMP00458,01-02-25,79500,84000,Annual Merit Increase,5.6
COMP00724,EMP00459,06-05-26,,103000,New Hire,
COMP00725,EMP00460,14-03-26,,109000,New Hire,
COMP00726,EMP00461,06-06-26,,148000,New Hire,
COMP00727,EMP00462,02-12-25,,89000,New Hire,
COMP00728,EMP00463,01-08-25,,166500,New Hire,
COMP00729,EMP00464,10-02-25,,66500,New Hire,
COMP00730,EMP00464,10-02-26,66500,69000,Annual Merit Increase,3.5
COMP00731,EMP00465,21-06-26,,71500,New Hire,
COMP00732,EMP00466,05-04-26,,156000,New Hire,
COMP00733,EMP00467,02-02-23,,81500,New Hire,
COMP00734,EMP00468,22-12-22,,88000,New Hire,
COMP00735,EMP00468,22-12-23,88000,91500,Annual Merit Increase,3.7
COMP00736,EMP00469,16-12-24,,109500,New Hire,
COMP00737,EMP00469,16-12-25,109500,114000,Annual Merit Increase,4.1
COMP00738,EMP00470,25-03-26,,64000,New Hire,
COMP00739,EMP00471,02-07-26,,97500,New Hire,
COMP00740,EMP00472,10-02-24,,87500,New Hire,
COMP00741,EMP00473,02-08-25,,109000,New Hire,
COMP00742,EMP00474,16-12-24,,109000,New Hire,
COMP00743,EMP00475,16-07-26,,93000,New Hire,
COMP00744,EMP00476,19-03-26,,200000,New Hire,
COMP00745,EMP00477,29-03-26,,118500,New Hire,
COMP00746,EMP00478,07-04-25,,142500,New Hire,
COMP00747,EMP00478,07-04-26,142500,150000,Annual Merit Increase,5.4
COMP00748,EMP00479,22-02-25,,108000,New Hire,
COMP00749,EMP00479,22-02-26,108000,113000,Annual Merit Increase,4.5
COMP00750,EMP00480,12-08-24,,121000,New Hire,
COMP00751,EMP00480,12-08-25,121000,127500,Annual Merit Increase,5.4
COMP00752,EMP00481,24-03-23,,123500,New Hire,
COMP00753,EMP00482,15-04-26,,106500,New Hire,
COMP00754,EMP00483,08-03-26,,62500,New Hire,
COMP00755,EMP00484,06-07-26,,67500,New Hire,
COMP00756,EMP00485,27-07-26,,101500,New Hire,
COMP00757,EMP00486,10-07-25,,96000,New Hire,
COMP00758,EMP00487,03-01-26,,103500,New Hire,
COMP00759,EMP00488,19-06-26,,75000,New Hire,
COMP00760,EMP00489,17-04-26,,166000,New Hire,
COMP00761,EMP00490,07-07-24,,163000,New Hire,
COMP00762,EMP00491,21-03-25,,184500,New Hire,
COMP00763,EMP00491,21-03-26,184500,195500,Annual Merit Increase,6
COMP00764,EMP00492,20-12-23,,82000,New Hire,
COMP00765,EMP00492,19-12-24,82000,85500,Annual Merit Increase,4.5
COMP00766,EMP00493,26-06-26,,140500,New Hire,
COMP00767,EMP00494,04-08-25,,162000,New Hire,
COMP00768,EMP00495,14-06-24,,83000,New Hire,
COMP00769,EMP00496,20-10-25,,99500,New Hire,
COMP00770,EMP00497,22-09-25,,187500,New Hire,
COMP00771,EMP00498,15-11-24,,93500,New Hire,
COMP00772,EMP00498,15-11-25,93500,98000,Annual Merit Increase,5
COMP00773,EMP00499,24-11-23,,85000,New Hire,
COMP00774,EMP00499,23-11-24,85000,90000,Annual Merit Increase,5.7
COMP00775,EMP00499,01-10-25,90000,92500,Annual Merit Increase,2.5
COMP00776,EMP00500,08-10-25,,79500,New Hire,
COMP00777,EMP00501,21-06-25,,84500,New Hire,
COMP00778,EMP00501,21-06-26,84500,89500,Annual Merit Increase,5.9
COMP00779,EMP00502,15-01-26,,139500,New Hire,
COMP00780,EMP00503,22-06-25,,133500,New Hire,
COMP00781,EMP00503,22-06-26,133500,141500,Annual Merit Increase,5.8
COMP00782,EMP00504,20-04-26,,103500,New Hire,
COMP00783,EMP00505,28-06-25,,74000,New Hire,
COMP00784,EMP00505,28-06-26,74000,75500,Annual Merit Increase,2.3
COMP00785,EMP00506,14-07-25,,132500,New Hire,
COMP00786,EMP00506,14-07-26,132500,138500,Annual Merit Increase,4.5
COMP00787,EMP00507,27-04-26,,143000,New Hire,
COMP00788,EMP00508,29-01-25,,76500,New Hire,
COMP00789,EMP00509,09-01-24,,166000,New Hire,
COMP00790,EMP00509,08-01-25,166000,174500,Annual Merit Increase,5.1
COMP00791,EMP00509,20-01-26,174500,184000,Annual Merit Increase,5.4
COMP00792,EMP00510,08-12-22,,83000,New Hire,
COMP00793,EMP00510,08-12-23,83000,86500,Annual Merit Increase,4.1
COMP00794,EMP00510,31-10-24,86500,99500,Promotion,15.2
COMP00795,EMP00510,20-01-26,99500,101500,Annual Merit Increase,2
COMP00796,EMP00511,26-01-26,,87500,New Hire,
COMP00797,EMP00512,28-09-25,,153000,New Hire,
COMP00798,EMP00513,26-11-25,,92000,New Hire,
COMP00799,EMP00514,17-05-24,,131500,New Hire,
COMP00800,EMP00514,17-05-25,131500,138000,Annual Merit Increase,5
COMP00801,EMP00514,15-04-26,138000,143000,Annual Merit Increase,3.8
COMP00802,EMP00515,02-01-24,,91500,New Hire,
COMP00803,EMP00516,25-10-22,,175000,New Hire,
COMP00804,EMP00516,25-10-23,175000,185500,Annual Merit Increase,5.9
COMP00805,EMP00516,19-08-24,185500,193000,Annual Merit Increase,4.2
COMP00806,EMP00516,28-08-25,193000,198500,Annual Merit Increase,3
COMP00807,EMP00517,24-11-24,,54000,New Hire,
COMP00808,EMP00517,24-11-25,54000,57000,Annual Merit Increase,5.1
COMP00809,EMP00518,30-08-25,,71000,New Hire,
COMP00810,EMP00519,03-01-25,,81000,New Hire,
COMP00811,EMP00519,03-01-26,81000,83500,Annual Merit Increase,2.9
COMP00812,EMP00520,08-03-25,,79000,New Hire,
COMP00813,EMP00521,12-05-26,,202000,New Hire,
COMP00814,EMP00522,01-11-24,,118500,New Hire,
COMP00815,EMP00522,01-11-25,118500,122000,Annual Merit Increase,2.8
COMP00816,EMP00523,10-05-25,,131000,New Hire,
COMP00817,EMP00524,20-02-26,,165500,New Hire,
COMP00818,EMP00525,03-01-25,,122500,New Hire,
COMP00819,EMP00525,03-01-26,122500,127500,Annual Merit Increase,4.1
COMP00820,EMP00526,06-09-25,,71500,New Hire,
COMP00821,EMP00527,07-04-26,,92500,New Hire,
COMP00822,EMP00528,20-06-26,,98500,New Hire,
COMP00823,EMP00529,23-01-24,,75000,New Hire,
COMP00824,EMP00530,25-06-26,,78000,New Hire,
COMP00825,EMP00531,27-05-25,,156000,New Hire,
COMP00826,EMP00531,27-05-26,156000,160000,Annual Merit Increase,2.7
COMP00827,EMP00532,18-07-24,,182500,New Hire,
COMP00828,EMP00532,18-07-25,182500,191000,Annual Merit Increase,4.6
COMP00829,EMP00532,25-05-26,191000,195000,Annual Merit Increase,2.2
COMP00830,EMP00533,11-03-25,,79000,New Hire,
COMP00831,EMP00533,11-03-26,79000,81500,Annual Merit Increase,2.9
COMP00832,EMP00534,19-07-26,,179500,New Hire,
COMP00833,EMP00535,05-05-25,,151500,New Hire,
COMP00834,EMP00535,05-05-26,151500,156000,Annual Merit Increase,3.1
COMP00835,EMP00536,19-10-24,,72500,New Hire,
COMP00836,EMP00536,19-10-25,72500,76000,Annual Merit Increase,4.5
COMP00837,EMP00537,11-09-25,,69000,New Hire,
COMP00838,EMP00538,24-06-24,,75000,New Hire,
COMP00839,EMP00538,24-06-25,75000,78000,Annual Merit Increase,3.9
COMP00840,EMP00538,10-06-26,78000,80500,Annual Merit Increase,3.4
COMP00841,EMP00539,12-06-23,,141000,New Hire,
COMP00842,EMP00539,11-06-24,141000,145500,Annual Merit Increase,3.1
COMP00843,EMP00539,23-06-25,145500,151500,Annual Merit Increase,4.2
COMP00844,EMP00540,10-12-23,,118500,New Hire,
COMP00845,EMP00540,09-12-24,118500,121000,Annual Merit Increase,2.3
COMP00846,EMP00540,19-01-26,121000,126000,Annual Merit Increase,4.2
COMP00847,EMP00541,08-12-23,,165000,New Hire,
COMP00848,EMP00542,24-02-24,,128500,New Hire,
COMP00849,EMP00542,23-02-25,128500,131500,Annual Merit Increase,2.1
COMP00850,EMP00542,03-03-26,131500,149500,Promotion,13.6
COMP00851,EMP00543,28-01-24,,76500,New Hire,
COMP00852,EMP00543,27-01-25,76500,79000,Annual Merit Increase,3.4
COMP00853,EMP00543,26-12-25,79000,82500,Annual Merit Increase,4.7
COMP00854,EMP00544,28-09-25,,72000,New Hire,
COMP00855,EMP00545,09-03-24,,120500,New Hire,
COMP00856,EMP00545,09-03-25,120500,124000,Annual Merit Increase,2.8
COMP00857,EMP00545,17-03-26,124000,129000,Annual Merit Increase,4
COMP00858,EMP00546,04-11-24,,69000,New Hire,
COMP00859,EMP00547,05-05-26,,113500,New Hire,
COMP00860,EMP00548,21-04-25,,91500,New Hire,
COMP00861,EMP00549,08-10-25,,71500,New Hire,
COMP00862,EMP00550,23-03-24,,111000,New Hire,
COMP00863,EMP00550,23-03-25,111000,117500,Annual Merit Increase,5.8
COMP00864,EMP00550,10-01-26,117500,120500,Annual Merit Increase,2.4
COMP00865,EMP00551,09-04-24,,105000,New Hire,
COMP00866,EMP00552,15-02-23,,96500,New Hire,
COMP00867,EMP00553,15-03-24,,62500,New Hire,
COMP00868,EMP00553,15-03-25,62500,66000,Annual Merit Increase,5.9
COMP00869,EMP00553,10-01-26,66000,68000,Annual Merit Increase,3.4
COMP00870,EMP00554,16-08-24,,154500,New Hire,
COMP00871,EMP00554,16-08-25,154500,162500,Annual Merit Increase,5.2
COMP00872,EMP00555,14-03-24,,140000,New Hire,
COMP00873,EMP00555,14-03-25,140000,144500,Annual Merit Increase,3.1
COMP00874,EMP00556,08-08-23,,85500,New Hire,
COMP00875,EMP00557,18-12-23,,170500,New Hire,
COMP00876,EMP00557,17-12-24,170500,176500,Annual Merit Increase,3.4
COMP00877,EMP00557,01-11-25,176500,181000,Annual Merit Increase,2.6
COMP00878,EMP00558,10-04-25,,92500,New Hire,
COMP00879,EMP00558,10-04-26,92500,97500,Annual Merit Increase,5.3
COMP00880,EMP00559,28-05-24,,91500,New Hire,
COMP00881,EMP00559,28-05-25,91500,95500,Annual Merit Increase,4.3
COMP00882,EMP00559,08-05-26,95500,98000,Annual Merit Increase,2.4
COMP00883,EMP00560,20-12-24,,121500,New Hire,
COMP00884,EMP00560,20-12-25,121500,126000,Annual Merit Increase,3.7
COMP00885,EMP00561,06-05-25,,178500,New Hire,
COMP00886,EMP00561,06-05-26,178500,182000,Annual Merit Increase,2.1
COMP00887,EMP00562,12-11-25,,126000,New Hire,
COMP00888,EMP00563,02-01-23,,77000,New Hire,
COMP00889,EMP00564,07-02-26,,74000,New Hire,
COMP00890,EMP00565,16-09-25,,197500,New Hire,
COMP00891,EMP00566,03-07-23,,116500,New Hire,
COMP00892,EMP00566,02-07-24,116500,121500,Annual Merit Increase,4.2
COMP00893,EMP00566,12-07-25,121500,124500,Annual Merit Increase,2.5
COMP00894,EMP00567,13-04-26,,94000,New Hire,
COMP00895,EMP00568,03-05-26,,109000,New Hire,
COMP00896,EMP00569,27-04-23,,132000,New Hire,
COMP00897,EMP00569,26-04-24,132000,139000,Annual Merit Increase,5.5
COMP00898,EMP00569,20-05-25,139000,152500,Promotion,9.8
COMP00899,EMP00569,03-07-26,152500,156000,Annual Merit Increase,2.4
COMP00900,EMP00570,18-08-24,,140500,New Hire,
COMP00901,EMP00571,11-02-26,,106000,New Hire,
COMP00902,EMP00572,08-01-26,,168500,New Hire,
COMP00903,EMP00573,06-03-24,,77000,New Hire,
COMP00904,EMP00574,01-05-24,,81000,New Hire,
COMP00905,EMP00574,01-05-25,81000,84500,Annual Merit Increase,4.6
COMP00906,EMP00574,13-07-26,84500,88000,Annual Merit Increase,4.2
COMP00907,EMP00575,28-12-24,,137000,New Hire,
COMP00908,EMP00575,28-12-25,137000,144500,Annual Merit Increase,5.6
COMP00909,EMP00576,01-04-25,,65500,New Hire,
COMP00910,EMP00576,01-04-26,65500,69000,Annual Merit Increase,5.7
COMP00911,EMP00577,23-09-25,,94500,New Hire,
COMP00912,EMP00578,08-12-24,,124500,New Hire,
COMP00913,EMP00578,08-12-25,124500,129000,Annual Merit Increase,3.6
COMP00914,EMP00579,05-04-25,,98500,New Hire,
COMP00915,EMP00580,28-01-26,,85500,New Hire,
COMP00916,EMP00581,16-01-23,,90500,New Hire,
COMP00917,EMP00582,11-07-24,,86500,New Hire,
COMP00918,EMP00582,11-07-25,86500,88500,Annual Merit Increase,2.2
COMP00919,EMP00582,27-05-26,88500,90500,Annual Merit Increase,2.5
COMP00920,EMP00583,05-12-25,,105500,New Hire,
COMP00921,EMP00584,04-05-26,,191500,New Hire,
COMP00922,EMP00585,30-05-25,,142500,New Hire,
COMP00923,EMP00585,30-05-26,142500,146000,Annual Merit Increase,2.3
COMP00924,EMP00586,06-06-25,,109500,New Hire,
COMP00925,EMP00586,06-06-26,109500,114000,Annual Merit Increase,4.3
COMP00926,EMP00587,14-10-23,,127000,New Hire,
COMP00927,EMP00587,13-10-24,127000,132500,Annual Merit Increase,4.4
COMP00928,EMP00588,22-03-25,,74500,New Hire,
COMP00929,EMP00588,22-03-26,74500,77000,Annual Merit Increase,3.4
COMP00930,EMP00589,19-06-25,,98000,New Hire,
COMP00931,EMP00589,19-06-26,98000,102000,Annual Merit Increase,4.3
COMP00932,EMP00590,09-06-24,,159500,New Hire,
COMP00933,EMP00591,12-08-24,,90500,New Hire,
COMP00934,EMP00591,12-08-25,90500,93000,Annual Merit Increase,2.8
COMP00935,EMP00591,03-07-26,93000,98000,Annual Merit Increase,5.6
COMP00936,EMP00592,11-12-24,,272500,New Hire,
COMP00937,EMP00592,11-12-25,272500,282500,Annual Merit Increase,3.6
COMP00938,EMP00593,14-11-22,,81000,New Hire,
COMP00939,EMP00594,23-10-24,,135500,New Hire,
COMP00940,EMP00594,23-10-25,135500,142000,Annual Merit Increase,4.7
COMP00941,EMP00595,16-05-24,,92000,New Hire,
COMP00942,EMP00595,16-05-25,92000,96000,Annual Merit Increase,4.4
COMP00943,EMP00596,01-10-24,,86500,New Hire,
COMP00944,EMP00596,01-10-25,86500,91000,Annual Merit Increase,5.2
COMP00945,EMP00597,13-12-23,,93000,New Hire,
COMP00946,EMP00598,23-05-26,,124500,New Hire,
COMP00947,EMP00599,21-08-25,,116500,New Hire,
COMP00948,EMP00600,21-11-25,,179500,New Hire,
COMP00949,EMP00601,13-02-26,,102000,New Hire,
COMP00950,EMP00602,02-05-25,,73000,New Hire,
COMP00951,EMP00603,04-08-23,,88500,New Hire,
COMP00952,EMP00603,03-08-24,88500,90500,Annual Merit Increase,2.5
COMP00953,EMP00604,28-06-25,,116500,New Hire,
COMP00954,EMP00604,28-06-26,116500,121500,Annual Merit Increase,4.1
COMP00955,EMP00605,06-08-25,,149500,New Hire,
COMP00956,EMP00606,26-01-26,,76500,New Hire,
COMP00957,EMP00607,27-02-25,,98500,New Hire,
COMP00958,EMP00607,27-02-26,98500,104000,Annual Merit Increase,5.8
COMP00959,EMP00608,23-12-23,,77500,New Hire,
COMP00960,EMP00608,22-12-24,77500,81500,Annual Merit Increase,5.4
COMP00961,EMP00608,21-10-25,81500,86000,Annual Merit Increase,5.8
COMP00962,EMP00609,27-08-24,,139000,New Hire,
COMP00963,EMP00609,27-08-25,139000,153000,Promotion,10.2
COMP00964,EMP00610,05-12-24,,155500,New Hire,
COMP00965,EMP00610,05-12-25,155500,161500,Annual Merit Increase,3.8
COMP00966,EMP00611,25-10-25,,92000,New Hire,
COMP00967,EMP00612,03-07-25,,80500,New Hire,
COMP00968,EMP00612,03-07-26,80500,83000,Annual Merit Increase,3.1
COMP00969,EMP00613,01-11-24,,375000,New Hire,
COMP00970,EMP00614,04-07-26,,140500,New Hire,
COMP00971,EMP00615,25-08-25,,120000,New Hire,
COMP00972,EMP00616,20-06-24,,91500,New Hire,
COMP00973,EMP00617,02-10-23,,90500,New Hire,
COMP00974,EMP00618,26-02-24,,85000,New Hire,
COMP00975,EMP00618,25-02-25,85000,90000,Annual Merit Increase,5.7
COMP00976,EMP00618,16-12-25,90000,94000,Annual Merit Increase,4.3
COMP00977,EMP00619,30-07-24,,129500,New Hire,
COMP00978,EMP00619,30-07-25,129500,132500,Annual Merit Increase,2.2
COMP00979,EMP00620,05-02-24,,159000,New Hire,
COMP00980,EMP00620,04-02-25,159000,168000,Annual Merit Increase,5.7
COMP00981,EMP00621,03-04-24,,103500,New Hire,
COMP00982,EMP00621,03-04-25,103500,106000,Annual Merit Increase,2.5
COMP00983,EMP00621,18-03-26,106000,108000,Annual Merit Increase,2.1
COMP00984,EMP00622,29-08-24,,79000,New Hire,
COMP00985,EMP00622,29-08-25,79000,83000,Annual Merit Increase,4.9
COMP00986,EMP00623,28-03-24,,102000,New Hire,
COMP00987,EMP00624,29-05-26,,73000,New Hire,
COMP00988,EMP00625,09-07-23,,64000,New Hire,
COMP00989,EMP00626,20-06-25,,105500,New Hire,
COMP00990,EMP00627,06-02-25,,69000,New Hire,
COMP00991,EMP00627,06-02-26,69000,71000,Annual Merit Increase,2.9
COMP00992,EMP00628,18-07-26,,66500,New Hire,
COMP00993,EMP00629,06-11-23,,126000,New Hire,
COMP00994,EMP00630,19-01-25,,67000,New Hire,
COMP00995,EMP00631,12-07-26,,84000,New Hire,
COMP00996,EMP00632,25-04-26,,86000,New Hire,
COMP00997,EMP00633,11-03-26,,81000,New Hire,
COMP00998,EMP00634,02-07-24,,82500,New Hire,
COMP00999,EMP00635,15-03-24,,75000,New Hire,
COMP01000,EMP00635,15-03-25,75000,77000,Annual Merit Increase,3
COMP01001,EMP00635,21-06-26,77000,88500,Promotion,15.1
COMP01002,EMP00636,12-10-25,,209000,New Hire,
COMP01003,EMP00637,12-06-26,,168000,New Hire,
COMP01004,EMP00638,09-07-25,,204500,New Hire,
COMP01005,EMP00638,09-07-26,204500,216500,Annual Merit Increase,5.8
COMP01006,EMP00639,21-07-25,,137500,New Hire,
COMP01007,EMP00639,21-07-26,137500,143000,Annual Merit Increase,4.1
COMP01008,EMP00640,24-08-24,,123000,New Hire,
COMP01009,EMP00640,24-08-25,123000,129000,Annual Merit Increase,4.7
COMP01010,EMP00640,22-07-26,129000,135500,Annual Merit Increase,4.9
COMP01011,EMP00641,02-01-26,,130500,New Hire,
COMP01012,EMP00642,22-04-24,,57500,New Hire,
COMP01013,EMP00643,03-10-24,,109000,New Hire,
COMP01014,EMP00643,03-10-25,109000,115500,Annual Merit Increase,5.9
COMP01015,EMP00644,12-02-25,,106000,New Hire,
COMP01016,EMP00644,12-02-26,106000,112000,Annual Merit Increase,5.6
COMP01017,EMP00645,28-05-25,,111500,New Hire,
COMP01018,EMP00645,28-05-26,111500,116500,Annual Merit Increase,4.3
COMP01019,EMP00646,26-06-24,,66500,New Hire,
COMP01020,EMP00646,26-06-25,66500,68500,Annual Merit Increase,3.2
COMP01021,EMP00646,22-06-26,68500,72000,Annual Merit Increase,5.2
COMP01022,EMP00647,16-11-23,,174500,New Hire,
COMP01023,EMP00647,15-11-24,174500,185000,Annual Merit Increase,6
COMP01024,EMP00647,23-01-26,185000,196000,Annual Merit Increase,5.9
COMP01025,EMP00648,21-08-25,,121000,New Hire,
COMP01026,EMP00649,28-09-24,,67000,New Hire,
COMP01027,EMP00649,28-09-25,67000,75000,Promotion,11.9
COMP01028,EMP00650,24-07-25,,128500,New Hire,
COMP01029,EMP00650,24-07-26,128500,132000,Annual Merit Increase,2.9
COMP01030,EMP00651,26-02-24,,87500,New Hire,
COMP01031,EMP00651,25-02-25,87500,92000,Annual Merit Increase,5
COMP01032,EMP00652,01-04-25,,89500,New Hire,
COMP01033,EMP00653,21-06-25,,81500,New Hire,
COMP01034,EMP00653,21-06-26,81500,86500,Annual Merit Increase,5.9
COMP01035,EMP00654,03-03-23,,84000,New Hire,
COMP01036,EMP00654,02-03-24,84000,86000,Annual Merit Increase,2.2
COMP01037,EMP00654,25-02-25,86000,97500,Promotion,13.3
COMP01038,EMP00654,06-02-26,97500,103000,Annual Merit Increase,5.7
COMP01039,EMP00655,20-11-24,,133000,New Hire,
COMP01040,EMP00655,20-11-25,133000,139500,Annual Merit Increase,5
COMP01041,EMP00656,02-01-24,,84500,New Hire,
COMP01042,EMP00657,09-04-23,,109500,New Hire,
COMP01043,EMP00658,19-07-26,,91000,New Hire,
COMP01044,EMP00659,15-10-24,,73500,New Hire,
COMP01045,EMP00660,18-03-26,,108500,New Hire,
COMP01046,EMP00661,26-07-24,,90500,New Hire,
COMP01047,EMP00662,11-11-25,,100500,New Hire,
COMP01048,EMP00663,25-01-26,,73000,New Hire,
COMP01049,EMP00664,23-08-25,,144500,New Hire,
COMP01050,EMP00665,16-04-25,,247500,New Hire,
COMP01051,EMP00665,16-04-26,247500,253500,Annual Merit Increase,2.4
COMP01052,EMP00666,22-02-25,,364500,New Hire,
COMP01053,EMP00666,22-02-26,364500,372500,Annual Merit Increase,2.3
COMP01054,EMP00667,17-11-24,,75500,New Hire,
COMP01055,EMP00667,17-11-25,75500,78500,Annual Merit Increase,4.3
COMP01056,EMP00668,05-06-26,,87000,New Hire,
COMP01057,EMP00669,12-03-26,,87500,New Hire,
COMP01058,EMP00670,11-07-26,,189500,New Hire,
COMP01059,EMP00671,30-12-23,,71000,New Hire,
COMP01060,EMP00672,15-12-25,,218500,New Hire,
COMP01061,EMP00673,27-06-26,,93000,New Hire,
COMP01062,EMP00674,03-03-24,,263500,New Hire,
COMP01063,EMP00674,03-03-25,263500,271000,Annual Merit Increase,2.8
COMP01064,EMP00674,25-04-26,271000,286000,Annual Merit Increase,5.6
COMP01065,EMP00675,01-05-23,,132000,New Hire,
COMP01066,EMP00675,30-04-24,132000,136000,Annual Merit Increase,3.1
COMP01067,EMP00675,25-07-25,136000,143500,Annual Merit Increase,5.6
COMP01068,EMP00676,20-12-25,,119500,New Hire,
COMP01069,EMP00677,29-07-25,,99000,New Hire,
COMP01070,EMP00678,16-03-26,,89000,New Hire,
COMP01071,EMP00679,02-01-24,,88500,New Hire,
COMP01072,EMP00679,01-01-25,88500,91500,Annual Merit Increase,3.1
COMP01073,EMP00679,06-11-25,91500,96000,Annual Merit Increase,4.7
COMP01074,EMP00680,02-02-26,,90000,New Hire,
COMP01075,EMP00681,03-04-24,,73000,New Hire,
COMP01076,EMP00681,03-04-25,73000,77000,Annual Merit Increase,5.3
COMP01077,EMP00682,08-02-24,,109000,New Hire,
COMP01078,EMP00682,07-02-25,109000,114500,Annual Merit Increase,5
COMP01079,EMP00683,24-02-24,,87500,New Hire,
COMP01080,EMP00684,28-03-26,,145000,New Hire,
COMP01081,EMP00685,15-10-25,,115000,New Hire,
COMP01082,EMP00686,07-06-25,,63500,New Hire,
COMP01083,EMP00686,07-06-26,63500,65000,Annual Merit Increase,2.7
COMP01084,EMP00687,06-12-24,,199500,New Hire,
COMP01085,EMP00687,06-12-25,199500,210500,Annual Merit Increase,5.6
COMP01086,EMP00688,09-04-26,,56500,New Hire,
COMP01087,EMP00689,20-01-25,,120500,New Hire,
COMP01088,EMP00689,20-01-26,120500,124000,Annual Merit Increase,2.7
COMP01089,EMP00690,28-03-26,,111000,New Hire,
COMP01090,EMP00691,01-03-25,,126500,New Hire,
COMP01091,EMP00691,01-03-26,126500,130500,Annual Merit Increase,3.2
COMP01092,EMP00692,08-12-24,,55500,New Hire,
COMP01093,EMP00693,23-04-25,,86500,New Hire,
COMP01094,EMP00694,23-09-24,,149500,New Hire,
COMP01095,EMP00695,03-01-26,,64500,New Hire,
COMP01096,EMP00696,04-05-25,,155500,New Hire,
COMP01097,EMP00696,04-05-26,155500,164000,Annual Merit Increase,5.6
COMP01098,EMP00697,26-06-24,,195000,New Hire,
COMP01099,EMP00697,26-06-25,195000,204000,Annual Merit Increase,4.7
COMP01100,EMP00697,31-05-26,204000,213500,Annual Merit Increase,4.5
COMP01101,EMP00698,25-05-26,,358000,New Hire,
COMP01102,EMP00699,15-12-24,,63000,New Hire,
COMP01103,EMP00699,15-12-25,63000,66000,Annual Merit Increase,4.9
COMP01104,EMP00700,06-06-25,,89000,New Hire,
COMP01105,EMP00700,06-06-26,89000,94000,Annual Merit Increase,5.8
COMP01106,EMP00701,15-05-26,,83500,New Hire,
COMP01107,EMP00702,21-09-25,,80000,New Hire,
COMP01108,EMP00703,03-12-23,,102000,New Hire,
COMP01109,EMP00704,25-06-26,,68000,New Hire,
COMP01110,EMP00705,21-09-25,,192000,New Hire,
COMP01111,EMP00706,21-11-24,,184500,New Hire,
COMP01112,EMP00706,21-11-25,184500,190000,Annual Merit Increase,2.9
COMP01113,EMP00707,14-01-24,,76000,New Hire,
COMP01114,EMP00707,13-01-25,76000,78500,Annual Merit Increase,3.5
COMP01115,EMP00707,02-12-25,78500,82500,Annual Merit Increase,5.4
COMP01116,EMP00708,20-02-26,,121500,New Hire,
COMP01117,EMP00709,14-09-25,,91500,New Hire,
COMP01118,EMP00710,04-06-25,,103500,New Hire,
COMP01119,EMP00711,12-05-26,,159000,New Hire,
COMP01120,EMP00712,17-02-26,,118000,New Hire,
COMP01121,EMP00713,07-02-24,,154000,New Hire,
COMP01122,EMP00713,06-02-25,154000,159500,Annual Merit Increase,3.7
COMP01123,EMP00713,07-02-26,159500,165000,Annual Merit Increase,3.4
COMP01124,EMP00714,09-10-24,,198000,New Hire,
COMP01125,EMP00715,03-07-24,,148000,New Hire,
COMP01126,EMP00715,03-07-25,148000,154500,Annual Merit Increase,4.3
COMP01127,EMP00716,28-01-26,,128500,New Hire,
COMP01128,EMP00717,13-01-23,,88500,New Hire,
COMP01129,EMP00717,13-01-24,88500,93000,Annual Merit Increase,5.2
COMP01130,EMP00717,06-03-25,93000,95500,Annual Merit Increase,2.7
COMP01131,EMP00717,13-05-26,95500,106000,Promotion,10.9
COMP01132,EMP00718,15-07-25,,111500,New Hire,
COMP01133,EMP00718,15-07-26,111500,114500,Annual Merit Increase,2.7
COMP01134,EMP00719,18-01-26,,113500,New Hire,
COMP01135,EMP00720,19-04-26,,73000,New Hire,
COMP01136,EMP00721,01-11-24,,88500,New Hire,
COMP01137,EMP00721,01-11-25,88500,93500,Annual Merit Increase,5.7
COMP01138,EMP00722,06-03-26,,102000,New Hire,
COMP01139,EMP00723,27-11-23,,177500,New Hire,
COMP01140,EMP00723,26-11-24,177500,186000,Annual Merit Increase,4.7
COMP01141,EMP00723,03-01-26,186000,191500,Annual Merit Increase,3.1
COMP01142,EMP00724,27-03-26,,121500,New Hire,
COMP01143,EMP00725,23-12-23,,78500,New Hire,
COMP01144,EMP00725,22-12-24,78500,82500,Annual Merit Increase,4.8
COMP01145,EMP00725,15-03-26,82500,87500,Annual Merit Increase,5.8
COMP01146,EMP00726,27-01-25,,113500,New Hire,
COMP01147,EMP00726,27-01-26,113500,116000,Annual Merit Increase,2
COMP01148,EMP00727,27-02-26,,150500,New Hire,
COMP01149,EMP00728,02-02-24,,67500,New Hire,
COMP01150,EMP00728,01-02-25,67500,70000,Annual Merit Increase,3.5
COMP01151,EMP00729,24-06-24,,218000,New Hire,
COMP01152,EMP00729,24-06-25,218000,226500,Annual Merit Increase,4
COMP01153,EMP00730,14-12-25,,137500,New Hire,
COMP01154,EMP00731,06-12-25,,102500,New Hire,
COMP01155,EMP00732,14-09-25,,124000,New Hire,
COMP01156,EMP00733,04-11-25,,79000,New Hire,
COMP01157,EMP00734,21-06-25,,102500,New Hire,
COMP01158,EMP00734,21-06-26,102500,106500,Annual Merit Increase,4
COMP01159,EMP00735,08-07-24,,162000,New Hire,
COMP01160,EMP00736,03-11-24,,64500,New Hire,
COMP01161,EMP00736,03-11-25,64500,67500,Annual Merit Increase,4.6
COMP01162,EMP00737,19-03-24,,96000,New Hire,
COMP01163,EMP00737,19-03-25,96000,99500,Annual Merit Increase,3.5
COMP01164,EMP00737,09-02-26,99500,104000,Annual Merit Increase,4.7
COMP01165,EMP00738,30-05-26,,141000,New Hire,
COMP01166,EMP00739,14-07-25,,86000,New Hire,
COMP01167,EMP00739,14-07-26,86000,88500,Annual Merit Increase,2.8
COMP01168,EMP00740,27-01-25,,229500,New Hire,
COMP01169,EMP00740,27-01-26,229500,235000,Annual Merit Increase,2.5
COMP01170,EMP00741,20-04-25,,71000,New Hire,
COMP01171,EMP00742,17-06-26,,140000,New Hire,
COMP01172,EMP00743,25-02-24,,104000,New Hire,
COMP01173,EMP00743,24-02-25,104000,107500,Annual Merit Increase,3.3
COMP01174,EMP00743,27-02-26,107500,117000,Promotion,9
COMP01175,EMP00744,08-08-25,,164500,New Hire,
COMP01176,EMP00745,24-05-25,,73500,New Hire,
COMP01177,EMP00746,14-08-25,,83000,New Hire,
COMP01178,EMP00747,26-11-22,,169500,New Hire,
COMP01179,EMP00748,06-04-26,,83000,New Hire,
COMP01180,EMP00749,23-06-26,,95500,New Hire,
COMP01181,EMP00750,22-07-25,,139500,New Hire,
COMP01182,EMP00750,22-07-26,139500,146500,Annual Merit Increase,5.1
COMP01183,EMP00751,16-11-25,,137000,New Hire,
COMP01184,EMP00752,25-05-26,,84000,New Hire,
COMP01185,EMP00753,19-11-25,,207500,New Hire,
COMP01186,EMP00754,14-02-24,,76000,New Hire,
COMP01187,EMP00754,13-02-25,76000,78500,Annual Merit Increase,3.4
COMP01188,EMP00754,06-12-25,78500,80000,Annual Merit Increase,2.2
COMP01189,EMP00755,19-07-25,,82500,New Hire,
COMP01190,EMP00755,19-07-26,82500,87000,Annual Merit Increase,5.5
COMP01191,EMP00756,03-08-25,,202000,New Hire,
COMP01192,EMP00757,10-02-25,,171500,New Hire,
COMP01193,EMP00757,10-02-26,171500,175000,Annual Merit Increase,2.1
COMP01194,EMP00758,19-12-25,,162000,New Hire,
COMP01195,EMP00759,09-06-26,,274000,New Hire,
COMP01196,EMP00760,28-06-26,,90000,New Hire,
COMP01197,EMP00761,20-03-25,,56000,New Hire,
COMP01198,EMP00761,20-03-26,56000,57500,Annual Merit Increase,2.7
COMP01199,EMP00762,13-11-23,,74000,New Hire,
COMP01200,EMP00762,12-11-24,74000,76000,Annual Merit Increase,2.6
COMP01201,EMP00762,07-02-26,76000,79000,Annual Merit Increase,3.6
COMP01202,EMP00763,07-07-26,,101000,New Hire,
COMP01203,EMP00764,14-03-26,,165000,New Hire,
COMP01204,EMP00765,09-12-23,,101000,New Hire,
COMP01205,EMP00766,27-05-26,,75500,New Hire,
COMP01206,EMP00767,28-04-26,,72000,New Hire,
COMP01207,EMP00768,23-06-25,,152500,New Hire,
COMP01208,EMP00768,23-06-26,152500,156500,Annual Merit Increase,2.7
COMP01209,EMP00769,25-08-25,,96500,New Hire,
COMP01210,EMP00770,28-01-25,,121500,New Hire,
COMP01211,EMP00770,28-01-26,121500,128500,Annual Merit Increase,5.9
COMP01212,EMP00771,19-03-23,,99000,New Hire,
COMP01213,EMP00772,15-11-24,,117500,New Hire,
COMP01214,EMP00772,15-11-25,117500,124500,Annual Merit Increase,5.9
COMP01215,EMP00773,20-02-26,,142000,New Hire,
COMP01216,EMP00774,14-08-22,,168000,New Hire,
COMP01217,EMP00774,14-08-23,168000,173500,Annual Merit Increase,3.2
COMP01218,EMP00775,24-10-24,,63500,New Hire,
COMP01219,EMP00775,24-10-25,63500,65000,Annual Merit Increase,2.1
COMP01220,EMP00776,06-01-25,,97000,New Hire,
COMP01221,EMP00777,21-06-25,,128000,New Hire,
COMP01222,EMP00777,21-06-26,128000,134000,Annual Merit Increase,4.9
COMP01223,EMP00778,29-05-26,,256500,New Hire,
COMP01224,EMP00779,04-11-24,,58500,New Hire,
COMP01225,EMP00779,04-11-25,58500,61000,Annual Merit Increase,4.6
COMP01226,EMP00780,08-11-24,,58000,New Hire,
COMP01227,EMP00780,08-11-25,58000,61500,Annual Merit Increase,5.8
COMP01228,EMP00781,17-12-25,,62500,New Hire,
COMP01229,EMP00782,30-03-25,,97000,New Hire,
COMP01230,EMP00782,30-03-26,97000,99500,Annual Merit Increase,2.4
COMP01231,EMP00783,09-06-24,,197000,New Hire,
COMP01232,EMP00784,01-03-25,,65000,New Hire,
COMP01233,EMP00784,01-03-26,65000,69000,Annual Merit Increase,5.9
COMP01234,EMP00785,24-01-24,,97500,New Hire,
COMP01235,EMP00785,23-01-25,97500,102500,Annual Merit Increase,5
COMP01236,EMP00786,20-03-24,,102500,New Hire,
COMP01237,EMP00786,20-03-25,102500,105000,Annual Merit Increase,2.4
COMP01238,EMP00786,03-04-26,105000,110500,Annual Merit Increase,5.3
COMP01239,EMP00787,25-05-25,,64000,New Hire,
COMP01240,EMP00788,14-02-25,,118000,New Hire,
COMP01241,EMP00788,14-02-26,118000,122500,Annual Merit Increase,3.6
COMP01242,EMP00789,11-05-26,,99000,New Hire,
COMP01243,EMP00790,21-12-24,,93500,New Hire,
COMP01244,EMP00791,03-07-25,,127500,New Hire,
COMP01245,EMP00791,03-07-26,127500,132000,Annual Merit Increase,3.4
COMP01246,EMP00792,09-09-25,,153000,New Hire,
COMP01247,EMP00793,27-10-22,,71000,New Hire,
COMP01248,EMP00793,27-10-23,71000,73000,Annual Merit Increase,2.6
COMP01249,EMP00793,15-12-24,73000,74500,Annual Merit Increase,2.1
COMP01250,EMP00793,24-12-25,74500,77500,Annual Merit Increase,4.2
COMP01251,EMP00794,14-10-25,,242000,New Hire,
COMP01252,EMP00795,30-03-24,,153500,New Hire,
COMP01253,EMP00795,30-03-25,153500,160000,Annual Merit Increase,4.2
COMP01254,EMP00795,02-03-26,160000,165500,Annual Merit Increase,3.5
COMP01255,EMP00796,09-07-26,,157000,New Hire,
COMP01256,EMP00797,04-01-24,,57000,New Hire,
COMP01257,EMP00797,03-01-25,57000,59500,Annual Merit Increase,4.5
COMP01258,EMP00797,12-01-26,59500,62000,Annual Merit Increase,3.9
COMP01259,EMP00798,27-02-25,,73000,New Hire,
COMP01260,EMP00798,27-02-26,73000,76000,Annual Merit Increase,4
COMP01261,EMP00799,04-07-23,,84500,New Hire,
COMP01262,EMP00799,03-07-24,84500,87000,Annual Merit Increase,3.1
COMP01263,EMP00799,18-09-25,87000,89500,Annual Merit Increase,2.7
COMP01264,EMP00800,08-07-26,,68500,New Hire,
COMP01265,EMP00801,02-05-25,,106000,New Hire,
COMP01266,EMP00801,02-05-26,106000,112500,Annual Merit Increase,6
COMP01267,EMP00802,09-08-25,,205000,New Hire,
COMP01268,EMP00803,29-05-23,,68000,New Hire,
COMP01269,EMP00803,28-05-24,68000,69500,Annual Merit Increase,2.1
COMP01270,EMP00804,14-01-26,,96000,New Hire,
COMP01271,EMP00805,22-05-24,,116000,New Hire,
COMP01272,EMP00805,22-05-25,116000,121000,Annual Merit Increase,4.1
COMP01273,EMP00806,09-05-26,,70000,New Hire,
COMP01274,EMP00807,24-04-24,,133000,New Hire,
COMP01275,EMP00807,24-04-25,133000,138500,Annual Merit Increase,4.1
COMP01276,EMP00808,23-04-24,,146000,New Hire,
COMP01277,EMP00808,23-04-25,146000,152500,Annual Merit Increase,4.5
COMP01278,EMP00808,14-06-26,152500,159000,Annual Merit Increase,4.3
COMP01279,EMP00809,16-01-23,,202500,New Hire,
COMP01280,EMP00809,16-01-24,202500,235000,Promotion,15.9
COMP01281,EMP00809,07-03-25,235000,244000,Annual Merit Increase,3.8
COMP01282,EMP00809,10-06-26,244000,256500,Annual Merit Increase,5.2
COMP01283,EMP00810,29-04-25,,283500,New Hire,
COMP01284,EMP00810,29-04-26,283500,298000,Annual Merit Increase,5.1
COMP01285,EMP00811,30-07-25,,103500,New Hire,
COMP01286,EMP00812,17-05-23,,75500,New Hire,
COMP01287,EMP00812,16-05-24,75500,77500,Annual Merit Increase,2.9
COMP01288,EMP00812,12-03-25,77500,79500,Annual Merit Increase,2.4
COMP01289,EMP00812,06-04-26,79500,81000,Annual Merit Increase,2.1
COMP01290,EMP00813,16-01-26,,183500,New Hire,
COMP01291,EMP00814,30-03-25,,178500,New Hire,
COMP01292,EMP00814,30-03-26,178500,187500,Annual Merit Increase,5.1
COMP01293,EMP00815,12-06-25,,107500,New Hire,
COMP01294,EMP00815,12-06-26,107500,109500,Annual Merit Increase,2
COMP01295,EMP00816,03-03-25,,201500,New Hire,
COMP01296,EMP00816,03-03-26,201500,212000,Annual Merit Increase,5.3
COMP01297,EMP00817,11-01-25,,87000,New Hire,
COMP01298,EMP00817,11-01-26,87000,89500,Annual Merit Increase,2.9
COMP01299,EMP00818,14-07-25,,216500,New Hire,
COMP01300,EMP00818,14-07-26,216500,221000,Annual Merit Increase,2
COMP01301,EMP00819,18-02-24,,67500,New Hire,
COMP01302,EMP00820,21-03-24,,125500,New Hire,
COMP01303,EMP00820,21-03-25,125500,132500,Annual Merit Increase,5.7
COMP01304,EMP00821,21-04-26,,203000,New Hire,
COMP01305,EMP00822,05-06-26,,327000,New Hire,
COMP01306,EMP00823,16-12-24,,80000,New Hire,
COMP01307,EMP00824,20-08-24,,97000,New Hire,
COMP01308,EMP00824,20-08-25,97000,100500,Annual Merit Increase,3.6
COMP01309,EMP00825,05-10-25,,248500,New Hire,
COMP01310,EMP00826,03-02-25,,163000,New Hire,
COMP01311,EMP00826,03-02-26,163000,169000,Annual Merit Increase,3.8
COMP01312,EMP00827,12-12-22,,146000,New Hire,
COMP01313,EMP00827,12-12-23,146000,153500,Annual Merit Increase,5
COMP01314,EMP00827,04-10-24,153500,160500,Annual Merit Increase,4.7
COMP01315,EMP00827,22-10-25,160500,167500,Annual Merit Increase,4.3
COMP01316,EMP00828,01-02-24,,125000,New Hire,
COMP01317,EMP00829,21-12-25,,162000,New Hire,
COMP01318,EMP00830,29-10-25,,94000,New Hire,
COMP01319,EMP00831,09-12-22,,105000,New Hire,
COMP01320,EMP00832,29-05-24,,112500,New Hire,
COMP01321,EMP00832,29-05-25,112500,119000,Annual Merit Increase,5.7
COMP01322,EMP00833,09-06-24,,79500,New Hire,
COMP01323,EMP00834,04-10-25,,75000,New Hire,
COMP01324,EMP00835,03-11-22,,57500,New Hire,
COMP01325,EMP00836,17-10-23,,60000,New Hire,
COMP01326,EMP00837,02-02-26,,173500,New Hire,
COMP01327,EMP00838,24-03-24,,72500,New Hire,
COMP01328,EMP00839,01-10-25,,157500,New Hire,
COMP01329,EMP00840,08-06-24,,83000,New Hire,
COMP01330,EMP00841,13-09-23,,105000,New Hire,
COMP01331,EMP00842,23-06-24,,102500,New Hire,
COMP01332,EMP00842,23-06-25,102500,104500,Annual Merit Increase,2.1
COMP01333,EMP00842,06-06-26,104500,109500,Annual Merit Increase,4.7
COMP01334,EMP00843,15-12-25,,147000,New Hire,
COMP01335,EMP00844,08-04-26,,141500,New Hire,
COMP01336,EMP00845,12-03-26,,189000,New Hire,
COMP01337,EMP00846,22-01-25,,128500,New Hire,
COMP01338,EMP00847,12-10-25,,120500,New Hire,
COMP01339,EMP00848,14-04-24,,164000,New Hire,
COMP01340,EMP00849,15-09-24,,202500,New Hire,
COMP01341,EMP00849,15-09-25,202500,208000,Annual Merit Increase,2.8
COMP01342,EMP00850,15-05-26,,157000,New Hire,
COMP01343,EMP00851,09-10-22,,78000,New Hire,
COMP01344,EMP00851,09-10-23,78000,82500,Annual Merit Increase,5.6
COMP01345,EMP00852,19-08-23,,125000,New Hire,
COMP01346,EMP00852,18-08-24,125000,132000,Annual Merit Increase,5.4
COMP01347,EMP00852,11-09-25,132000,140000,Annual Merit Increase,5.9
COMP01348,EMP00853,26-05-24,,132000,New Hire,
COMP01349,EMP00853,26-05-25,132000,139500,Annual Merit Increase,5.5
COMP01350,EMP00854,20-12-22,,169000,New Hire,
COMP01351,EMP00854,20-12-23,169000,173000,Annual Merit Increase,2.3
COMP01352,EMP00854,21-12-24,173000,182000,Annual Merit Increase,5.3
COMP01353,EMP00854,03-11-25,182000,203500,Promotion,11.8
COMP01354,EMP00855,29-03-24,,88000,New Hire,
COMP01355,EMP00855,29-03-25,88000,93000,Annual Merit Increase,5.9
COMP01356,EMP00855,27-01-26,93000,96500,Annual Merit Increase,3.6
COMP01357,EMP00856,22-07-25,,131500,New Hire,
COMP01358,EMP00856,22-07-26,131500,139500,Annual Merit Increase,6
COMP01359,EMP00857,08-02-25,,241000,New Hire,
COMP01360,EMP00857,08-02-26,241000,246000,Annual Merit Increase,2
COMP01361,EMP00858,21-05-26,,81000,New Hire,
COMP01362,EMP00859,19-03-26,,158500,New Hire,
COMP01363,EMP00860,06-11-24,,75500,New Hire,
COMP01364,EMP00860,06-11-25,75500,80000,Annual Merit Increase,6
COMP01365,EMP00861,20-07-24,,64500,New Hire,
COMP01366,EMP00861,20-07-25,64500,73500,Promotion,13.8
COMP01367,EMP00861,19-07-26,73500,76500,Annual Merit Increase,4.3
COMP01368,EMP00862,25-12-24,,64500,New Hire,
COMP01369,EMP00862,25-12-25,64500,68000,Annual Merit Increase,5.3
COMP01370,EMP00863,29-08-25,,65000,New Hire,
COMP01371,EMP00864,19-08-24,,152000,New Hire,
COMP01372,EMP00864,19-08-25,152000,158500,Annual Merit Increase,4.2
COMP01373,EMP00864,26-06-26,158500,163500,Annual Merit Increase,3.2
COMP01374,EMP00865,04-09-25,,71500,New Hire,
COMP01375,EMP00866,23-02-25,,76000,New Hire,
COMP01376,EMP00866,23-02-26,76000,77500,Annual Merit Increase,2.1
COMP01377,EMP00867,07-06-25,,81000,New Hire,
COMP01378,EMP00867,07-06-26,81000,84000,Annual Merit Increase,3.9
COMP01379,EMP00868,28-03-25,,94500,New Hire,
COMP01380,EMP00868,28-03-26,94500,99000,Annual Merit Increase,4.8
COMP01381,EMP00869,28-09-24,,59000,New Hire,
COMP01382,EMP00869,28-09-25,59000,60000,Annual Merit Increase,2
COMP01383,EMP00870,04-06-26,,133000,New Hire,
COMP01384,EMP00871,22-01-26,,57000,New Hire,
COMP01385,EMP00872,12-01-24,,158000,New Hire,
COMP01386,EMP00872,11-01-25,158000,166000,Annual Merit Increase,5
COMP01387,EMP00873,13-04-26,,157500,New Hire,
COMP01388,EMP00874,03-05-25,,65000,New Hire,
COMP01389,EMP00874,03-05-26,65000,68500,Annual Merit Increase,5.3
COMP01390,EMP00875,22-05-26,,204000,New Hire,
COMP01391,EMP00876,12-02-26,,85500,New Hire,
COMP01392,EMP00877,02-02-25,,98500,New Hire,
COMP01393,EMP00877,02-02-26,98500,103000,Annual Merit Increase,4.7
COMP01394,EMP00878,24-11-22,,81500,New Hire,
COMP01395,EMP00878,24-11-23,81500,93500,Promotion,14.5
COMP01396,EMP00878,19-01-25,93500,95500,Annual Merit Increase,2.2
COMP01397,EMP00878,26-04-26,95500,99000,Annual Merit Increase,3.9
COMP01398,EMP00879,02-08-24,,97500,New Hire,
COMP01399,EMP00879,02-08-25,97500,101500,Annual Merit Increase,4.3
COMP01400,EMP00880,27-06-25,,80000,New Hire,
COMP01401,EMP00881,23-09-25,,181000,New Hire,
COMP01402,EMP00882,09-07-24,,90000,New Hire,
COMP01403,EMP00883,01-01-24,,140500,New Hire,
COMP01404,EMP00883,31-12-24,140500,143500,Annual Merit Increase,2.2
COMP01405,EMP00883,28-02-26,143500,150000,Annual Merit Increase,4.7
COMP01406,EMP00884,08-03-26,,80000,New Hire,
COMP01407,EMP00885,23-07-26,,176000,New Hire,
COMP01408,EMP00886,06-06-25,,124000,New Hire,
COMP01409,EMP00886,06-06-26,124000,129500,Annual Merit Increase,4.3
COMP01410,EMP00887,06-03-24,,60000,New Hire,
COMP01411,EMP00888,22-08-24,,67000,New Hire,
COMP01412,EMP00888,22-08-25,67000,70000,Annual Merit Increase,4.4
COMP01413,EMP00888,18-06-26,70000,79000,Promotion,12.8
COMP01414,EMP00889,25-11-22,,92500,New Hire,
COMP01415,EMP00890,18-05-26,,118500,New Hire,
COMP01416,EMP00891,17-12-23,,164500,New Hire,
COMP01417,EMP00891,16-12-24,164500,171000,Annual Merit Increase,3.8
COMP01418,EMP00891,11-02-26,171000,176000,Annual Merit Increase,2.9
COMP01419,EMP00892,29-07-25,,80500,New Hire,
COMP01420,EMP00893,12-08-24,,128500,New Hire,
COMP01421,EMP00894,06-07-25,,125000,New Hire,
COMP01422,EMP00894,06-07-26,125000,129500,Annual Merit Increase,3.8
COMP01423,EMP00895,26-10-25,,113500,New Hire,
COMP01424,EMP00896,27-03-26,,96500,New Hire,
COMP01425,EMP00897,08-05-24,,109000,New Hire,
COMP01426,EMP00897,08-05-25,109000,114500,Annual Merit Increase,4.9
COMP01427,EMP00897,07-03-26,114500,117000,Annual Merit Increase,2.1
COMP01428,EMP00898,19-10-22,,155000,New Hire,
COMP01429,EMP00898,19-10-23,155000,179500,Promotion,15.8
COMP01430,EMP00898,14-09-24,179500,189000,Annual Merit Increase,5.4
COMP01431,EMP00898,01-12-25,189000,199500,Annual Merit Increase,5.6
COMP01432,EMP00899,28-01-24,,117000,New Hire,
COMP01433,EMP00899,27-01-25,117000,122000,Annual Merit Increase,4.5
COMP01434,EMP00900,10-05-26,,85000,New Hire,
COMP01435,EMP00901,01-04-26,,60500,New Hire,
COMP01436,EMP00902,25-08-25,,114500,New Hire,
COMP01437,EMP00903,29-08-25,,93000,New Hire,
COMP01438,EMP00904,13-10-25,,130000,New Hire,
COMP01439,EMP00905,17-03-24,,82000,New Hire,
COMP01440,EMP00906,03-05-26,,107000,New Hire,
COMP01441,EMP00907,08-02-25,,113500,New Hire,
COMP01442,EMP00907,08-02-26,113500,118000,Annual Merit Increase,4
COMP01443,EMP00908,14-12-24,,67500,New Hire,
COMP01444,EMP00908,14-12-25,67500,70500,Annual Merit Increase,4.5
COMP01445,EMP00909,03-06-25,,102500,New Hire,
COMP01446,EMP00909,03-06-26,102500,108500,Annual Merit Increase,5.9
COMP01447,EMP00910,16-02-23,,166000,New Hire,
COMP01448,EMP00910,16-02-24,166000,190000,Promotion,14.4
COMP01449,EMP00910,30-04-25,190000,199000,Annual Merit Increase,4.8
COMP01450,EMP00910,10-05-26,199000,205500,Annual Merit Increase,3.2
COMP01451,EMP00911,13-02-24,,67000,New Hire,
COMP01452,EMP00912,20-12-25,,164000,New Hire,
COMP01453,EMP00913,24-07-23,,57500,New Hire,
COMP01454,EMP00914,17-08-25,,60000,New Hire,
COMP01455,EMP00915,13-07-24,,74500,New Hire,
COMP01456,EMP00915,13-07-25,74500,77000,Annual Merit Increase,3.3
COMP01457,EMP00916,29-01-25,,69500,New Hire,
COMP01458,EMP00917,06-09-24,,115500,New Hire,
COMP01459,EMP00917,06-09-25,115500,128500,Promotion,11.1
COMP01460,EMP00918,17-11-24,,85000,New Hire,
COMP01461,EMP00918,17-11-25,85000,87000,Annual Merit Increase,2.4
COMP01462,EMP00919,14-12-25,,137500,New Hire,
COMP01463,EMP00920,17-09-24,,57500,New Hire,
COMP01464,EMP00920,17-09-25,57500,61000,Annual Merit Increase,5.8
COMP01465,EMP00921,30-07-25,,365500,New Hire,
COMP01466,EMP00922,08-04-25,,54000,New Hire,
COMP01467,EMP00922,08-04-26,54000,56000,Annual Merit Increase,3.7
COMP01468,EMP00923,11-10-25,,173500,New Hire,
COMP01469,EMP00924,20-06-26,,129500,New Hire,
COMP01470,EMP00925,28-12-25,,65000,New Hire,
COMP01471,EMP00926,01-05-24,,173500,New Hire,
COMP01472,EMP00926,01-05-25,173500,181500,Annual Merit Increase,4.7
COMP01473,EMP00926,15-04-26,181500,189500,Annual Merit Increase,4.3
COMP01474,EMP00927,26-12-22,,89000,New Hire,
COMP01475,EMP00928,07-07-24,,167000,New Hire,
COMP01476,EMP00928,07-07-25,167000,176000,Annual Merit Increase,5.4
COMP01477,EMP00929,21-08-25,,150500,New Hire,
COMP01478,EMP00930,21-03-23,,124500,New Hire,
COMP01479,EMP00930,20-03-24,124500,128000,Annual Merit Increase,2.6
COMP01480,EMP00930,04-05-25,128000,135000,Annual Merit Increase,5.6
COMP01481,EMP00930,11-04-26,135000,148500,Promotion,10
COMP01482,EMP00931,17-05-25,,158500,New Hire,
COMP01483,EMP00931,17-05-26,158500,167500,Annual Merit Increase,5.7
COMP01484,EMP00932,30-08-25,,83000,New Hire,
COMP01485,EMP00933,10-11-24,,67000,New Hire,
COMP01486,EMP00933,10-11-25,67000,69000,Annual Merit Increase,3.3
COMP01487,EMP00934,11-01-26,,158500,New Hire,
COMP01488,EMP00935,22-10-23,,86000,New Hire,
COMP01489,EMP00935,21-10-24,86000,90000,Annual Merit Increase,4.4
COMP01490,EMP00935,13-12-25,90000,94500,Annual Merit Increase,4.9
COMP01491,EMP00936,09-06-23,,74000,New Hire,
COMP01492,EMP00937,09-12-25,,76000,New Hire,
COMP01493,EMP00938,24-05-25,,94000,New Hire,
COMP01494,EMP00939,05-11-25,,240500,New Hire,
COMP01495,EMP00940,17-02-25,,85500,New Hire,
COMP01496,EMP00941,09-07-24,,104500,New Hire,
COMP01497,EMP00941,09-07-25,104500,110000,Annual Merit Increase,5.1
COMP01498,EMP00941,07-06-26,110000,116000,Annual Merit Increase,5.5
COMP01499,EMP00942,17-03-26,,118500,New Hire,
COMP01500,EMP00943,24-02-26,,152500,New Hire,
COMP01501,EMP00944,21-11-25,,85000,New Hire,
COMP01502,EMP00945,19-08-24,,106500,New Hire,
COMP01503,EMP00946,27-08-25,,210500,New Hire,
COMP01504,EMP00947,07-12-24,,157000,New Hire,
COMP01505,EMP00947,07-12-25,157000,165500,Annual Merit Increase,5.4
COMP01506,EMP00948,23-08-23,,67500,New Hire,
COMP01507,EMP00949,09-05-26,,64500,New Hire,
COMP01508,EMP00950,07-01-24,,112500,New Hire,
COMP01509,EMP00950,06-01-25,112500,117000,Annual Merit Increase,3.9
COMP01510,EMP00950,09-04-26,117000,123000,Annual Merit Increase,5.3
COMP01511,EMP00951,13-06-26,,121500,New Hire,
COMP01512,EMP00952,11-03-25,,121500,New Hire,
COMP01513,EMP00953,14-04-24,,168000,New Hire,
COMP01514,EMP00953,14-04-25,168000,174000,Annual Merit Increase,3.5
COMP01515,EMP00953,18-04-26,174000,190000,Promotion,9.2
COMP01516,EMP00954,19-06-25,,76000,New Hire,
COMP01517,EMP00954,19-06-26,76000,77500,Annual Merit Increase,2.2
COMP01518,EMP00955,11-04-26,,131000,New Hire,
COMP01519,EMP00956,13-12-25,,95500,New Hire,
COMP01520,EMP00957,14-02-26,,193000,New Hire,
COMP01521,EMP00958,13-10-25,,103500,New Hire,
COMP01522,EMP00959,01-11-25,,80000,New Hire,
COMP01523,EMP00960,08-04-26,,87500,New Hire,
COMP01524,EMP00961,12-07-24,,64000,New Hire,
COMP01525,EMP00962,19-05-25,,128500,New Hire,
COMP01526,EMP00962,19-05-26,128500,135000,Annual Merit Increase,5.2
COMP01527,EMP00963,12-05-24,,178500,New Hire,
COMP01528,EMP00964,08-07-26,,89500,New Hire,
COMP01529,EMP00965,08-06-26,,86000,New Hire,
COMP01530,EMP00966,29-01-23,,82500,New Hire,
COMP01531,EMP00966,29-01-24,82500,85000,Annual Merit Increase,3.3
COMP01532,EMP00966,01-03-25,85000,89500,Annual Merit Increase,5.1
COMP01533,EMP00966,01-04-26,89500,94000,Annual Merit Increase,5
COMP01534,EMP00967,21-11-25,,150000,New Hire,
COMP01535,EMP00968,13-06-26,,90000,New Hire,
COMP01536,EMP00969,12-03-24,,73500,New Hire,
COMP01537,EMP00969,12-03-25,73500,77000,Annual Merit Increase,5.1
COMP01538,EMP00970,29-07-25,,103500,New Hire,
COMP01539,EMP00971,16-05-26,,83500,New Hire,
COMP01540,EMP00972,01-01-23,,166500,New Hire,
COMP01541,EMP00972,01-01-24,166500,173000,Annual Merit Increase,3.9
COMP01542,EMP00972,27-10-24,173000,178000,Annual Merit Increase,3
COMP01543,EMP00972,27-08-25,178000,182500,Annual Merit Increase,2.5
COMP01544,EMP00972,06-07-26,182500,192500,Annual Merit Increase,5.5
COMP01545,EMP00973,13-11-25,,69000,New Hire,
COMP01546,EMP00974,26-09-24,,141500,New Hire,
COMP01547,EMP00974,26-09-25,141500,146500,Annual Merit Increase,3.5
COMP01548,EMP00975,07-06-26,,309500,New Hire,
COMP01549,EMP00976,26-07-26,,96500,New Hire,
COMP01550,EMP00977,05-06-26,,148500,New Hire,
COMP01551,EMP00978,08-04-25,,369000,New Hire,
COMP01552,EMP00978,08-04-26,369000,378500,Annual Merit Increase,2.6
COMP01553,EMP00979,25-04-26,,185500,New Hire,
COMP01554,EMP00980,27-03-26,,89000,New Hire,
COMP01555,EMP00981,14-10-24,,90000,New Hire,
COMP01556,EMP00982,23-03-26,,150000,New Hire,
COMP01557,EMP00983,30-01-23,,85500,New Hire,
COMP01558,EMP00983,30-01-24,85500,88500,Annual Merit Increase,3.6
COMP01559,EMP00983,18-03-25,88500,93000,Annual Merit Increase,5
COMP01560,EMP00983,16-01-26,93000,97500,Annual Merit Increase,5.1
COMP01561,EMP00984,13-08-25,,73500,New Hire,
COMP01562,EMP00985,15-06-24,,137500,New Hire,
COMP01563,EMP00985,15-06-25,137500,140500,Annual Merit Increase,2
COMP01564,EMP00985,11-05-26,140500,145500,Annual Merit Increase,3.6
COMP01565,EMP00986,23-12-23,,139500,New Hire,
COMP01566,EMP00987,17-06-23,,242500,New Hire,
COMP01567,EMP00987,16-06-24,242500,252000,Annual Merit Increase,4
COMP01568,EMP00987,07-04-25,252000,259500,Annual Merit Increase,2.9
COMP01569,EMP00988,15-11-25,,211000,New Hire,
COMP01570,EMP00989,20-11-24,,167500,New Hire,
COMP01571,EMP00989,20-11-25,167500,174500,Annual Merit Increase,4.1
COMP01572,EMP00990,18-12-25,,69500,New Hire,
COMP01573,EMP00991,18-05-23,,70000,New Hire,
COMP01574,EMP00991,17-05-24,70000,72500,Annual Merit Increase,3.4
COMP01575,EMP00991,17-05-25,72500,74500,Annual Merit Increase,2.8
COMP01576,EMP00991,22-06-26,74500,78000,Annual Merit Increase,5
COMP01577,EMP00992,02-10-24,,111000,New Hire,
COMP01578,EMP00993,04-06-25,,135000,New Hire,
COMP01579,EMP00993,04-06-26,135000,142000,Annual Merit Increase,5.1
COMP01580,EMP00994,01-02-26,,98500,New Hire,
COMP01581,EMP00995,04-10-24,,107500,New Hire,
COMP01582,EMP00995,04-10-25,107500,114000,Annual Merit Increase,5.9
COMP01583,EMP00996,18-09-25,,107000,New Hire,
COMP01584,EMP00997,05-05-26,,107000,New Hire,
COMP01585,EMP00998,19-09-25,,51000,New Hire,
COMP01586,EMP00999,15-06-24,,74500,New Hire,
COMP01587,EMP01000,28-11-22,,93500,New Hire,
COMP01588,EMP01001,08-04-26,,160000,New Hire,
COMP01589,EMP01002,20-11-22,,64500,New Hire,
COMP01590,EMP01003,17-04-26,,121000,New Hire,
COMP01591,EMP01004,01-06-25,,149500,New Hire,
COMP01592,EMP01004,01-06-26,149500,157500,Annual Merit Increase,5.2
COMP01593,EMP01005,12-06-26,,90000,New Hire,
COMP01594,EMP01006,26-02-26,,69500,New Hire,
COMP01595,EMP01007,19-07-26,,111000,New Hire,
COMP01596,EMP01008,15-11-24,,118000,New Hire,
COMP01597,EMP01009,09-01-26,,182000,New Hire,
COMP01598,EMP01010,07-01-25,,68000,New Hire,
COMP01599,EMP01011,02-04-25,,120000,New Hire,
COMP01600,EMP01011,02-04-26,120000,125000,Annual Merit Increase,4.3
COMP01601,EMP01012,29-09-25,,65000,New Hire,
COMP01602,EMP01013,09-04-26,,79000,New Hire,
COMP01603,EMP01014,10-07-26,,129500,New Hire,
COMP01604,EMP01015,02-01-26,,107500,New Hire,
COMP01605,EMP01016,19-02-25,,90000,New Hire,
COMP01606,EMP01016,19-02-26,90000,93500,Annual Merit Increase,4
COMP01607,EMP01017,11-02-25,,79000,New Hire,
COMP01608,EMP01017,11-02-26,79000,82000,Annual Merit Increase,3.5
COMP01609,EMP01018,13-12-25,,79500,New Hire,
COMP01610,EMP01019,10-06-24,,132500,New Hire,
COMP01611,EMP01019,10-06-25,132500,136000,Annual Merit Increase,2.8
COMP01612,EMP01020,14-11-23,,92500,New Hire,
COMP01613,EMP01020,13-11-24,92500,94500,Annual Merit Increase,2.3
COMP01614,EMP01020,07-01-26,94500,98500,Annual Merit Increase,4.2
COMP01615,EMP01021,18-11-24,,164500,New Hire,
COMP01616,EMP01021,18-11-25,164500,171500,Annual Merit Increase,4.3
COMP01617,EMP01022,19-09-24,,136000,New Hire,
COMP01618,EMP01022,19-09-25,136000,140500,Annual Merit Increase,3.2
COMP01619,EMP01022,15-07-26,140500,144000,Annual Merit Increase,2.6
COMP01620,EMP01023,22-09-24,,96500,New Hire,
COMP01621,EMP01024,09-06-24,,68000,New Hire,
COMP01622,EMP01025,25-02-23,,113500,New Hire,
COMP01623,EMP01025,25-02-24,113500,118500,Annual Merit Increase,4.3
COMP01624,EMP01026,07-11-22,,225000,New Hire,
COMP01625,EMP01027,03-07-26,,103500,New Hire,
COMP01626,EMP01028,20-02-25,,169000,New Hire,
COMP01627,EMP01029,06-12-24,,87000,New Hire,
COMP01628,EMP01029,06-12-25,87000,89500,Annual Merit Increase,2.9
COMP01629,EMP01030,27-11-25,,152000,New Hire,
COMP01630,EMP01031,21-05-24,,63000,New Hire,
COMP01631,EMP01032,02-06-26,,153500,New Hire,
COMP01632,EMP01033,06-02-26,,77500,New Hire,
COMP01633,EMP01034,03-08-23,,91000,New Hire,
COMP01634,EMP01034,02-08-24,91000,96000,Annual Merit Increase,5.7
COMP01635,EMP01034,01-07-25,96000,101000,Annual Merit Increase,5
COMP01636,EMP01034,01-05-26,101000,105500,Annual Merit Increase,4.5
COMP01637,EMP01035,16-02-25,,102500,New Hire,
COMP01638,EMP01035,16-02-26,102500,108500,Annual Merit Increase,5.7
COMP01639,EMP01036,08-04-26,,84000,New Hire,
COMP01640,EMP01037,02-06-26,,323000,New Hire,
COMP01641,EMP01038,17-04-25,,103500,New Hire,
COMP01642,EMP01038,17-04-26,103500,107500,Annual Merit Increase,4.1
COMP01643,EMP01039,09-08-25,,60500,New Hire,
COMP01644,EMP01040,12-02-24,,115500,New Hire,
COMP01645,EMP01040,11-02-25,115500,122000,Annual Merit Increase,5.8
COMP01646,EMP01040,27-01-26,122000,128000,Annual Merit Increase,4.9
COMP01647,EMP01041,03-07-26,,93000,New Hire,
COMP01648,EMP01042,11-06-24,,130500,New Hire,
COMP01649,EMP01042,11-06-25,130500,135500,Annual Merit Increase,3.8
COMP01650,EMP01043,01-06-26,,145000,New Hire,
COMP01651,EMP01044,23-10-25,,87000,New Hire,
COMP01652,EMP01045,13-08-25,,185500,New Hire,
COMP01653,EMP01046,15-05-25,,76500,New Hire,
COMP01654,EMP01046,15-05-26,76500,80000,Annual Merit Increase,4.7
COMP01655,EMP01047,26-06-24,,55500,New Hire,
COMP01656,EMP01047,26-06-25,55500,58500,Annual Merit Increase,5
COMP01657,EMP01048,05-03-24,,144000,New Hire,
COMP01658,EMP01048,05-03-25,144000,149000,Annual Merit Increase,3.5
COMP01659,EMP01048,27-01-26,149000,153500,Annual Merit Increase,3.1
COMP01660,EMP01049,21-05-24,,113000,New Hire,
COMP01661,EMP01049,21-05-25,113000,115500,Annual Merit Increase,2.2
COMP01662,EMP01049,20-04-26,115500,122000,Annual Merit Increase,5.8
COMP01663,EMP01050,17-04-24,,85500,New Hire,
COMP01664,EMP01050,17-04-25,85500,90500,Annual Merit Increase,5.6
COMP01665,EMP01051,25-02-26,,150500,New Hire,
COMP01666,EMP01052,23-11-24,,67500,New Hire,
COMP01667,EMP01053,24-03-23,,84500,New Hire,
COMP01668,EMP01053,23-03-24,84500,86500,Annual Merit Increase,2.6
COMP01669,EMP01054,25-07-26,,146000,New Hire,
COMP01670,EMP01055,06-05-26,,72000,New Hire,
COMP01671,EMP01056,28-06-26,,124500,New Hire,
COMP01672,EMP01057,21-07-26,,166500,New Hire,
COMP01673,EMP01058,22-03-24,,179500,New Hire,
COMP01674,EMP01059,11-01-25,,108500,New Hire,
COMP01675,EMP01059,11-01-26,108500,113500,Annual Merit Increase,4.8
COMP01676,EMP01060,18-01-26,,69500,New Hire,
COMP01677,EMP01061,04-11-25,,137000,New Hire,
COMP01678,EMP01062,03-02-24,,236500,New Hire,
COMP01679,EMP01062,02-02-25,236500,260000,Promotion,10
COMP01680,EMP01062,22-01-26,260000,272500,Annual Merit Increase,4.8
COMP01681,EMP01063,13-03-26,,173500,New Hire,
COMP01682,EMP01064,23-06-24,,66000,New Hire,
COMP01683,EMP01064,23-06-25,66000,68500,Annual Merit Increase,4
COMP01684,EMP01065,09-06-24,,95500,New Hire,
COMP01685,EMP01066,21-06-25,,105000,New Hire,
COMP01686,EMP01066,21-06-26,105000,110500,Annual Merit Increase,5.1
COMP01687,EMP01067,06-08-25,,193000,New Hire,
COMP01688,EMP01068,26-07-25,,142000,New Hire,
COMP01689,EMP01068,26-07-26,142000,146000,Annual Merit Increase,2.9
COMP01690,EMP01069,30-08-23,,154500,New Hire,
COMP01691,EMP01069,29-08-24,154500,159000,Annual Merit Increase,3
COMP01692,EMP01070,28-04-26,,307500,New Hire,
COMP01693,EMP01071,12-08-24,,58500,New Hire,
COMP01694,EMP01071,12-08-25,58500,61000,Annual Merit Increase,4.6
COMP01695,EMP01072,02-12-23,,97000,New Hire,
COMP01696,EMP01072,01-12-24,97000,101500,Annual Merit Increase,4.4
COMP01697,EMP01073,03-05-26,,100500,New Hire,
COMP01698,EMP01074,03-06-26,,84500,New Hire,
COMP01699,EMP01075,28-04-26,,62000,New Hire,
COMP01700,EMP01076,12-03-26,,70500,New Hire,
COMP01701,EMP01077,15-10-25,,130000,New Hire,
COMP01702,EMP01078,09-06-25,,158000,New Hire,
COMP01703,EMP01078,09-06-26,158000,167000,Annual Merit Increase,5.7
COMP01704,EMP01079,23-08-23,,105000,New Hire,
COMP01705,EMP01080,08-02-25,,120500,New Hire,
COMP01706,EMP01081,11-12-24,,96500,New Hire,
COMP01707,EMP01081,11-12-25,96500,101500,Annual Merit Increase,5
COMP01708,EMP01082,16-07-24,,158000,New Hire,
COMP01709,EMP01082,16-07-25,158000,165000,Annual Merit Increase,4.6
COMP01710,EMP01083,26-12-25,,185000,New Hire,
COMP01711,EMP01084,27-05-25,,135500,New Hire,
COMP01712,EMP01084,27-05-26,135500,142000,Annual Merit Increase,4.7
COMP01713,EMP01085,25-07-23,,72500,New Hire,
COMP01714,EMP01085,24-07-24,72500,74500,Annual Merit Increase,2.9
COMP01715,EMP01085,14-05-25,74500,81500,Promotion,9.4
COMP01716,EMP01085,10-05-26,81500,84000,Annual Merit Increase,3.2
COMP01717,EMP01086,22-05-24,,71500,New Hire,
COMP01718,EMP01086,22-05-25,71500,75000,Annual Merit Increase,4.7
COMP01719,EMP01086,01-06-26,75000,76500,Annual Merit Increase,2.3
COMP01720,EMP01087,04-11-25,,50500,New Hire,
COMP01721,EMP01088,28-06-23,,101000,New Hire,
COMP01722,EMP01088,27-06-24,101000,106500,Annual Merit Increase,5.4
COMP01723,EMP01088,16-08-25,106500,110500,Annual Merit Increase,3.5
COMP01724,EMP01089,01-04-26,,166000,New Hire,
COMP01725,EMP01090,24-05-25,,189000,New Hire,
COMP01726,EMP01090,24-05-26,189000,193500,Annual Merit Increase,2.4
COMP01727,EMP01091,07-04-25,,94500,New Hire,
COMP01728,EMP01091,07-04-26,94500,98000,Annual Merit Increase,4
COMP01729,EMP01092,02-08-25,,130000,New Hire,
COMP01730,EMP01093,24-03-26,,206000,New Hire,
COMP01731,EMP01094,28-11-24,,101500,New Hire,
COMP01732,EMP01094,28-11-25,101500,105000,Annual Merit Increase,3.3
COMP01733,EMP01095,05-10-25,,106500,New Hire,
COMP01734,EMP01096,07-07-25,,222500,New Hire,
COMP01735,EMP01096,07-07-26,222500,227500,Annual Merit Increase,2.2
COMP01736,EMP01097,04-08-24,,111500,New Hire,
COMP01737,EMP01098,05-04-26,,237000,New Hire,
COMP01738,EMP01099,24-02-26,,218500,New Hire,
COMP01739,EMP01100,01-10-25,,151000,New Hire,
COMP01740,EMP01101,01-04-26,,142000,New Hire,
COMP01741,EMP01102,15-04-26,,153000,New Hire,
COMP01742,EMP01103,20-11-25,,140500,New Hire,
COMP01743,EMP01104,19-03-26,,99000,New Hire,
COMP01744,EMP01105,29-11-25,,82000,New Hire,
COMP01745,EMP01106,10-11-25,,98500,New Hire,
COMP01746,EMP01107,28-09-25,,109500,New Hire,
COMP01747,EMP01108,18-01-26,,82000,New Hire,
COMP01748,EMP01109,28-02-24,,57000,New Hire,
COMP01749,EMP01110,03-04-26,,53500,New Hire,
COMP01750,EMP01111,11-04-26,,145500,New Hire,
COMP01751,EMP01112,15-12-22,,217500,New Hire,
COMP01752,EMP01112,15-12-23,217500,222000,Annual Merit Increase,2
COMP01753,EMP01112,06-11-24,222000,234500,Annual Merit Increase,5.5
COMP01754,EMP01112,20-09-25,234500,243500,Annual Merit Increase,3.9
COMP01755,EMP01113,27-03-26,,225500,New Hire,
COMP01756,EMP01114,30-12-23,,104500,New Hire,
COMP01757,EMP01114,29-12-24,104500,110500,Annual Merit Increase,5.7
COMP01758,EMP01114,21-03-26,110500,114500,Annual Merit Increase,3.6
COMP01759,EMP01115,11-11-24,,163000,New Hire,
COMP01760,EMP01116,17-01-26,,123500,New Hire,
COMP01761,EMP01117,17-02-24,,83000,New Hire,
COMP01762,EMP01117,16-02-25,83000,85000,Annual Merit Increase,2.3
COMP01763,EMP01118,06-03-26,,133500,New Hire,
COMP01764,EMP01119,05-03-26,,74500,New Hire,
COMP01765,EMP01120,08-05-25,,181500,New Hire,
COMP01766,EMP01121,02-09-22,,81500,New Hire,
COMP01767,EMP01121,02-09-23,81500,86000,Annual Merit Increase,5.7
COMP01768,EMP01121,03-10-24,86000,90000,Annual Merit Increase,4.9
COMP01769,EMP01122,16-09-24,,103000,New Hire,
COMP01770,EMP01122,16-09-25,103000,107500,Annual Merit Increase,4.2
COMP01771,EMP01123,20-09-25,,164500,New Hire,
COMP01772,EMP01124,24-07-26,,108500,New Hire,
COMP01773,EMP01125,12-09-25,,115000,New Hire,
COMP01774,EMP01126,06-07-24,,122500,New Hire,
COMP01775,EMP01126,06-07-25,122500,126000,Annual Merit Increase,3
COMP01776,EMP01127,01-09-25,,78000,New Hire,
COMP01777,EMP01128,04-06-25,,119000,New Hire,
COMP01778,EMP01128,04-06-26,119000,122500,Annual Merit Increase,2.7
COMP01779,EMP01129,17-02-26,,112000,New Hire,
COMP01780,EMP01130,13-10-23,,133500,New Hire,
COMP01781,EMP01130,12-10-24,133500,137500,Annual Merit Increase,3.1
COMP01782,EMP01130,10-08-25,137500,141500,Annual Merit Increase,2.8
COMP01783,EMP01130,21-06-26,141500,148500,Annual Merit Increase,4.9
COMP01784,EMP01131,18-01-26,,119000,New Hire,
COMP01785,EMP01132,05-06-25,,135500,New Hire,
COMP01786,EMP01133,24-07-26,,132000,New Hire,
COMP01787,EMP01134,24-11-24,,145500,New Hire,
COMP01788,EMP01134,24-11-25,145500,151500,Annual Merit Increase,4.3
COMP01789,EMP01135,27-09-25,,184000,New Hire,
COMP01790,EMP01136,03-06-26,,155000,New Hire,
COMP01791,EMP01137,11-10-23,,159500,New Hire,
COMP01792,EMP01137,10-10-24,159500,168000,Annual Merit Increase,5.4
COMP01793,EMP01137,23-11-25,168000,172000,Annual Merit Increase,2.3
COMP01794,EMP01138,13-06-26,,71000,New Hire,
COMP01795,EMP01139,04-11-25,,94500,New Hire,
COMP01796,EMP01140,26-05-23,,210000,New Hire,
COMP01797,EMP01140,25-05-24,210000,219500,Annual Merit Increase,4.5
COMP01798,EMP01140,02-05-25,219500,231000,Annual Merit Increase,5.3
COMP01799,EMP01141,27-09-24,,102000,New Hire,
COMP01800,EMP01141,27-09-25,102000,105500,Annual Merit Increase,3.6
COMP01801,EMP01142,14-11-25,,63000,New Hire,
COMP01802,EMP01143,22-05-23,,171000,New Hire,
COMP01803,EMP01144,11-07-25,,66500,New Hire,
COMP01804,EMP01145,27-11-24,,69500,New Hire,
COMP01805,EMP01145,27-11-25,69500,73500,Annual Merit Increase,5.4
COMP01806,EMP01146,10-09-25,,383000,New Hire,
COMP01807,EMP01147,19-02-23,,122500,New Hire,
COMP01808,EMP01147,19-02-24,122500,140500,Promotion,14.6
COMP01809,EMP01147,01-01-25,140500,145500,Annual Merit Increase,3.4
COMP01810,EMP01147,15-01-26,145500,153500,Annual Merit Increase,5.6
COMP01811,EMP01148,18-04-26,,98000,New Hire,
COMP01812,EMP01149,06-07-26,,291500,New Hire,
COMP01813,EMP01150,27-07-26,,177000,New Hire,
COMP01814,EMP01151,29-01-26,,89000,New Hire,
COMP01815,EMP01152,15-12-23,,108500,New Hire,
COMP01816,EMP01153,21-01-26,,128500,New Hire,
COMP01817,EMP01154,10-11-22,,172000,New Hire,
COMP01818,EMP01154,10-11-23,172000,194000,Promotion,12.8
COMP01819,EMP01154,14-01-25,194000,202500,Annual Merit Increase,4.4
COMP01820,EMP01154,18-01-26,202500,208000,Annual Merit Increase,2.6
COMP01821,EMP01155,05-11-22,,146500,New Hire,
COMP01822,EMP01155,05-11-23,146500,152000,Annual Merit Increase,3.8
COMP01823,EMP01155,25-01-25,152000,156000,Annual Merit Increase,2.8
COMP01824,EMP01155,29-01-26,156000,162500,Annual Merit Increase,4.2
COMP01825,EMP01156,26-10-24,,155000,New Hire,
COMP01826,EMP01157,29-05-25,,111500,New Hire,
COMP01827,EMP01157,29-05-26,111500,115500,Annual Merit Increase,3.4
COMP01828,EMP01158,05-01-26,,99000,New Hire,
COMP01829,EMP01159,10-11-25,,142500,New Hire,
COMP01830,EMP01160,28-03-25,,108500,New Hire,
COMP01831,EMP01161,05-08-24,,227000,New Hire,
COMP01832,EMP01161,05-08-25,227000,234000,Annual Merit Increase,3.2
COMP01833,EMP01162,03-07-26,,114000,New Hire,
COMP01834,EMP01163,23-02-25,,88000,New Hire,
COMP01835,EMP01163,23-02-26,88000,93000,Annual Merit Increase,5.7
COMP01836,EMP01164,06-03-25,,104000,New Hire,
COMP01837,EMP01165,04-02-24,,80000,New Hire,
COMP01838,EMP01166,18-02-26,,74000,New Hire,
COMP01839,EMP01167,28-11-25,,118500,New Hire,
COMP01840,EMP01168,09-05-24,,86500,New Hire,
COMP01841,EMP01168,09-05-25,86500,90500,Annual Merit Increase,4.7
COMP01842,EMP01168,21-05-26,90500,98500,Promotion,9
COMP01843,EMP01169,17-07-23,,186500,New Hire,
COMP01844,EMP01169,16-07-24,186500,195500,Annual Merit Increase,4.9
COMP01845,EMP01169,04-07-25,195500,200000,Annual Merit Increase,2.3
COMP01846,EMP01170,29-11-25,,75000,New Hire,
COMP01847,EMP01171,13-10-25,,136000,New Hire,
COMP01848,EMP01172,27-08-24,,155000,New Hire,
COMP01849,EMP01173,15-06-26,,114500,New Hire,
COMP01850,EMP01174,20-02-24,,85000,New Hire,
COMP01851,EMP01174,19-02-25,85000,88500,Annual Merit Increase,4.1
COMP01852,EMP01175,17-02-25,,220000,New Hire,
COMP01853,EMP01176,13-06-26,,93500,New Hire,
COMP01854,EMP01177,16-02-25,,70500,New Hire,
COMP01855,EMP01177,16-02-26,70500,72500,Annual Merit Increase,2.7
COMP01856,EMP01178,22-09-25,,100000,New Hire,
COMP01857,EMP01179,04-01-25,,55500,New Hire,
COMP01858,EMP01179,04-01-26,55500,59000,Annual Merit Increase,6
COMP01859,EMP01180,05-08-24,,517500,New Hire,
COMP01860,EMP01180,05-08-25,517500,546000,Annual Merit Increase,5.5
COMP01861,EMP01181,05-07-26,,72000,New Hire,
COMP01862,EMP01182,09-02-25,,186000,New Hire,
COMP01863,EMP01183,17-05-26,,172500,New Hire,
COMP01864,EMP01184,13-06-24,,72500,New Hire,
COMP01865,EMP01185,02-05-24,,152500,New Hire,
COMP01866,EMP01186,13-12-22,,83000,New Hire,
COMP01867,EMP01186,13-12-23,83000,85000,Annual Merit Increase,2.3
COMP01868,EMP01186,31-10-24,85000,88500,Annual Merit Increase,3.9
COMP01869,EMP01186,29-01-26,88500,92500,Annual Merit Increase,4.3
COMP01870,EMP01187,22-10-25,,95500,New Hire,
COMP01871,EMP01188,21-12-24,,73000,New Hire,
COMP01872,EMP01189,27-04-26,,178000,New Hire,
COMP01873,EMP01190,23-04-25,,266000,New Hire,
COMP01874,EMP01190,23-04-26,266000,279000,Annual Merit Increase,4.8
COMP01875,EMP01191,19-07-26,,66000,New Hire,
COMP01876,EMP01192,03-04-24,,77000,New Hire,
COMP01877,EMP01192,03-04-25,77000,81000,Annual Merit Increase,5.2
COMP01878,EMP01192,03-04-26,81000,83500,Annual Merit Increase,3.1
COMP01879,EMP01193,10-04-26,,173500,New Hire,
COMP01880,EMP01194,02-01-26,,89500,New Hire,
COMP01881,EMP01195,13-01-26,,164000,New Hire,
COMP01882,EMP01196,19-03-26,,118500,New Hire,
COMP01883,EMP01197,26-01-26,,83500,New Hire,
COMP01884,EMP01198,17-09-25,,144000,New Hire,
COMP01885,EMP01199,21-12-23,,97000,New Hire,
COMP01886,EMP01199,20-12-24,97000,102000,Annual Merit Increase,5.1
COMP01887,EMP01199,29-12-25,102000,105000,Annual Merit Increase,2.8
COMP01888,EMP01200,14-01-23,,233000,New Hire,
COMP01889,EMP01200,14-01-24,233000,257000,Promotion,
COMP01890,EMP01200,14-03-25,257000,270000,Annual Merit Increase,5.1
COMP01891,EMP01200,29-05-26,270000,275500,Annual Merit Increase,2.1
COMP01892,EMP01201,12-05-26,,179500,New Hire,
COMP01893,EMP01202,21-09-25,,79000,New Hire,
COMP01894,EMP01203,12-02-26,,72500,New Hire,
COMP01895,EMP01204,11-04-25,,301500,New Hire,
COMP01896,EMP01204,11-04-26,301500,311500,Annual Merit Increase,3.4
COMP01897,EMP01205,07-12-23,,185500,New Hire,
COMP01898,EMP01205,06-12-24,185500,189500,Annual Merit Increase,2.2
COMP01899,EMP01205,21-02-26,189500,200500,Annual Merit Increase,5.9
COMP01900,EMP01206,04-12-23,,66000,New Hire,
COMP01901,EMP01207,19-11-25,,175500,New Hire,
COMP01902,EMP01208,01-02-25,,104500,New Hire,
COMP01903,EMP01208,01-02-26,104500,110500,Annual Merit Increase,5.8
COMP01904,EMP01209,28-04-24,,117000,New Hire,
COMP01905,EMP01210,24-05-25,,191500,New Hire,
COMP01906,EMP01210,24-05-26,191500,200500,Annual Merit Increase,
COMP01907,EMP01211,29-04-23,,74000,New Hire,
COMP01908,EMP01211,28-04-24,74000,77500,Annual Merit Increase,4.4
COMP01909,EMP01211,29-03-25,77500,87500,Promotion,13
COMP01910,EMP01211,04-05-26,87500,92500,Annual Merit Increase,5.8
COMP01911,EMP01212,03-07-25,,200500,New Hire,
COMP01912,EMP01212,03-07-26,200500,211000,Annual Merit Increase,5.1
COMP01913,EMP01213,13-08-24,,73000,New Hire,
COMP01914,EMP01214,15-02-26,,116500,New Hire,
COMP01915,EMP01215,02-09-24,,89000,New Hire,
COMP01916,EMP01216,11-03-25,,111000,New Hire,
COMP01917,EMP01216,11-03-26,111000,116500,Annual Merit Increase,5
COMP01918,EMP01217,04-10-22,,127000,New Hire,
COMP01919,EMP01217,04-10-23,127000,131500,Annual Merit Increase,3.6
COMP01920,EMP01217,03-10-24,131500,135500,Annual Merit Increase,3.2
COMP01921,EMP01218,19-06-23,,80500,New Hire,
COMP01922,EMP01218,18-06-24,80500,84500,Annual Merit Increase,4.8
COMP01923,EMP01219,29-01-25,,130000,New Hire,
COMP01924,EMP01219,29-01-26,130000,134500,Annual Merit Increase,3.6
COMP01925,EMP01220,17-04-25,,110000,New Hire,
COMP01926,EMP01221,03-08-25,,71000,New Hire,
COMP01927,EMP01222,28-09-24,,117000,New Hire,
COMP01928,EMP01222,28-09-25,117000,120000,Annual Merit Increase,2.8
COMP01929,EMP01223,18-11-25,,95000,New Hire,
COMP01930,EMP01224,08-04-26,,109000,New Hire,
COMP01931,EMP01225,22-02-26,,117500,New Hire,
COMP01932,EMP01226,25-02-23,,117500,New Hire,
COMP01933,EMP01226,25-02-24,117500,124000,Annual Merit Increase,5.7
COMP01934,EMP01226,06-06-25,124000,128500,Annual Merit Increase,3.8
COMP01935,EMP01227,24-04-25,,59500,New Hire,
COMP01936,EMP01228,26-10-23,,85000,New Hire,
COMP01937,EMP01228,25-10-24,85000,87000,Annual Merit Increase,2.1
COMP01938,EMP01229,19-06-24,,78000,New Hire,
COMP01939,EMP01229,19-06-25,78000,82000,Annual Merit Increase,5.2
COMP01940,EMP01230,05-07-26,,147500,New Hire,
COMP01941,EMP01231,07-01-24,,131500,New Hire,
COMP01942,EMP01232,21-05-25,,139500,New Hire,
COMP01943,EMP01232,21-05-26,139500,143000,Annual Merit Increase,2.6
COMP01944,EMP01233,08-09-25,,90500,New Hire,
COMP01945,EMP01234,28-11-25,,108000,New Hire,
COMP01946,EMP01235,05-07-25,,70500,New Hire,
COMP01947,EMP01235,05-07-26,70500,74500,Annual Merit Increase,5.7
COMP01948,EMP01236,17-09-22,,74500,New Hire,
COMP01949,EMP01237,05-10-24,,91500,New Hire,
COMP01950,EMP01237,05-10-25,91500,94500,Annual Merit Increase,3
COMP01951,EMP01238,04-05-25,,93000,New Hire,
COMP01952,EMP01238,04-05-26,93000,96000,Annual Merit Increase,3.3
COMP01953,EMP01239,22-08-23,,92500,New Hire,
COMP01954,EMP01240,19-11-24,,68500,New Hire,
COMP01955,EMP01240,19-11-25,68500,71500,Annual Merit Increase,4.2
COMP01956,EMP01241,27-01-23,,84500,New Hire,
COMP01957,EMP01242,21-07-23,,64000,New Hire,
COMP01958,EMP01242,20-07-24,64000,65500,Annual Merit Increase,2.6
COMP01959,EMP01242,29-10-25,65500,68500,Annual Merit Increase,4.5
COMP01960,EMP01243,02-01-25,,80000,New Hire,
COMP01961,EMP01243,02-01-26,80000,82500,Annual Merit Increase,2.9
COMP01962,EMP01244,11-01-24,,126000,New Hire,
COMP01963,EMP01244,10-01-25,126000,133000,Annual Merit Increase,5.6
COMP01964,EMP01244,10-12-25,133000,149000,Promotion,12
COMP01965,EMP01245,22-07-25,,110000,New Hire,
COMP01966,EMP01245,22-07-26,110000,112500,Annual Merit Increase,2.1
COMP01967,EMP01246,13-11-25,,69000,New Hire,
COMP01968,EMP01247,15-02-26,,92500,New Hire,
COMP01969,EMP01248,12-04-24,,107500,New Hire,
COMP01970,EMP01248,12-04-25,107500,111500,Annual Merit Increase,3.6
COMP01971,EMP01248,03-06-26,111500,114500,Annual Merit Increase,2.8
COMP01972,EMP01249,22-03-24,,56000,New Hire,
COMP01973,EMP01249,22-03-25,56000,59000,Annual Merit Increase,5.6
COMP01974,EMP01249,19-05-26,59000,61000,Annual Merit Increase,3.1
COMP01975,EMP01250,21-10-23,,59000,New Hire,
COMP01976,EMP01250,20-10-24,59000,61500,Annual Merit Increase,4
COMP01977,EMP01250,27-08-25,61500,68000,Promotion,10.8
COMP01978,EMP01251,22-09-25,,84500,New Hire,
COMP01979,EMP01252,11-11-25,,110000,New Hire,
COMP01980,EMP01253,07-12-22,,102000,New Hire,
COMP01981,EMP01253,07-12-23,102000,107000,Annual Merit Increase,4.7
COMP01982,EMP01253,22-10-24,107000,120000,Promotion,12.1
COMP01983,EMP01253,23-08-25,120000,124000,Annual Merit Increase,3.5
COMP01984,EMP01253,16-06-26,124000,127500,Annual Merit Increase,2.7
COMP01985,EMP01254,28-06-26,,79000,New Hire,
COMP01986,EMP01255,05-03-23,,150000,New Hire,
COMP01987,EMP01256,17-06-25,,114000,New Hire,
COMP01988,EMP01256,17-06-26,114000,117000,Annual Merit Increase,2.5
COMP01989,EMP01257,24-11-25,,90500,New Hire,
COMP01990,EMP01258,20-04-26,,164500,New Hire,
COMP01991,EMP01259,09-12-25,,120500,New Hire,
COMP01992,EMP01260,14-02-26,,88000,New Hire,
COMP01993,EMP01261,26-11-24,,96000,New Hire,
COMP01994,EMP01262,12-03-26,,68500,New Hire,
COMP01995,EMP01263,06-07-23,,74000,New Hire,
COMP01996,EMP01263,05-07-24,74000,77000,Annual Merit Increase,4
COMP01997,EMP01263,30-06-25,77000,79000,Annual Merit Increase,2.3
COMP01998,EMP01264,17-05-26,,113000,New Hire,
COMP01999,EMP01265,19-06-25,,70500,New Hire,
COMP02000,EMP01266,19-03-26,,103000,New Hire,
COMP02001,EMP01267,26-03-25,,175500,New Hire,
COMP02002,EMP01267,26-03-26,175500,183000,Annual Merit Increase,4.2
COMP02003,EMP01268,16-09-25,,238000,New Hire,
COMP02004,EMP01269,12-06-25,,109000,New Hire,
COMP02005,EMP01269,12-06-26,109000,112000,Annual Merit Increase,2.9
COMP02006,EMP01270,12-12-25,,137500,New Hire,
COMP02007,EMP01271,20-07-23,,100500,New Hire,
COMP02008,EMP01272,06-04-23,,150000,New Hire,
COMP02009,EMP01272,05-04-24,150000,153500,Annual Merit Increase,2.2
COMP02010,EMP01273,23-07-24,,91000,New Hire,
COMP02011,EMP01273,23-07-25,91000,94000,Annual Merit Increase,3.2
COMP02012,EMP01274,26-02-24,,71000,New Hire,
COMP02013,EMP01274,25-02-25,71000,74500,Annual Merit Increase,5.1
COMP02014,EMP01275,04-04-26,,59500,New Hire,
COMP02015,EMP01276,06-05-24,,74500,New Hire,
COMP02016,EMP01276,06-05-25,74500,78500,Annual Merit Increase,5.3
COMP02017,EMP01276,21-05-26,78500,83000,Annual Merit Increase,6
COMP02018,EMP01277,11-07-26,,85000,New Hire,
COMP02019,EMP01278,01-11-24,,187000,New Hire,
COMP02020,EMP01278,01-11-25,187000,196500,Annual Merit Increase,5.1
COMP02021,EMP01279,30-03-24,,124000,New Hire,
COMP02022,EMP01280,24-02-26,,121000,New Hire,
COMP02023,EMP01281,23-10-25,,104000,New Hire,
COMP02024,EMP01282,15-05-25,,52500,New Hire,
COMP02025,EMP01283,27-07-25,,195500,New Hire,
COMP02026,EMP01284,11-12-25,,268000,New Hire,
COMP02027,EMP01285,25-06-24,,296000,New Hire,
COMP02028,EMP01285,25-06-25,296000,310500,Annual Merit Increase,4.9
COMP02029,EMP01286,19-07-26,,408500,New Hire,
COMP02030,EMP01287,18-07-26,,78000,New Hire,
COMP02031,EMP01288,17-10-25,,68500,New Hire,
COMP02032,EMP01289,19-04-24,,139000,New Hire,
COMP02033,EMP01290,21-11-25,,227500,New Hire,
COMP02034,EMP01291,14-06-23,,88500,New Hire,
COMP02035,EMP01291,13-06-24,88500,101500,Promotion,14.7
COMP02036,EMP01291,11-06-25,101500,105500,Annual Merit Increase,4.1
COMP02037,EMP01291,17-06-26,105500,109500,Annual Merit Increase,3.9
COMP02038,EMP01292,27-12-22,,60500,New Hire,
COMP02039,EMP01292,27-12-23,60500,66000,Promotion,9
COMP02040,EMP01292,28-11-24,66000,67500,Annual Merit Increase,2.5
COMP02041,EMP01292,06-10-25,67500,71000,Annual Merit Increase,5.5
COMP02042,EMP01293,18-07-24,,142500,New Hire,
COMP02043,EMP01294,28-04-25,,76000,New Hire,
COMP02044,EMP01295,19-04-26,,92500,New Hire,
COMP02045,EMP01296,15-12-25,,135500,New Hire,
COMP02046,EMP01297,15-01-26,,95500,New Hire,
COMP02047,EMP01298,04-02-25,,77500,New Hire,
COMP02048,EMP01299,07-11-24,,181500,New Hire,
COMP02049,EMP01300,13-12-24,,117000,New Hire,
COMP02050,EMP01300,13-12-25,117000,119500,Annual Merit Increase,2.3
COMP02051,EMP01301,03-07-26,,211000,New Hire,
COMP02052,EMP01302,16-02-23,,76000,New Hire,
COMP02053,EMP01303,09-04-26,,65500,New Hire,
COMP02054,EMP01304,08-07-25,,137000,New Hire,
COMP02055,EMP01304,08-07-26,137000,141000,Annual Merit Increase,3
COMP02056,EMP01305,20-03-25,,157000,New Hire,
COMP02057,EMP01305,20-03-26,157000,163000,Annual Merit Increase,3.9
COMP02058,EMP01306,13-12-25,,84500,New Hire,
COMP02059,EMP01307,17-05-25,,191000,New Hire,
COMP02060,EMP01307,17-05-26,191000,196500,Annual Merit Increase,2.8
COMP02061,EMP01308,17-04-26,,80000,New Hire,
COMP02062,EMP01309,17-05-26,,101500,New Hire,
COMP02063,EMP01310,01-02-25,,69000,New Hire,
COMP02064,EMP01310,01-02-26,69000,71500,Annual Merit Increase,3.5
COMP02065,EMP01311,08-08-24,,102500,New Hire,
COMP02066,EMP01311,08-08-25,102500,105500,Annual Merit Increase,2.9
COMP02067,EMP01312,19-08-25,,106000,New Hire,
COMP02068,EMP01313,06-05-26,,107000,New Hire,
COMP02069,EMP01314,03-05-24,,133500,New Hire,
COMP02070,EMP01314,03-05-25,133500,141500,Annual Merit Increase,6
COMP02071,EMP01314,10-03-26,141500,146500,Annual Merit Increase,3.7
COMP02072,EMP01315,27-09-25,,177000,New Hire,
COMP02073,EMP01316,05-09-25,,69000,New Hire,
COMP02074,EMP01317,13-12-25,,65000,New Hire,
COMP02075,EMP01318,15-12-23,,72500,New Hire,
COMP02076,EMP01319,14-12-25,,86500,New Hire,
COMP02077,EMP01320,29-05-26,,128000,New Hire,
COMP02078,EMP01321,23-03-24,,130500,New Hire,
COMP02079,EMP01321,23-03-25,130500,134500,Annual Merit Increase,3.2
COMP02080,EMP01321,29-04-26,134500,141500,Annual Merit Increase,5.2
COMP02081,EMP01322,16-06-24,,172000,New Hire,
COMP02082,EMP01322,16-06-25,172000,177000,Annual Merit Increase,3
COMP02083,EMP01322,08-06-26,177000,183500,Annual Merit Increase,3.7
COMP02084,EMP01323,18-07-26,,95000,New Hire,
COMP02085,EMP01324,22-03-24,,115500,New Hire,
COMP02086,EMP01324,22-03-25,115500,121000,Annual Merit Increase,4.9
COMP02087,EMP01324,24-04-26,121000,127500,Annual Merit Increase,5.4
COMP02088,EMP01325,29-04-26,,102500,New Hire,
COMP02089,EMP01326,22-05-25,,64000,New Hire,
COMP02090,EMP01327,11-07-24,,129000,New Hire,
COMP02091,EMP01327,11-07-25,129000,135500,Annual Merit Increase,4.9
COMP02092,EMP01327,28-06-26,135500,141000,Annual Merit Increase,4
COMP02093,EMP01328,03-04-26,,253000,New Hire,
COMP02094,EMP01329,22-03-25,,124500,New Hire,
COMP02095,EMP01329,22-03-26,124500,130500,Annual Merit Increase,4.9
COMP02096,EMP01330,10-05-25,,179500,New Hire,
COMP02097,EMP01330,10-05-26,179500,183500,Annual Merit Increase,2.3
COMP02098,EMP01331,10-12-24,,110500,New Hire,
COMP02099,EMP01331,10-12-25,110500,116500,Annual Merit Increase,5.4
COMP02100,EMP01332,30-08-25,,67000,New Hire,
COMP02101,EMP01333,21-02-24,,131000,New Hire,
COMP02102,EMP01333,20-02-25,131000,137000,Annual Merit Increase,4.4
COMP02103,EMP01333,28-12-25,137000,141500,Annual Merit Increase,3.1
COMP02104,EMP01334,16-01-25,,104000,New Hire,
COMP02105,EMP01334,16-01-26,104000,108500,Annual Merit Increase,4.5
COMP02106,EMP01335,12-07-26,,79500,New Hire,
COMP02107,EMP01336,02-07-24,,139000,New Hire,
COMP02108,EMP01337,09-10-25,,141500,New Hire,
COMP02109,EMP01338,24-10-24,,64500,New Hire,
COMP02110,EMP01338,24-10-25,64500,66500,Annual Merit Increase,3
COMP02111,EMP01339,03-01-26,,120500,New Hire,
COMP02112,EMP01340,24-12-23,,174000,New Hire,
COMP02113,EMP01341,25-07-26,,167500,New Hire,
COMP02114,EMP01342,30-03-25,,156000,New Hire,
COMP02115,EMP01342,30-03-26,156000,164500,Annual Merit Increase,5.4
COMP02116,EMP01343,15-06-24,,74500,New Hire,
COMP02117,EMP01343,15-06-25,74500,78000,Annual Merit Increase,4.9
COMP02118,EMP01344,03-06-23,,191500,New Hire,
COMP02119,EMP01344,02-06-24,191500,197500,Annual Merit Increase,3.3
COMP02120,EMP01344,16-06-25,197500,207000,Annual Merit Increase,4.7
COMP02121,EMP01344,01-06-26,207000,218000,Annual Merit Increase,5.4
COMP02122,EMP01345,19-03-24,,306000,New Hire,
COMP02123,EMP01345,19-03-25,306000,320000,Annual Merit Increase,4.6
COMP02124,EMP01345,31-05-26,320000,331000,Annual Merit Increase,3.4
COMP02125,EMP01346,18-06-25,,119500,New Hire,
COMP02126,EMP01346,18-06-26,119500,125500,Annual Merit Increase,5.2
COMP02127,EMP01347,08-11-24,,79500,New Hire,
COMP02128,EMP01347,08-11-25,79500,83000,Annual Merit Increase,4.4
COMP02129,EMP01348,26-03-26,,113000,New Hire,
COMP02130,EMP01349,17-02-25,,99500,New Hire,
COMP02131,EMP01349,17-02-26,99500,105500,Annual Merit Increase,5.8
COMP02132,EMP01350,08-07-24,,125000,New Hire,
COMP02133,EMP01350,08-07-25,125000,130500,Annual Merit Increase,4.5
COMP02134,EMP01351,07-09-25,,96500,New Hire,
COMP02135,EMP01352,07-11-25,,70000,New Hire,
COMP02136,EMP01353,03-02-24,,116500,New Hire,
COMP02137,EMP01354,01-03-24,,143000,New Hire,
COMP02138,EMP01354,01-03-25,143000,150500,Annual Merit Increase,5.2
COMP02139,EMP01354,08-05-26,150500,157500,Annual Merit Increase,4.8
COMP02140,EMP01355,04-01-23,,183000,New Hire,
COMP02141,EMP01355,04-01-24,183000,191000,Annual Merit Increase,4.4
COMP02142,EMP01356,25-12-25,,64500,New Hire,
COMP02143,EMP01357,05-10-25,,129500,New Hire,
COMP02144,EMP01358,01-04-25,,119500,New Hire,
COMP02145,EMP01358,01-04-26,119500,126500,Annual Merit Increase,5.9
COMP02146,EMP01359,15-03-26,,87000,New Hire,
COMP02147,EMP01360,05-02-26,,62000,New Hire,
COMP02148,EMP01361,13-07-25,,115500,New Hire,
COMP02149,EMP01362,08-04-26,,174000,New Hire,
COMP02150,EMP01363,08-05-24,,121500,New Hire,
COMP02151,EMP01363,08-05-25,121500,125000,Annual Merit Increase,3
COMP02152,EMP01364,05-11-23,,97500,New Hire,
COMP02153,EMP01365,28-08-24,,149000,New Hire,
COMP02154,EMP01365,28-08-25,149000,168500,Promotion,13.2
COMP02155,EMP01366,09-03-23,,67500,New Hire,
COMP02156,EMP01366,08-03-24,67500,73500,Promotion,9.2
COMP02157,EMP01366,25-02-25,73500,75000,Annual Merit Increase,2.2
COMP02158,EMP01366,04-03-26,75000,78500,Annual Merit Increase,4.4
COMP02159,EMP01367,01-06-25,,177000,New Hire,
COMP02160,EMP01367,01-06-26,177000,183000,Annual Merit Increase,3.5
COMP02161,EMP01368,04-06-26,,167000,New Hire,
COMP02162,EMP01369,03-01-23,,89500,New Hire,
COMP02163,EMP01369,03-01-24,89500,92000,Annual Merit Increase,3
COMP02164,EMP01369,04-12-24,92000,96000,Annual Merit Increase,4.3
COMP02165,EMP01369,04-01-26,96000,99000,Annual Merit Increase,2.9
COMP02166,EMP01370,02-12-23,,130000,New Hire,
COMP02167,EMP01370,01-12-24,130000,146500,Promotion,12.7
COMP02168,EMP01370,06-02-26,146500,155000,Annual Merit Increase,5.9
COMP02169,EMP01371,08-03-25,,90000,New Hire,
COMP02170,EMP01371,08-03-26,90000,93500,Annual Merit Increase,3.8
COMP02171,EMP01372,23-06-26,,237000,New Hire,
COMP02172,EMP01373,09-10-24,,87500,New Hire,
COMP02173,EMP01373,09-10-25,87500,89500,Annual Merit Increase,2.3
COMP02174,EMP01374,02-05-25,,345000,New Hire,
COMP02175,EMP01374,02-05-26,345000,360000,Annual Merit Increase,4.4
COMP02176,EMP01375,14-02-23,,81500,New Hire,
COMP02177,EMP01375,14-02-24,81500,91500,Promotion,12.3
COMP02178,EMP01375,01-03-25,91500,96500,Annual Merit Increase,5.7
COMP02179,EMP01375,29-03-26,96500,100500,Annual Merit Increase,4.3
COMP02180,EMP01376,14-01-24,,92000,New Hire,
COMP02181,EMP01377,04-07-26,,289500,New Hire,
COMP02182,EMP01378,06-07-26,,109000,New Hire,
COMP02183,EMP01379,11-09-22,,153500,New Hire,
COMP02184,EMP01379,11-09-23,153500,160500,Annual Merit Increase,4.6
COMP02185,EMP01379,24-10-24,160500,166000,Annual Merit Increase,3.6
COMP02186,EMP01379,19-10-25,166000,181500,Promotion,9.2
COMP02187,EMP01380,03-06-26,,121500,New Hire,
COMP02188,EMP01381,08-09-25,,78500,New Hire,
COMP02189,EMP01382,03-04-26,,128000,New Hire,
COMP02190,EMP01383,14-03-25,,75500,New Hire,
COMP02191,EMP01384,28-05-25,,133000,New Hire,
COMP02192,EMP01384,28-05-26,133000,138500,Annual Merit Increase,4
COMP02193,EMP01385,13-05-25,,69500,New Hire,
COMP02194,EMP01385,13-05-26,69500,71500,Annual Merit Increase,2.6
COMP02195,EMP01386,13-10-25,,170000,New Hire,
COMP02196,EMP01387,02-01-24,,156500,New Hire,
COMP02197,EMP01388,13-12-22,,110500,New Hire,
COMP02198,EMP01389,29-09-24,,98500,New Hire,
COMP02199,EMP01389,29-09-25,98500,103000,Annual Merit Increase,4.7
COMP02200,EMP01390,19-11-25,,75000,New Hire,
COMP02201,EMP01391,27-04-24,,95000,New Hire,
COMP02202,EMP01391,27-04-25,95000,97500,Annual Merit Increase,2.7
COMP02203,EMP01391,28-03-26,97500,103000,Annual Merit Increase,5.8
COMP02204,EMP01392,06-10-25,,134000,New Hire,
COMP02205,EMP01393,16-07-26,,177000,New Hire,
COMP02206,EMP01394,02-09-23,,72000,New Hire,
COMP02207,EMP01394,01-09-24,72000,73500,Annual Merit Increase,2.4
COMP02208,EMP01394,06-12-25,73500,77500,Annual Merit Increase,5.5
COMP02209,EMP01395,08-10-25,,147500,New Hire,
COMP02210,EMP01396,17-03-25,,145000,New Hire,
COMP02211,EMP01396,17-03-26,145000,152500,Annual Merit Increase,5.3
COMP02212,EMP01397,23-04-26,,136500,New Hire,
COMP02213,EMP01398,02-03-24,,69000,New Hire,
COMP02214,EMP01398,02-03-25,69000,72000,Annual Merit Increase,4.6
COMP02215,EMP01399,10-11-25,,63500,New Hire,
COMP02216,EMP01400,28-03-26,,90000,New Hire,
COMP02217,EMP01401,16-06-26,,143000,New Hire,
COMP02218,EMP01402,06-11-25,,101000,New Hire,
COMP02219,EMP01403,28-05-25,,98500,New Hire,
COMP02220,EMP01403,28-05-26,98500,104000,Annual Merit Increase,5.6
COMP02221,EMP01404,02-09-25,,222500,New Hire,
COMP02222,EMP01405,02-04-26,,133500,New Hire,
COMP02223,EMP01406,26-07-25,,202500,New Hire,
COMP02224,EMP01406,26-07-26,202500,208500,Annual Merit Increase,2.9
COMP02225,EMP01407,13-12-22,,91000,New Hire,
COMP02226,EMP01408,24-06-26,,58500,New Hire,
COMP02227,EMP01409,15-11-25,,210500,New Hire,
COMP02228,EMP01410,28-10-25,,87500,New Hire,
COMP02229,EMP01411,02-05-24,,57500,New Hire,
COMP02230,EMP01411,02-05-25,57500,60000,Annual Merit Increase,4
COMP02231,EMP01411,25-07-26,60000,63500,Annual Merit Increase,5.6
COMP02232,EMP01412,07-10-25,,77000,New Hire,
COMP02233,EMP01413,03-01-25,,75500,New Hire,
COMP02234,EMP01413,03-01-26,75500,78000,Annual Merit Increase,3.2
COMP02235,EMP01414,08-10-25,,86500,New Hire,
COMP02236,EMP01415,23-10-23,,145000,New Hire,
COMP02237,EMP01415,22-10-24,145000,148500,Annual Merit Increase,2.3
COMP02238,EMP01415,23-10-25,148500,153000,Annual Merit Increase,3
COMP02239,EMP01416,14-10-25,,194000,New Hire,
COMP02240,EMP01417,24-07-26,,227000,New Hire,
COMP02241,EMP01418,30-03-23,,65000,New Hire,
COMP02242,EMP01419,23-07-26,,96500,New Hire,
COMP02243,EMP01420,27-01-25,,73500,New Hire,
COMP02244,EMP01420,27-01-26,73500,76000,Annual Merit Increase,3.2
COMP02245,EMP01421,22-04-26,,146000,New Hire,
COMP02246,EMP01422,07-02-26,,106500,New Hire,
COMP02247,EMP01423,21-07-25,,121500,New Hire,
COMP02248,EMP01423,21-07-26,121500,124000,Annual Merit Increase,2.1
COMP02249,EMP01424,07-12-25,,144000,New Hire,
COMP02250,EMP01425,01-04-26,,91000,New Hire,
COMP02251,EMP01426,17-01-25,,86500,New Hire,
COMP02252,EMP01426,17-01-26,86500,89000,Annual Merit Increase,2.9
COMP02253,EMP01427,09-10-24,,205000,New Hire,
COMP02254,EMP01427,09-10-25,205000,214500,Annual Merit Increase,4.7
COMP02255,EMP01428,30-10-25,,231500,New Hire,
COMP02256,EMP01429,21-02-26,,113500,New Hire,
COMP02257,EMP01430,13-01-26,,98500,New Hire,
COMP02258,EMP01431,21-02-26,,274500,New Hire,
COMP02259,EMP01432,19-03-25,,77000,New Hire,
COMP02260,EMP01432,19-03-26,77000,81500,Annual Merit Increase,5.8
COMP02261,EMP01433,21-03-26,,109000,New Hire,
COMP02262,EMP01434,19-12-23,,74500,New Hire,
COMP02263,EMP01434,18-12-24,74500,76500,Annual Merit Increase,2.8
COMP02264,EMP01434,04-04-26,76500,80000,Annual Merit Increase,4.4
COMP02265,EMP01435,25-06-25,,101500,New Hire,
COMP02266,EMP01435,25-06-26,101500,105000,Annual Merit Increase,3.5
COMP02267,EMP01436,25-09-22,,59500,New Hire,
COMP02268,EMP01436,25-09-23,59500,67000,Promotion,12.4
COMP02269,EMP01436,12-09-24,67000,69000,Annual Merit Increase,3.2
COMP02270,EMP01436,22-08-25,69000,71000,Annual Merit Increase,2.9
COMP02271,EMP01437,22-10-24,,104500,New Hire,
COMP02272,EMP01438,17-12-24,,80500,New Hire,
COMP02273,EMP01438,17-12-25,80500,84000,Annual Merit Increase,4.1
COMP02274,EMP01439,23-01-25,,117500,New Hire,
COMP02275,EMP01439,23-01-26,117500,123000,Annual Merit Increase,4.7
COMP02276,EMP01440,23-11-25,,328000,New Hire,
COMP02277,EMP01441,30-01-25,,138000,New Hire,
COMP02278,EMP01442,10-03-25,,152000,New Hire,
COMP02279,EMP01443,10-06-24,,114500,New Hire,
COMP02280,EMP01443,10-06-25,114500,117000,Annual Merit Increase,2
COMP02281,EMP01443,13-05-26,117000,120500,Annual Merit Increase,2.8
COMP02282,EMP01444,04-12-24,,69500,New Hire,
COMP02283,EMP01444,04-12-25,69500,72000,Annual Merit Increase,3.8
COMP02284,EMP01445,08-06-24,,69500,New Hire,
COMP02285,EMP01445,08-06-25,69500,72500,Annual Merit Increase,4.4
COMP02286,EMP01446,22-06-23,,196000,New Hire,
COMP02287,EMP01446,21-06-24,196000,207500,Annual Merit Increase,5.9
COMP02288,EMP01447,20-08-25,,311500,New Hire,
COMP02289,EMP01448,20-10-25,,75500,New Hire,
COMP02290,EMP01449,18-09-25,,103500,New Hire,
COMP02291,EMP01450,14-04-25,,91000,New Hire,
COMP02292,EMP01451,18-12-24,,94500,New Hire,
COMP02293,EMP01452,28-04-26,,382000,New Hire,
COMP02294,EMP01453,14-06-25,,157000,New Hire,
COMP02295,EMP01453,14-06-26,157000,163000,Annual Merit Increase,3.7
COMP02296,EMP01454,20-04-25,,90000,New Hire,
COMP02297,EMP01455,21-12-22,,297000,New Hire,
COMP02298,EMP01456,24-11-24,,135500,New Hire,
COMP02299,EMP01456,24-11-25,135500,138500,Annual Merit Increase,2.2
COMP02300,EMP01457,15-12-24,,160000,New Hire,
COMP02301,EMP01458,22-01-25,,75500,New Hire,
COMP02302,EMP01459,30-07-25,,87000,New Hire,
COMP02303,EMP01460,04-06-25,,135500,New Hire,
COMP02304,EMP01460,04-06-26,135500,139500,Annual Merit Increase,3.1
COMP02305,EMP01461,13-08-25,,203000,New Hire,
COMP02306,EMP01462,27-01-26,,123500,New Hire,
COMP02307,EMP01463,23-03-26,,59500,New Hire,
COMP02308,EMP01464,08-12-25,,68500,New Hire,
COMP02309,EMP01465,18-06-26,,169000,New Hire,
COMP02310,EMP01466,12-11-22,,74000,New Hire,
COMP02311,EMP01467,23-04-24,,159500,New Hire,
COMP02312,EMP01468,14-09-22,,76500,New Hire,
COMP02313,EMP01468,14-09-23,76500,78500,Annual Merit Increase,2.7
COMP02314,EMP01469,02-10-25,,75000,New Hire,
COMP02315,EMP01470,18-05-26,,118500,New Hire,
COMP02316,EMP01471,24-07-24,,155000,New Hire,
COMP02317,EMP01472,02-06-26,,124000,New Hire,
COMP02318,EMP01473,11-04-23,,72500,New Hire,
COMP02319,EMP01473,10-04-24,72500,75500,Annual Merit Increase,4.4
COMP02320,EMP01474,09-06-26,,132500,New Hire,
COMP02321,EMP01475,12-11-24,,54500,New Hire,
COMP02322,EMP01475,12-11-25,54500,57500,Annual Merit Increase,5.9
COMP02323,EMP01476,17-10-23,,128000,New Hire,
COMP02324,EMP01476,16-10-24,128000,132500,Annual Merit Increase,3.7
COMP02325,EMP01476,28-09-25,132500,135500,Annual Merit Increase,2.4
COMP02326,EMP01477,15-05-25,,224500,New Hire,
COMP02327,EMP01477,15-05-26,224500,230000,Annual Merit Increase,2.4
COMP02328,EMP01478,25-07-24,,72500,New Hire,
COMP02329,EMP01478,25-07-25,72500,76000,Annual Merit Increase,5.1
COMP02330,EMP01479,17-08-24,,213000,New Hire,
COMP02331,EMP01479,17-08-25,213000,219500,Annual Merit Increase,3
COMP02332,EMP01480,26-09-24,,69500,New Hire,
COMP02333,EMP01480,26-09-25,69500,71500,Annual Merit Increase,3
COMP02334,EMP01481,26-02-26,,181500,New Hire,
COMP02335,EMP01482,18-06-25,,93000,New Hire,
COMP02336,EMP01482,18-06-26,93000,95500,Annual Merit Increase,2.5
COMP02337,EMP01483,22-09-24,,417500,New Hire,
COMP02338,EMP01484,06-08-25,,79500,New Hire,
COMP02339,EMP01485,17-12-25,,84000,New Hire,
COMP02340,EMP01486,23-08-24,,223500,New Hire,
COMP02341,EMP01487,24-02-25,,123000,New Hire,
COMP02342,EMP01488,18-12-23,,118000,New Hire,
COMP02343,EMP01489,08-03-24,,86500,New Hire,
COMP02344,EMP01490,09-11-25,,125000,New Hire,
COMP02345,EMP01491,06-03-24,,85000,New Hire,
COMP02346,EMP01491,06-03-25,85000,87500,Annual Merit Increase,2.7
COMP02347,EMP01491,28-01-26,87500,90500,Annual Merit Increase,3.6
COMP02348,EMP01492,05-06-25,,65500,New Hire,
COMP02349,EMP01492,05-06-26,65500,69000,Annual Merit Increase,5.3
COMP02350,EMP01493,12-11-25,,150000,New Hire,
COMP02351,EMP01494,25-10-23,,101000,New Hire,
COMP02352,EMP01494,24-10-24,101000,107000,Annual Merit Increase,6
COMP02353,EMP01494,07-02-26,107000,112000,Annual Merit Increase,4.7
COMP02354,EMP01495,29-07-25,,204000,New Hire,
COMP02355,EMP01496,28-07-24,,176500,New Hire,
COMP02356,EMP01497,11-07-26,,112500,New Hire,
COMP02357,EMP01498,25-04-25,,139500,New Hire,
COMP02358,EMP01498,25-04-26,139500,147500,Annual Merit Increase,5.6
COMP02359,EMP01499,01-02-26,,134000,New Hire,
COMP02360,EMP01500,11-06-25,,71500,New Hire,
COMP02361,EMP01500,11-06-26,71500,74000,Annual Merit Increase,3.7
COMP02362,EMP01501,19-02-23,,134000,New Hire,
COMP02363,EMP01502,09-09-25,,72000,New Hire,
COMP02364,EMP01503,27-06-26,,104500,New Hire,
COMP02365,EMP01504,02-08-25,,181500,New Hire,
COMP02366,EMP01505,12-03-26,,130500,New Hire,
COMP02367,EMP01506,04-05-26,,159000,New Hire,
COMP02368,EMP01507,04-06-24,,75000,New Hire,
COMP02369,EMP01507,04-06-25,75000,78000,Annual Merit Increase,4.2
COMP02370,EMP01507,03-05-26,78000,81500,Annual Merit Increase,4.4
COMP02371,EMP01508,18-05-24,,132000,New Hire,
COMP02372,EMP01508,18-05-25,132000,149500,Promotion,13.3
COMP02373,EMP01509,15-08-25,,81000,New Hire,
COMP02374,EMP01510,19-02-25,,122000,New Hire,
COMP02375,EMP01511,13-03-26,,209500,New Hire,
COMP02376,EMP01512,19-05-26,,155000,New Hire,
COMP02377,EMP01513,17-11-24,,84500,New Hire,
COMP02378,EMP01513,17-11-25,84500,86500,Annual Merit Increase,2.5
COMP02379,EMP01514,06-06-24,,63000,New Hire,
COMP02380,EMP01514,06-06-25,63000,66000,Annual Merit Increase,4.9
COMP02381,EMP01515,16-02-26,,66000,New Hire,
COMP02382,EMP01516,24-08-24,,143000,New Hire,
COMP02383,EMP01517,12-03-26,,261000,New Hire,
COMP02384,EMP01518,19-02-25,,73500,New Hire,
COMP02385,EMP01518,19-02-26,73500,77500,Annual Merit Increase,5.2
COMP02386,EMP01519,05-10-25,,131000,New Hire,
COMP02387,EMP01520,17-09-23,,150500,New Hire,
COMP02388,EMP01521,26-09-25,,122500,New Hire,
COMP02389,EMP01522,23-03-25,,139000,New Hire,
COMP02390,EMP01522,23-03-26,139000,146500,Annual Merit Increase,5.6
COMP02391,EMP01523,26-08-25,,177500,New Hire,
COMP02392,EMP01524,29-03-24,,92000,New Hire,
COMP02393,EMP01524,29-03-25,92000,95500,Annual Merit Increase,3.6
COMP02394,EMP01524,08-07-26,95500,100000,Annual Merit Increase,4.7
COMP02395,EMP01525,01-12-25,,109000,New Hire,
COMP02396,EMP01526,28-04-26,,78500,New Hire,
COMP02397,EMP01527,27-05-24,,234500,New Hire,
COMP02398,EMP01527,27-05-25,234500,247500,Annual Merit Increase,5.4
COMP02399,EMP01527,27-07-26,247500,261500,Annual Merit Increase,5.7
COMP02400,EMP01528,25-09-23,,197500,New Hire,
COMP02401,EMP01528,24-09-24,197500,208000,Annual Merit Increase,5.3
COMP02402,EMP01528,22-08-25,208000,220000,Annual Merit Increase,5.7
COMP02403,EMP01529,24-11-22,,151500,New Hire,
COMP02404,EMP01530,23-09-25,,71000,New Hire,
COMP02405,EMP01531,10-08-25,,98500,New Hire,
COMP02406,EMP01532,15-06-25,,68500,New Hire,
COMP02407,EMP01532,15-06-26,68500,72000,Annual Merit Increase,5
COMP02408,EMP01533,23-06-24,,81500,New Hire,
COMP02409,EMP01533,23-06-25,81500,85000,Annual Merit Increase,4.5
COMP02410,EMP01534,21-01-25,,114500,New Hire,
COMP02411,EMP01534,21-01-26,114500,119000,Annual Merit Increase,3.7
COMP02412,EMP01535,21-08-25,,250500,New Hire,
COMP02413,EMP01536,11-05-25,,189500,New Hire,
COMP02414,EMP01536,11-05-26,189500,199500,Annual Merit Increase,5.2
COMP02415,EMP01537,13-07-26,,122500,New Hire,
COMP02416,EMP01538,05-01-24,,71000,New Hire,
COMP02417,EMP01538,04-01-25,71000,74000,Annual Merit Increase,4.5
COMP02418,EMP01538,05-04-26,74000,78000,Annual Merit Increase,5.7
COMP02419,EMP01539,01-11-25,,114500,New Hire,
COMP02420,EMP01540,24-01-25,,103000,New Hire,
COMP02421,EMP01540,24-01-26,103000,106000,Annual Merit Increase,2.7
COMP02422,EMP01541,12-02-25,,180500,New Hire,
COMP02423,EMP01542,11-12-25,,186000,New Hire,
COMP02424,EMP01543,17-11-25,,109500,New Hire,
COMP02425,EMP01544,04-07-26,,99500,New Hire,
COMP02426,EMP01545,15-12-23,,74000,New Hire,
COMP02427,EMP01546,25-10-23,,73000,New Hire,
COMP02428,EMP01547,30-12-25,,96500,New Hire,
COMP02429,EMP01548,09-07-25,,64500,New Hire,
COMP02430,EMP01548,09-07-26,64500,66500,Annual Merit Increase,2.8
COMP02431,EMP01549,21-08-24,,95500,New Hire,
COMP02432,EMP01549,21-08-25,95500,107000,Promotion,12
COMP02433,EMP01549,13-06-26,107000,111000,Annual Merit Increase,3.7
COMP02434,EMP01550,20-07-23,,144500,New Hire,
COMP02435,EMP01551,19-08-23,,111000,New Hire,
COMP02436,EMP01551,18-08-24,111000,117000,Annual Merit Increase,5.2
COMP02437,EMP01551,18-11-25,117000,121500,Annual Merit Increase,4
COMP02438,EMP01552,19-05-26,,71500,New Hire,
COMP02439,EMP01553,12-04-24,,85000,New Hire,
COMP02440,EMP01553,12-04-25,85000,88000,Annual Merit Increase,3.3
COMP02441,EMP01554,05-10-24,,100000,New Hire,
COMP02442,EMP01555,10-06-24,,94000,New Hire,
COMP02443,EMP01555,10-06-25,94000,99500,Annual Merit Increase,5.7
COMP02444,EMP01555,19-04-26,99500,105000,Annual Merit Increase,5.7
COMP02445,EMP01556,17-11-24,,87500,New Hire,
COMP02446,EMP01557,05-05-23,,135500,New Hire,
COMP02447,EMP01557,04-05-24,135500,140500,Annual Merit Increase,3.8
COMP02448,EMP01557,26-06-25,140500,144000,Annual Merit Increase,2.6
COMP02449,EMP01557,18-04-26,144000,152000,Annual Merit Increase,5.6
COMP02450,EMP01558,22-06-25,,142000,New Hire,
COMP02451,EMP01558,22-06-26,142000,147500,Annual Merit Increase,4
COMP02452,EMP01559,16-05-23,,175500,New Hire,
COMP02453,EMP01560,07-02-26,,104000,New Hire,
COMP02454,EMP01561,28-06-24,,137000,New Hire,
COMP02455,EMP01562,09-06-25,,91500,New Hire,
COMP02456,EMP01562,09-06-26,91500,94000,Annual Merit Increase,2.6
COMP02457,EMP01563,03-04-26,,68500,New Hire,
COMP02458,EMP01564,15-10-25,,160500,New Hire,
COMP02459,EMP01565,16-06-25,,169000,New Hire,
COMP02460,EMP01565,16-06-26,169000,173000,Annual Merit Increase,2.3
COMP02461,EMP01566,18-10-24,,173500,New Hire,
COMP02462,EMP01566,18-10-25,173500,179500,Annual Merit Increase,3.4
COMP02463,EMP01567,14-10-24,,140500,New Hire,
COMP02464,EMP01567,14-10-25,140500,143500,Annual Merit Increase,2.2
COMP02465,EMP01568,03-10-25,,192000,New Hire,
COMP02466,EMP01569,12-07-26,,188000,New Hire,
COMP02467,EMP01570,09-10-25,,152000,New Hire,
COMP02468,EMP01571,28-07-25,,140500,New Hire,
COMP02469,EMP01572,07-12-25,,101000,New Hire,
COMP02470,EMP01573,09-04-25,,262000,New Hire,
COMP02471,EMP01573,09-04-26,262000,272500,Annual Merit Increase,4
COMP02472,EMP01574,13-04-23,,143000,New Hire,
COMP02473,EMP01574,12-04-24,143000,151500,Annual Merit Increase,5.9
COMP02474,EMP01575,18-07-25,,305500,New Hire,
COMP02475,EMP01575,18-07-26,305500,323500,Annual Merit Increase,5.8
COMP02476,EMP01576,05-06-26,,177000,New Hire,
COMP02477,EMP01577,13-03-24,,68500,New Hire,
COMP02478,EMP01577,13-03-25,68500,72000,Annual Merit Increase,5.4
COMP02479,EMP01577,13-05-26,72000,76000,Annual Merit Increase,5.7
COMP02480,EMP01578,04-11-25,,101500,New Hire,
COMP02481,EMP01579,02-04-24,,58500,New Hire,
COMP02482,EMP01580,16-06-25,,120500,New Hire,
COMP02483,EMP01580,16-06-26,120500,123000,Annual Merit Increase,2.1
COMP02484,EMP01581,09-09-23,,163500,New Hire,
COMP02485,EMP01582,09-03-25,,73500,New Hire,
COMP02486,EMP01582,09-03-26,73500,76000,Annual Merit Increase,3.2
COMP02487,EMP01583,06-01-26,,80000,New Hire,
COMP02488,EMP01584,11-11-24,,114500,New Hire,
COMP02489,EMP01584,11-11-25,114500,120500,Annual Merit Increase,5.4
COMP02490,EMP01585,22-10-25,,143000,New Hire,
COMP02491,EMP01586,24-02-26,,113500,New Hire,
COMP02492,EMP01587,22-06-26,,97500,New Hire,
COMP02493,EMP01588,01-06-24,,90000,New Hire,
COMP02494,EMP01588,01-06-25,90000,95500,Annual Merit Increase,6
COMP02495,EMP01588,09-04-26,95500,100000,Annual Merit Increase,4.5
COMP02496,EMP01589,04-01-25,,116500,New Hire,
COMP02497,EMP01589,04-01-26,116500,123000,Annual Merit Increase,5.6
COMP02498,EMP01590,13-02-24,,86500,New Hire,
COMP02499,EMP01590,12-02-25,86500,89000,Annual Merit Increase,3
COMP02500,EMP01591,23-07-26,,152000,New Hire,
COMP02501,EMP01592,13-06-26,,76500,New Hire,
COMP02502,EMP01593,13-06-25,,122500,New Hire,
COMP02503,EMP01593,13-06-26,122500,125500,Annual Merit Increase,2.5
COMP02504,EMP01594,02-03-26,,93500,New Hire,
COMP02505,EMP01595,09-06-25,,97500,New Hire,
COMP02506,EMP01595,09-06-26,97500,103000,Annual Merit Increase,5.5
COMP02507,EMP01596,24-09-25,,124000,New Hire,
COMP02508,EMP01597,08-08-23,,107500,New Hire,
COMP02509,EMP01597,07-08-24,107500,121500,Promotion,12.9
COMP02510,EMP01597,20-09-25,121500,125000,Annual Merit Increase,3.1
COMP02511,EMP01598,07-01-26,,246500,New Hire,
COMP02512,EMP01599,04-12-23,,176500,New Hire,
COMP02513,EMP01599,03-12-24,176500,181000,Annual Merit Increase,2.6
COMP02514,EMP01599,10-10-25,181000,185000,Annual Merit Increase,2.2
COMP02515,EMP01600,18-03-26,,139500,New Hire,
COMP02516,EMP01601,03-02-26,,85000,New Hire,
COMP02517,EMP01602,28-11-25,,179000,New Hire,
COMP02518,EMP01603,06-01-23,,120000,New Hire,
COMP02519,EMP01603,06-01-24,120000,122500,Annual Merit Increase,2.2
COMP02520,EMP01603,31-12-24,122500,127500,Annual Merit Increase,4.1
COMP02521,EMP01603,21-10-25,127500,133000,Annual Merit Increase,4.3
COMP02522,EMP01604,12-09-24,,76000,New Hire,
COMP02523,EMP01604,12-09-25,76000,78000,Annual Merit Increase,2.4
COMP02524,EMP01605,12-07-24,,146500,New Hire,
COMP02525,EMP01605,12-07-25,146500,155000,Annual Merit Increase,5.8
COMP02526,EMP01605,15-07-26,155000,159000,Annual Merit Increase,2.6
COMP02527,EMP01606,21-12-24,,129000,New Hire,
COMP02528,EMP01606,21-12-25,129000,133000,Annual Merit Increase,3.1
COMP02529,EMP01607,28-08-23,,70500,New Hire,
COMP02530,EMP01608,08-06-26,,85500,New Hire,
COMP02531,EMP01609,22-07-25,,120000,New Hire,
COMP02532,EMP01609,22-07-26,120000,125000,Annual Merit Increase,4
COMP02533,EMP01610,22-09-24,,103500,New Hire,
COMP02534,EMP01610,22-09-25,103500,106000,Annual Merit Increase,2.4
COMP02535,EMP01611,01-01-25,,122500,New Hire,
COMP02536,EMP01611,01-01-26,122500,126000,Annual Merit Increase,2.8
COMP02537,EMP01612,04-03-25,,66000,New Hire,
COMP02538,EMP01612,04-03-26,66000,69000,Annual Merit Increase,4.6
COMP02539,EMP01613,21-08-25,,65500,New Hire,
COMP02540,EMP01614,28-05-25,,128000,New Hire,
COMP02541,EMP01614,28-05-26,128000,133000,Annual Merit Increase,4
COMP02542,EMP01615,11-05-26,,107500,New Hire,
COMP02543,EMP01616,03-05-25,,75500,New Hire,
COMP02544,EMP01617,13-07-26,,91500,New Hire,
COMP02545,EMP01618,25-04-26,,71500,New Hire,
COMP02546,EMP01619,17-05-24,,208000,New Hire,
COMP02547,EMP01619,17-05-25,208000,216500,Annual Merit Increase,4.2
COMP02548,EMP01619,30-06-26,216500,226500,Annual Merit Increase,4.5
COMP02549,EMP01620,22-06-26,,109000,New Hire,
COMP02550,EMP01621,22-11-23,,108500,New Hire,
COMP02551,EMP01621,21-11-24,108500,112500,Annual Merit Increase,3.6
COMP02552,EMP01622,10-03-26,,80500,New Hire,
COMP02553,EMP01623,21-12-24,,138000,New Hire,
COMP02554,EMP01624,12-04-26,,121000,New Hire,
COMP02555,EMP01625,15-04-26,,68000,New Hire,
COMP02556,EMP01626,21-02-26,,64500,New Hire,
COMP02557,EMP01627,10-02-26,,98000,New Hire,
COMP02558,EMP01628,14-09-24,,151500,New Hire,
COMP02559,EMP01629,13-07-23,,166000,New Hire,
COMP02560,EMP01629,12-07-24,166000,175500,Annual Merit Increase,5.7
COMP02561,EMP01629,18-09-25,175500,180500,Annual Merit Increase,2.9
COMP02562,EMP01630,05-01-25,,125000,New Hire,
COMP02563,EMP01630,05-01-26,125000,128500,Annual Merit Increase,2.6
COMP02564,EMP01631,06-03-24,,152000,New Hire,
COMP02565,EMP01631,06-03-25,152000,159000,Annual Merit Increase,4.7
COMP02566,EMP01631,14-04-26,159000,164500,Annual Merit Increase,3.5
COMP02567,EMP01632,24-11-25,,76000,New Hire,
COMP02568,EMP01633,02-11-24,,150000,New Hire,
COMP02569,EMP01633,02-11-25,150000,155000,Annual Merit Increase,3.4
COMP02570,EMP01634,22-07-26,,142500,New Hire,
COMP02571,EMP01635,17-09-25,,69500,New Hire,
COMP02572,EMP01636,04-03-26,,173000,New Hire,
COMP02573,EMP01637,14-01-24,,69000,New Hire,
COMP02574,EMP01637,13-01-25,69000,78000,Promotion,12.9
COMP02575,EMP01637,29-03-26,78000,80500,Annual Merit Increase,2.9
COMP02576,EMP01638,10-04-26,,324000,New Hire,
COMP02577,EMP01639,03-05-26,,163000,New Hire,
COMP02578,EMP01640,25-05-25,,132000,New Hire,
COMP02579,EMP01640,25-05-26,132000,136000,Annual Merit Increase,3.1
COMP02580,EMP01641,03-08-25,,165500,New Hire,
COMP02581,EMP01642,15-01-26,,63500,New Hire,
COMP02582,EMP01643,06-03-24,,134500,New Hire,
COMP02583,EMP01644,17-05-25,,113500,New Hire,
COMP02584,EMP01644,17-05-26,113500,117000,Annual Merit Increase,3.3
COMP02585,EMP01645,12-01-25,,78500,New Hire,
COMP02586,EMP01646,22-01-24,,247000,New Hire,
COMP02587,EMP01647,20-12-24,,176500,New Hire,
COMP02588,EMP01647,20-12-25,176500,181000,Annual Merit Increase,2.5
COMP02589,EMP01648,24-05-23,,81000,New Hire,
COMP02590,EMP01648,23-05-24,81000,83000,Annual Merit Increase,2.7
COMP02591,EMP01648,27-08-25,83000,87000,Annual Merit Increase,4.9
COMP02592,EMP01649,29-12-22,,161000,New Hire,
COMP02593,EMP01650,11-01-24,,61000,New Hire,
COMP02594,EMP01651,25-07-26,,74000,New Hire,
COMP02595,EMP01652,04-06-25,,94500,New Hire,
COMP02596,EMP01652,04-06-26,94500,99500,Annual Merit Increase,5.1
COMP02597,EMP01653,26-07-26,,404500,New Hire,
COMP02598,EMP01654,26-02-25,,52500,New Hire,
COMP02599,EMP01655,06-10-24,,89500,New Hire,
COMP02600,EMP01656,01-05-25,,61500,New Hire,
COMP02601,EMP01656,01-05-26,61500,65000,Annual Merit Increase,5.7
COMP02602,EMP01657,20-03-25,,148000,New Hire,
COMP02603,EMP01657,20-03-26,148000,152500,Annual Merit Increase,3
COMP02604,EMP01658,23-10-23,,110500,New Hire,
COMP02605,EMP01658,22-10-24,110500,114000,Annual Merit Increase,3
COMP02606,EMP01658,16-01-26,114000,119000,Annual Merit Increase,4.6
COMP02607,EMP01659,28-09-25,,104000,New Hire,
COMP02608,EMP01660,16-05-24,,57500,New Hire,
COMP02609,EMP01661,15-09-25,,223500,New Hire,
COMP02610,EMP01662,17-10-25,,299000,New Hire,
COMP02611,EMP01663,08-02-24,,139000,New Hire,
COMP02612,EMP01664,28-04-23,,82500,New Hire,
COMP02613,EMP01664,27-04-24,82500,84500,Annual Merit Increase,2.2
COMP02614,EMP01664,13-05-25,84500,87000,Annual Merit Increase,3
COMP02615,EMP01665,26-02-26,,160000,New Hire,
COMP02616,EMP01666,12-03-25,,82000,New Hire,
COMP02617,EMP01667,27-03-23,,141000,New Hire,
COMP02618,EMP01667,26-03-24,141000,144500,Annual Merit Increase,2.6
COMP02619,EMP01667,13-03-25,144500,148500,Annual Merit Increase,2.9
COMP02620,EMP01667,07-05-26,148500,171500,Promotion,15.5
COMP02621,EMP01668,22-07-26,,157000,New Hire,
COMP02622,EMP01669,21-03-23,,61500,New Hire,
COMP02623,EMP01669,20-03-24,61500,64000,Annual Merit Increase,4.3
COMP02624,EMP01670,10-11-25,,95000,New Hire,
COMP02625,EMP01671,27-07-26,,58500,New Hire,
COMP02626,EMP01672,15-06-24,,155500,New Hire,
COMP02627,EMP01673,30-01-24,,127500,New Hire,
COMP02628,EMP01674,09-12-23,,97000,New Hire,
COMP02629,EMP01674,08-12-24,97000,100000,Annual Merit Increase,3.3
COMP02630,EMP01674,25-12-25,100000,104000,Annual Merit Increase,3.8
COMP02631,EMP01675,02-09-24,,93500,New Hire,
COMP02632,EMP01675,02-09-25,93500,96500,Annual Merit Increase,3.4
COMP02633,EMP01675,23-07-26,96500,98500,Annual Merit Increase,2.3
COMP02634,EMP01676,05-10-23,,104500,New Hire,
COMP02635,EMP01677,06-11-25,,105500,New Hire,
COMP02636,EMP01678,07-04-23,,68000,New Hire,
COMP02637,EMP01678,06-04-24,68000,69500,Annual Merit Increase,2.6
COMP02638,EMP01679,21-05-25,,141000,New Hire,
COMP02639,EMP01679,21-05-26,141000,145500,Annual Merit Increase,3.1
COMP02640,EMP01680,25-07-26,,61000,New Hire,
COMP02641,EMP01681,01-03-26,,180000,New Hire,
COMP02642,EMP01682,23-08-25,,145500,New Hire,
COMP02643,EMP01683,26-09-24,,95500,New Hire,
COMP02644,EMP01683,26-09-25,95500,97500,Annual Merit Increase,2.2
COMP02645,EMP01684,07-09-25,,165500,New Hire,
COMP02646,EMP01685,20-06-25,,108000,New Hire,
COMP02647,EMP01686,25-02-25,,111500,New Hire,
COMP02648,EMP01686,25-02-26,111500,117000,Annual Merit Increase,5.1
COMP02649,EMP01687,30-12-23,,65000,New Hire,
COMP02650,EMP01688,12-05-26,,73000,New Hire,
COMP02651,EMP01689,16-03-25,,114500,New Hire,
COMP02652,EMP01689,16-03-26,114500,119500,Annual Merit Increase,4.4
COMP02653,EMP01690,16-04-24,,69500,New Hire,
COMP02654,EMP01691,11-12-24,,90500,New Hire,
COMP02655,EMP01691,11-12-25,90500,95500,Annual Merit Increase,5.7
COMP02656,EMP01692,21-02-25,,60500,New Hire,
COMP02657,EMP01692,21-02-26,60500,63000,Annual Merit Increase,3.8
COMP02658,EMP01693,04-03-26,,119000,New Hire,
COMP02659,EMP01694,13-12-25,,72500,New Hire,
COMP02660,EMP01695,07-01-26,,81000,New Hire,
COMP02661,EMP01696,04-10-22,,55000,New Hire,
COMP02662,EMP01697,15-02-25,,270000,New Hire,
COMP02663,EMP01698,19-04-25,,76000,New Hire,
COMP02664,EMP01699,09-11-22,,105500,New Hire,
COMP02665,EMP01699,09-11-23,105500,108000,Annual Merit Increase,2.4
COMP02666,EMP01700,11-07-24,,59000,New Hire,
COMP02667,EMP01700,11-07-25,59000,60500,Annual Merit Increase,2.4
COMP02668,EMP01700,10-07-26,60500,63000,Annual Merit Increase,4
COMP02669,EMP01701,08-01-26,,204500,New Hire,
COMP02670,EMP01702,01-01-24,,74000,New Hire,
COMP02671,EMP01702,31-12-24,74000,76500,Annual Merit Increase,3.4
COMP02672,EMP01702,29-10-25,76500,81000,Annual Merit Increase,5.8
COMP02673,EMP01703,23-06-25,,211000,New Hire,
COMP02674,EMP01704,25-05-24,,143000,New Hire,
COMP02675,EMP01705,24-10-22,,70500,New Hire,
COMP02676,EMP01705,24-10-23,70500,80000,Promotion,13.7
COMP02677,EMP01705,22-08-24,80000,83500,Annual Merit Increase,4.4
COMP02678,EMP01705,11-10-25,83500,86500,Annual Merit Increase,3.5
COMP02679,EMP01706,08-06-24,,225000,New Hire,
COMP02680,EMP01707,13-07-26,,104000,New Hire,
COMP02681,EMP01708,22-02-26,,99000,New Hire,
COMP02682,EMP01709,27-06-26,,201000,New Hire,
COMP02683,EMP01710,04-05-25,,160000,New Hire,
COMP02684,EMP01710,04-05-26,160000,166000,Annual Merit Increase,3.8
COMP02685,EMP01711,08-11-23,,71500,New Hire,
COMP02686,EMP01712,03-06-25,,85000,New Hire,
COMP02687,EMP01712,03-06-26,85000,88000,Annual Merit Increase,3.7
COMP02688,EMP01713,29-03-25,,173000,New Hire,
COMP02689,EMP01713,29-03-26,173000,183500,Annual Merit Increase,6
COMP02690,EMP01714,09-03-26,,98000,New Hire,
COMP02691,EMP01715,29-09-23,,160500,New Hire,
COMP02692,EMP01715,28-09-24,160500,169000,Annual Merit Increase,5.3
COMP02693,EMP01716,02-05-25,,124000,New Hire,
COMP02694,EMP01717,02-02-24,,99000,New Hire,
COMP02695,EMP01717,01-02-25,99000,103500,Annual Merit Increase,4.6
COMP02696,EMP01717,06-12-25,103500,109500,Annual Merit Increase,5.8
COMP02697,EMP01718,28-10-24,,204000,New Hire,
COMP02698,EMP01718,28-10-25,204000,214500,Annual Merit Increase,5
COMP02699,EMP01719,13-12-25,,54500,New Hire,
COMP02700,EMP01720,15-04-25,,307000,New Hire,
COMP02701,EMP01720,15-04-26,307000,318500,Annual Merit Increase,3.7
COMP02702,EMP01721,28-12-24,,166000,New Hire,
COMP02703,EMP01722,23-01-25,,120500,New Hire,
COMP02704,EMP01723,12-03-25,,57500,New Hire,
COMP02705,EMP01724,26-02-26,,174500,New Hire,
COMP02706,EMP01725,04-05-26,,99000,New Hire,
COMP02707,EMP01726,26-06-26,,102000,New Hire,
COMP02708,EMP01727,08-02-26,,191500,New Hire,
COMP02709,EMP01728,09-10-24,,113000,New Hire,
COMP02710,EMP01728,09-10-25,113000,115500,Annual Merit Increase,2.3
COMP02711,EMP01729,23-11-25,,63000,New Hire,
COMP02712,EMP01730,05-03-25,,63500,New Hire,
COMP02713,EMP01731,24-07-24,,241500,New Hire,
COMP02714,EMP01731,24-07-25,241500,255500,Annual Merit Increase,5.7
COMP02715,EMP01732,20-03-26,,66000,New Hire,
COMP02716,EMP01733,18-01-23,,111000,New Hire,
COMP02717,EMP01733,18-01-24,111000,117000,Annual Merit Increase,5.3
COMP02718,EMP01733,05-03-25,117000,120500,Annual Merit Increase,3.2
COMP02719,EMP01733,26-01-26,120500,123500,Annual Merit Increase,2.3
COMP02720,EMP01734,11-05-26,,103500,New Hire,
COMP02721,EMP01735,15-04-25,,71500,New Hire,
COMP02722,EMP01735,15-04-26,71500,73500,Annual Merit Increase,3
COMP02723,EMP01736,28-09-25,,75500,New Hire,
COMP02724,EMP01737,22-10-25,,81000,New Hire,
COMP02725,EMP01738,09-05-26,,103500,New Hire,
COMP02726,EMP01739,17-09-25,,339000,New Hire,
COMP02727,EMP01740,27-08-25,,67500,New Hire,
COMP02728,EMP01741,26-05-23,,98500,New Hire,
COMP02729,EMP01741,25-05-24,98500,102500,Annual Merit Increase,3.9
COMP02730,EMP01741,10-04-25,102500,106000,Annual Merit Increase,3.5
COMP02731,EMP01741,25-06-26,106000,109000,Annual Merit Increase,2.7
COMP02732,EMP01742,12-06-25,,85000,New Hire,
COMP02733,EMP01743,07-02-24,,91000,New Hire,
COMP02734,EMP01744,10-12-25,,111000,New Hire,
COMP02735,EMP01745,25-05-25,,77500,New Hire,
COMP02736,EMP01746,26-11-25,,73500,New Hire,
COMP02737,EMP01747,25-02-23,,111500,New Hire,
COMP02738,EMP01747,25-02-24,111500,123500,Promotion,10.6
COMP02739,EMP01747,21-04-25,123500,131000,Annual Merit Increase,5.9
COMP02740,EMP01747,11-04-26,131000,136500,Annual Merit Increase,4.1
COMP02741,EMP01748,10-07-23,,101500,New Hire,
COMP02742,EMP01748,09-07-24,101500,105500,Annual Merit Increase,3.9
COMP02743,EMP01748,09-08-25,105500,110500,Annual Merit Increase,4.7
COMP02744,EMP01748,08-06-26,110500,115000,Annual Merit Increase,4.2
COMP02745,EMP01749,27-12-25,,79000,New Hire,
COMP02746,EMP01750,13-06-23,,89500,New Hire,
COMP02747,EMP01750,12-06-24,89500,91500,Annual Merit Increase,2.1
COMP02748,EMP01750,04-08-25,91500,95500,Annual Merit Increase,4.2
