SurveyID,EmployeeID,SurveyDate,EngagementScore,JobSatisfactionScore,WorkLifeBalanceScore,ManagerRelationshipScore
SUR00001,EMP00001,2025-09-23,4.0,4.3,4.0,2.1
SUR00002,EMP00001,2026-01-08,2.4,2.4,2.6,2.5
SUR00003,EMP00001,2026-04-19,2.1,3.2,2.4,2.1
SUR00004,EMP00001,2026-07-20,2.2,2.6,1.7,2.1
SUR00005,EMP00002,2024-06-02,3.5,3.8,4.1,3.7
SUR00006,EMP00002,2024-09-16,3.8,4.1,3.6,4.2
SUR00007,EMP00002,2024-12-23,4.2,4.6,3.4,3.4
SUR00008,EMP00002,2025-03-14,4.0,4.0,3.5,3.2
SUR00009,EMP00002,2025-06-14,4.2,4.4,3.9,4.4
SUR00010,EMP00002,2025-09-30,4.7,4.0,5.0,4.7
SUR00011,EMP00002,2026-01-09,4.1,4.3,2.8,3.6
SUR00012,EMP00002,2026-04-16,3.5,3.3,3.4,2.7
SUR00013,EMP00002,2026-07-15,2.9,3.2,2.8,3.6
SUR00014,EMP00004,2026-04-18,3.0,2.9,3.5,4.2
SUR00015,EMP00007,2025-11-20,3.9,3.6,3.9,4.2
SUR00016,EMP00007,2026-02-28,3.6,3.1,,3.2
SUR00017,EMP00007,2026-06-14,5.0,4.9,4.8,5.0
SUR00018,EMP00009,2023-11-25,3.8,4.0,3.5,3.9
SUR00019,EMP00009,2024-03-10,4.1,4.1,3.4,4.0
SUR00020,EMP00009,2024-06-19,3.3,3.6,3.7,2.0
SUR00021,EMP00009,2024-10-05,4.6,5.0,5.0,4.6
SUR00022,EMP00009,2025-01-06,4.4,4.2,3.9,4.7
SUR00023,EMP00009,2025-03-31,3.9,3.8,3.2,4.3
SUR00024,EMP00009,2025-07-06,3.6,3.6,2.9,4.3
SUR00025,EMP00009,2025-10-09,5.0,4.8,5.0,5.0
SUR00026,EMP00009,2026-01-18,3.1,3.3,3.4,3.9
SUR00027,EMP00009,2026-05-04,4.2,4.2,2.4,4.3
SUR00028,EMP00010,2024-07-14,3.3,4.0,3.7,3.8
SUR00029,EMP00010,2024-10-09,3.6,3.5,4.3,3.6
SUR00030,EMP00010,2025-01-03,4.2,3.6,3.5,4.7
SUR00031,EMP00010,2025-03-29,3.2,3.8,3.8,2.4
SUR00032,EMP00010,2025-06-23,2.7,2.6,2.2,3.3
SUR00033,EMP00010,2025-09-22,2.4,2.7,3.0,3.2
SUR00034,EMP00010,2025-12-22,3.2,2.9,4.3,3.1
SUR00035,EMP00010,2026-03-26,3.0,3.0,2.7,3.3
SUR00036,EMP00010,2026-06-23,2.9,2.7,2.8,3.6
SUR00037,EMP00011,2023-05-06,2.8,3.2,2.6,3.0
SUR00038,EMP00011,2023-08-12,2.7,2.4,2.2,2.6
SUR00039,EMP00011,2023-11-08,2.9,3.2,3.8,3.5
SUR00040,EMP00011,2024-02-14,3.9,4.0,3.7,4.5
SUR00041,EMP00011,2024-05-30,3.8,3.5,4.2,4.2
SUR00042,EMP00011,2024-09-07,3.8,3.8,4.0,4.4
SUR00043,EMP00011,2024-12-14,3.2,3.9,2.4,3.6
SUR00044,EMP00011,2025-03-12,4.2,4.2,4.5,4.4
SUR00045,EMP00011,2025-06-18,3.1,3.3,2.6,3.7
SUR00046,EMP00011,2025-09-30,3.7,3.3,2.1,3.5
SUR00047,EMP00011,2026-01-03,3.4,2.8,2.9,3.7
SUR00048,EMP00011,2026-04-16,3.0,2.8,4.0,3.4
SUR00049,EMP00011,2026-07-07,4.2,4.2,3.5,3.8
SUR00050,EMP00012,2025-01-10,3.6,3.4,3.0,3.8
SUR00051,EMP00012,2025-04-11,3.9,3.0,3.0,3.6
SUR00052,EMP00012,2025-07-07,3.7,4.2,2.7,3.5
SUR00053,EMP00012,2025-10-15,4.1,3.7,4.2,3.8
SUR00054,EMP00012,2026-01-17,3.3,3.0,3.8,3.4
SUR00055,EMP00012,2026-04-12,4.2,3.8,4.1,4.4
SUR00056,EMP00013,2025-04-21,2.5,2.8,2.0,2.4
SUR00057,EMP00014,2024-11-14,2.4,2.9,2.7,3.1
SUR00058,EMP00014,2025-02-03,1.0,1.0,1.0,1.1
SUR00059,EMP00014,2025-05-06,,2.0,2.2,2.7
SUR00060,EMP00014,2025-07-31,3.5,3.5,2.7,3.7
SUR00061,EMP00015,2026-06-18,2.7,2.0,2.7,3.6
SUR00062,EMP00016,2025-02-06,3.6,4.0,3.2,3.8
SUR00063,EMP00016,2025-05-07,2.7,2.8,3.2,2.7
SUR00064,EMP00016,2025-08-05,2.9,3.1,4.3,4.0
SUR00065,EMP00016,2025-11-14,3.0,2.5,2.1,3.2
SUR00066,EMP00016,2026-02-10,3.0,2.9,3.9,3.4
SUR00067,EMP00016,2026-05-13,4.6,5.0,3.9,3.3
SUR00068,EMP00017,2024-11-18,4.3,4.5,,4.4
SUR00069,EMP00017,2025-02-21,3.4,3.7,,3.5
SUR00070,EMP00017,2025-06-01,3.7,3.7,3.2,4.0
SUR00071,EMP00017,2025-09-09,4.5,4.9,4.3,4.7
SUR00072,EMP00017,2025-12-11,4.1,4.4,4.0,4.4
SUR00073,EMP00017,2026-03-14,3.3,3.2,4.0,3.3
SUR00074,EMP00017,2026-06-25,3.8,3.9,3.1,3.9
SUR00075,EMP00018,2025-09-27,3.3,3.2,2.7,3.5
SUR00076,EMP00018,2026-01-01,3.8,4.1,4.2,4.5
SUR00077,EMP00018,2026-03-23,3.8,4.1,3.7,5.0
SUR00078,EMP00018,2026-07-10,4.1,3.6,4.3,4.4
SUR00079,EMP00019,2024-04-19,4.4,4.9,4.7,5.0
SUR00080,EMP00019,2024-07-25,4.2,4.0,4.5,4.7
SUR00081,EMP00019,2024-10-28,2.8,2.7,3.4,2.7
SUR00082,EMP00019,2025-01-29,3.6,3.4,3.5,3.6
SUR00083,EMP00019,2025-04-26,3.2,3.1,1.9,3.7
SUR00084,EMP00019,2025-07-22,4.1,4.5,4.0,5.0
SUR00085,EMP00019,2025-10-25,4.0,4.1,4.0,5.0
SUR00086,EMP00019,2026-02-05,4.1,4.6,4.6,5.0
SUR00087,EMP00019,2026-05-08,3.6,3.8,3.1,3.2
SUR00088,EMP00021,2023-09-25,3.5,3.8,4.3,4.2
SUR00089,EMP00021,2023-12-26,2.8,3.0,3.1,2.7
SUR00090,EMP00021,2024-04-04,3.4,3.4,2.9,2.8
SUR00091,EMP00021,2024-06-28,3.0,3.3,2.5,2.0
SUR00092,EMP00021,2024-09-23,3.1,2.7,3.8,3.2
SUR00093,EMP00021,2025-01-09,2.9,3.7,2.8,4.1
SUR00094,EMP00021,2025-04-09,2.3,2.3,1.7,1.9
SUR00095,EMP00021,2025-07-15,2.1,1.9,2.4,2.8
SUR00096,EMP00021,2025-10-15,,2.3,3.1,3.7
SUR00097,EMP00023,2026-04-06,4.0,3.2,3.5,3.4
SUR00098,EMP00023,2026-07-23,2.7,2.4,1.6,1.7
SUR00099,EMP00024,2024-07-22,2.2,2.2,1.5,2.7
SUR00100,EMP00025,2022-12-08,1.3,1.0,1.6,1.2
SUR00101,EMP00025,2023-03-20,2.7,2.4,2.7,2.8
SUR00102,EMP00025,2023-06-25,1.0,1.6,1.3,1.0
SUR00103,EMP00025,2023-09-24,1.5,1.9,1.8,1.0
SUR00104,EMP00026,2026-06-09,4.2,4.2,4.4,4.8
SUR00105,EMP00028,2026-03-16,3.3,3.9,3.6,3.6
SUR00106,EMP00028,2026-06-13,3.5,3.2,3.1,3.1
SUR00107,EMP00029,2026-04-17,1.4,1.4,1.0,1.0
SUR00108,EMP00030,2023-09-27,2.9,3.5,3.6,2.9
SUR00109,EMP00030,2023-12-24,,2.0,2.3,1.6
SUR00110,EMP00030,2024-04-04,2.4,2.6,2.7,2.5
SUR00111,EMP00030,2024-07-11,1.7,1.7,1.3,1.5
SUR00112,EMP00030,2024-10-01,2.3,2.1,2.6,3.1
SUR00113,EMP00031,2025-02-16,1.4,1.2,2.3,1.2
SUR00114,EMP00031,2025-05-31,,2.3,3.3,3.1
SUR00115,EMP00031,2025-09-12,3.3,3.1,3.8,3.0
SUR00116,EMP00031,2025-12-29,2.5,2.2,3.1,2.4
SUR00117,EMP00031,2026-04-03,3.1,3.0,3.8,3.4
SUR00118,EMP00031,2026-07-06,2.1,1.8,3.0,1.9
SUR00119,EMP00032,2024-02-07,1.3,1.0,1.5,1.8
SUR00120,EMP00034,2025-12-25,3.6,3.2,4.1,3.5
SUR00121,EMP00034,2026-03-30,4.3,4.1,4.1,4.9
SUR00122,EMP00034,2026-06-24,4.9,4.4,4.4,5.0
SUR00123,EMP00035,2025-01-08,3.4,4.1,3.4,3.3
SUR00124,EMP00035,2025-04-04,3.7,3.5,3.3,4.2
SUR00125,EMP00035,2025-07-09,2.7,2.4,3.7,4.1
SUR00126,EMP00035,2025-10-13,2.8,2.7,2.4,2.5
SUR00127,EMP00035,2026-01-09,4.2,4.5,,3.8
SUR00128,EMP00035,2026-04-25,3.6,4.5,3.9,4.1
SUR00129,EMP00036,2023-07-02,3.2,3.1,3.7,4.2
SUR00130,EMP00036,2023-09-24,2.3,2.7,2.4,2.8
SUR00131,EMP00036,2023-12-17,4.7,4.3,4.2,4.3
SUR00132,EMP00036,2024-03-17,2.9,2.6,2.0,3.4
SUR00133,EMP00036,2024-06-09,3.0,3.2,2.8,3.9
SUR00134,EMP00036,2024-09-25,3.6,4.1,4.3,3.4
SUR00135,EMP00037,2024-12-15,4.1,4.0,5.0,4.8
SUR00136,EMP00037,2025-03-17,5.0,5.0,4.3,5.0
SUR00137,EMP00037,2025-06-06,4.3,4.3,3.1,3.6
SUR00138,EMP00037,2025-09-21,3.9,4.0,4.1,4.9
SUR00139,EMP00037,2026-01-06,3.5,3.0,3.1,3.5
SUR00140,EMP00037,2026-04-01,2.1,2.3,2.7,2.5
SUR00141,EMP00037,2026-06-21,3.1,3.1,2.9,3.1
SUR00142,EMP00038,2025-01-17,3.3,3.4,3.6,3.3
SUR00143,EMP00038,2025-05-04,3.6,3.8,3.1,2.8
SUR00144,EMP00038,2025-08-16,3.7,3.9,3.8,4.8
SUR00145,EMP00038,2025-11-08,2.8,3.1,3.8,3.5
SUR00146,EMP00038,2026-01-31,3.6,4.0,2.0,3.1
SUR00147,EMP00038,2026-04-28,3.7,4.4,2.6,3.1
SUR00148,EMP00039,2026-03-04,3.8,3.7,3.5,4.1
SUR00149,EMP00039,2026-06-20,4.0,4.3,4.2,4.5
SUR00150,EMP00040,2025-12-17,3.4,3.5,3.1,3.6
SUR00151,EMP00042,2025-07-04,3.7,3.0,4.4,4.5
SUR00152,EMP00042,2025-09-27,2.8,3.3,2.4,3.5
SUR00153,EMP00042,2026-01-13,3.5,3.0,2.9,4.0
SUR00154,EMP00042,2026-04-11,3.3,2.9,3.0,3.6
SUR00155,EMP00042,2026-07-22,2.8,2.4,3.2,3.2
SUR00156,EMP00044,2026-03-10,3.4,3.3,3.8,4.0
SUR00157,EMP00044,2026-05-31,3.1,2.6,3.0,3.5
SUR00158,EMP00045,2026-04-10,3.4,2.9,2.9,2.9
SUR00159,EMP00045,2026-07-11,3.9,4.0,3.9,4.1
SUR00160,EMP00046,2025-10-24,2.1,2.3,1.6,2.2
SUR00161,EMP00046,2026-01-30,2.4,2.5,2.4,2.7
SUR00162,EMP00047,2026-04-27,4.1,3.8,4.5,4.2
SUR00163,EMP00047,2026-07-21,3.4,3.6,3.5,3.4
SUR00164,EMP00049,2025-09-17,,3.9,2.5,2.7
SUR00165,EMP00049,2025-12-21,2.8,3.5,2.9,3.2
SUR00166,EMP00049,2026-03-14,3.0,3.3,3.3,2.8
SUR00167,EMP00049,2026-07-01,2.5,2.3,2.7,1.9
SUR00168,EMP00050,2025-05-12,4.5,4.1,3.8,3.5
SUR00169,EMP00050,2025-08-22,4.3,4.1,4.4,5.0
SUR00170,EMP00050,2025-11-22,4.3,4.2,3.5,4.5
SUR00171,EMP00050,2026-03-10,4.1,4.4,3.8,3.5
SUR00172,EMP00051,2023-03-22,3.3,2.8,3.7,1.9
SUR00173,EMP00051,2023-07-05,3.4,3.1,4.1,3.9
SUR00174,EMP00051,2023-10-22,3.2,3.1,2.5,2.2
SUR00175,EMP00051,2024-01-20,3.0,2.7,2.9,3.0
SUR00176,EMP00051,2024-05-06,3.1,3.5,3.6,2.2
SUR00177,EMP00051,2024-08-05,2.1,2.4,1.4,1.5
SUR00178,EMP00051,2024-11-21,3.3,3.2,3.9,3.0
SUR00179,EMP00051,2025-03-10,,3.1,2.3,1.5
SUR00180,EMP00051,2025-06-14,3.1,4.0,3.0,3.4
SUR00181,EMP00051,2025-09-18,2.6,2.3,3.0,2.2
SUR00182,EMP00051,2025-12-28,1.6,2.1,1.8,1.7
SUR00183,EMP00051,2026-03-29,,1.5,1.8,1.0
SUR00184,EMP00051,2026-06-20,1.2,1.0,2.1,1.0
SUR00185,EMP00052,2024-01-03,3.6,4.1,4.2,3.9
SUR00186,EMP00052,2024-04-03,4.2,4.5,4.1,4.3
SUR00187,EMP00052,2024-07-06,3.5,3.7,3.7,3.3
SUR00188,EMP00052,2024-10-23,3.7,4.8,3.4,4.0
SUR00189,EMP00052,2025-02-06,4.1,3.7,5.0,4.6
SUR00190,EMP00052,2025-05-14,2.9,3.1,3.0,3.3
SUR00191,EMP00052,2025-08-10,3.1,3.0,2.8,3.9
SUR00192,EMP00052,2025-11-18,4.4,4.2,5.0,4.5
SUR00193,EMP00052,2026-02-11,2.9,3.3,3.8,3.0
SUR00194,EMP00052,2026-05-09,3.7,3.7,3.1,3.6
SUR00195,EMP00053,2023-03-13,2.2,2.3,2.0,2.3
SUR00196,EMP00053,2023-06-13,1.6,1.7,2.5,1.3
SUR00197,EMP00054,2025-12-27,3.7,3.3,3.0,3.8
SUR00198,EMP00054,2026-04-10,4.0,3.7,3.3,3.8
SUR00199,EMP00054,2026-07-24,3.1,2.3,2.3,3.1
SUR00200,EMP00055,2025-01-07,2.1,2.6,1.0,3.0
SUR00201,EMP00055,2025-04-06,2.4,2.6,3.5,2.8
SUR00202,EMP00055,2025-06-29,2.7,2.1,2.9,2.8
SUR00203,EMP00055,2025-10-11,1.0,1.2,2.5,1.3
SUR00204,EMP00055,2026-01-15,1.6,2.6,1.9,1.3
SUR00205,EMP00055,2026-04-24,2.4,3.0,2.7,2.7
SUR00206,EMP00056,2025-08-01,2.2,2.1,2.3,2.3
SUR00207,EMP00056,2025-11-17,3.4,3.2,3.0,3.7
SUR00208,EMP00056,2026-02-20,3.0,3.4,3.2,3.1
SUR00209,EMP00059,2025-05-23,3.5,3.0,3.4,4.1
SUR00210,EMP00059,2025-08-22,4.5,3.9,4.1,4.6
SUR00211,EMP00059,2025-11-29,2.8,2.6,1.9,3.0
SUR00212,EMP00059,2026-03-14,4.7,4.6,4.3,4.2
SUR00213,EMP00059,2026-06-25,3.8,4.2,4.4,4.6
SUR00214,EMP00060,2026-04-17,3.1,3.4,4.0,3.2
SUR00215,EMP00060,2026-07-10,3.6,3.1,3.1,3.7
SUR00216,EMP00061,2024-09-27,3.3,3.9,3.6,3.3
SUR00217,EMP00061,2024-12-24,4.2,3.9,5.0,4.3
SUR00218,EMP00061,2025-03-15,4.2,4.4,3.9,3.6
SUR00219,EMP00061,2025-06-24,3.2,3.2,4.3,4.9
SUR00220,EMP00061,2025-10-04,3.9,4.5,4.2,3.3
SUR00221,EMP00062,2023-09-01,2.5,1.8,2.7,3.5
SUR00222,EMP00062,2023-12-03,3.0,2.7,3.3,3.6
SUR00223,EMP00062,2024-02-22,4.1,4.1,3.5,3.6
SUR00224,EMP00062,2024-05-27,3.0,3.1,3.6,3.1
SUR00225,EMP00062,2024-09-11,2.4,2.4,2.3,2.9
SUR00226,EMP00063,2024-12-11,2.1,2.1,2.0,1.9
SUR00227,EMP00063,2025-03-05,2.5,2.2,1.7,3.2
SUR00228,EMP00066,2026-06-16,3.6,3.3,3.5,3.7
SUR00229,EMP00067,2025-12-08,2.9,3.2,2.7,3.3
SUR00230,EMP00067,2026-03-20,3.4,3.4,4.1,4.5
SUR00231,EMP00067,2026-06-18,2.7,2.8,3.1,3.2
SUR00232,EMP00068,2026-07-18,4.2,4.1,3.3,4.1
SUR00233,EMP00069,2026-05-25,3.6,3.1,3.2,3.7
SUR00234,EMP00070,2024-07-09,4.3,4.2,4.2,4.1
SUR00235,EMP00070,2024-10-21,,4.0,3.4,3.9
SUR00236,EMP00070,2025-02-04,2.7,3.6,2.9,3.2
SUR00237,EMP00070,2025-05-10,3.7,2.9,4.6,4.4
SUR00238,EMP00070,2025-08-23,3.9,3.4,4.3,3.8
SUR00239,EMP00070,2025-11-25,2.8,3.2,3.4,3.9
SUR00240,EMP00070,2026-03-05,3.7,3.6,3.3,3.5
SUR00241,EMP00070,2026-06-04,4.0,4.4,4.1,4.2
SUR00242,EMP00073,2026-05-29,3.8,3.2,3.8,3.6
SUR00243,EMP00076,2024-02-25,3.7,3.9,3.7,3.7
SUR00244,EMP00076,2024-05-18,4.6,3.5,5.0,3.9
SUR00245,EMP00076,2024-08-11,3.6,3.5,3.7,3.1
SUR00246,EMP00076,2024-11-17,2.5,2.0,2.8,2.1
SUR00247,EMP00076,2025-02-06,2.6,2.9,3.4,2.0
SUR00248,EMP00076,2025-05-07,2.6,3.2,4.0,2.1
SUR00249,EMP00077,2024-09-24,,2.9,2.6,3.8
SUR00250,EMP00077,2025-01-07,4.0,4.4,4.5,5.0
SUR00251,EMP00077,2025-04-12,4.2,4.4,3.7,4.6
SUR00252,EMP00077,2025-07-24,3.7,3.7,3.8,4.6
SUR00253,EMP00077,2025-11-01,2.9,3.5,4.5,4.9
SUR00254,EMP00077,2026-02-06,3.6,3.9,3.3,3.6
SUR00255,EMP00077,2026-04-28,3.9,4.4,3.2,4.1
SUR00256,EMP00077,2026-07-26,4.1,3.9,3.2,3.7
SUR00257,EMP00078,2025-05-20,3.3,2.7,,3.1
SUR00258,EMP00078,2025-08-19,2.3,1.8,2.3,1.9
SUR00259,EMP00079,2026-06-21,3.2,3.0,3.4,3.1
SUR00260,EMP00080,2026-07-20,2.5,2.2,3.4,2.4
SUR00261,EMP00081,2022-12-20,3.0,3.1,3.0,2.7
SUR00262,EMP00081,2023-03-27,2.7,2.8,2.8,2.6
SUR00263,EMP00081,2023-06-26,2.6,2.6,2.9,1.9
SUR00264,EMP00081,2023-09-22,3.4,2.7,4.4,3.0
SUR00265,EMP00081,2023-12-18,3.0,3.1,3.3,2.5
SUR00266,EMP00083,2025-05-14,2.6,3.1,1.3,2.3
SUR00267,EMP00083,2025-08-08,1.4,1.8,2.4,1.7
SUR00268,EMP00083,2025-11-02,2.2,2.4,2.5,2.2
SUR00269,EMP00083,2026-01-29,2.4,3.5,2.3,1.2
SUR00270,EMP00084,2024-08-18,3.4,3.4,3.9,3.9
SUR00271,EMP00084,2024-11-18,2.2,1.4,1.9,2.2
SUR00272,EMP00084,2025-02-26,2.8,2.6,2.8,3.0
SUR00273,EMP00084,2025-05-20,,4.2,4.2,4.3
SUR00274,EMP00084,2025-08-24,2.4,2.3,2.4,2.4
SUR00275,EMP00084,2025-12-02,2.5,2.3,2.9,3.2
SUR00276,EMP00085,2024-03-14,,3.7,,3.7
SUR00277,EMP00085,2024-06-04,,3.0,3.4,2.6
SUR00278,EMP00085,2024-09-09,4.2,4.4,2.7,3.8
SUR00279,EMP00085,2024-12-01,3.8,3.3,4.1,4.9
SUR00280,EMP00085,2025-03-18,3.7,3.3,2.8,4.3
SUR00281,EMP00085,2025-06-09,2.5,2.1,2.7,3.3
SUR00282,EMP00085,2025-09-08,4.2,3.7,4.1,4.4
SUR00283,EMP00085,2025-12-01,4.0,3.6,4.3,4.0
SUR00284,EMP00085,2026-03-06,4.8,4.6,4.1,4.1
SUR00285,EMP00085,2026-06-16,3.4,2.7,3.4,3.5
SUR00286,EMP00086,2025-02-16,3.5,3.8,2.8,3.8
SUR00287,EMP00086,2025-05-09,4.4,4.4,4.3,4.4
SUR00288,EMP00086,2025-08-10,4.3,4.4,4.1,4.4
SUR00289,EMP00086,2025-11-04,3.1,3.0,3.2,4.1
SUR00290,EMP00086,2026-02-12,3.2,3.0,3.2,3.3
SUR00291,EMP00086,2026-05-30,3.3,3.6,3.8,3.9
SUR00292,EMP00088,2025-01-20,3.6,3.7,3.7,3.8
SUR00293,EMP00088,2025-04-19,,4.0,4.4,3.9
SUR00294,EMP00088,2025-07-14,3.6,4.4,2.3,3.6
SUR00295,EMP00088,2025-10-09,3.1,2.8,4.3,3.7
SUR00296,EMP00088,2026-01-08,3.7,3.9,4.3,4.4
SUR00297,EMP00088,2026-04-22,2.5,2.6,3.0,2.9
SUR00298,EMP00088,2026-07-18,2.4,2.5,3.0,2.7
SUR00299,EMP00089,2025-09-02,2.8,3.3,2.4,3.8
SUR00300,EMP00089,2025-12-11,3.2,3.3,2.6,3.4
SUR00301,EMP00089,2026-03-04,2.5,2.7,2.4,2.9
SUR00302,EMP00089,2026-06-18,2.4,1.8,2.4,2.8
SUR00303,EMP00090,2026-02-25,3.3,3.2,2.5,3.7
SUR00304,EMP00090,2026-06-12,3.2,3.3,4.4,4.2
SUR00305,EMP00091,2025-03-31,4.4,4.0,4.2,4.7
SUR00306,EMP00091,2025-07-14,4.0,4.2,3.3,3.3
SUR00307,EMP00091,2025-10-28,2.8,2.4,2.5,3.4
SUR00308,EMP00091,2026-02-07,3.6,3.8,3.1,3.8
SUR00309,EMP00091,2026-05-20,3.1,3.5,2.2,3.8
SUR00310,EMP00094,2024-10-16,3.4,3.4,4.5,3.0
SUR00311,EMP00094,2025-01-04,3.1,3.6,3.9,3.6
SUR00312,EMP00094,2025-04-13,4.0,3.9,4.5,5.0
SUR00313,EMP00094,2025-07-30,3.3,3.3,2.7,3.7
SUR00314,EMP00094,2025-11-05,2.8,3.5,2.4,2.8
SUR00315,EMP00094,2026-02-19,2.8,2.1,3.7,3.3
SUR00316,EMP00094,2026-05-18,2.7,2.8,2.2,3.5
SUR00317,EMP00095,2025-08-11,3.9,4.0,3.9,4.2
SUR00318,EMP00095,2025-11-26,3.9,3.9,4.1,4.5
SUR00319,EMP00095,2026-02-23,4.2,4.1,3.9,5.0
SUR00320,EMP00095,2026-05-25,3.0,3.0,,2.5
SUR00321,EMP00097,2024-11-14,3.5,4.2,3.5,3.9
SUR00322,EMP00097,2025-02-11,3.4,3.8,2.9,3.1
SUR00323,EMP00097,2025-05-30,4.6,4.4,4.9,5.0
SUR00324,EMP00097,2025-08-19,2.8,3.2,4.0,3.2
SUR00325,EMP00097,2025-11-16,3.7,3.7,2.9,4.0
SUR00326,EMP00097,2026-02-05,1.4,1.6,2.2,2.2
SUR00327,EMP00097,2026-05-18,2.6,1.9,2.2,2.9
SUR00328,EMP00098,2023-04-19,3.4,3.0,4.0,4.1
SUR00329,EMP00098,2023-07-16,3.7,3.6,4.3,3.6
SUR00330,EMP00098,2023-10-29,2.7,2.2,3.1,2.7
SUR00331,EMP00098,2024-01-24,2.6,3.0,2.7,4.7
SUR00332,EMP00098,2024-05-02,3.1,3.3,3.7,3.2
SUR00333,EMP00098,2024-08-11,3.6,3.0,3.8,3.8
SUR00334,EMP00098,2024-11-19,3.1,3.3,2.7,3.5
SUR00335,EMP00098,2025-02-18,3.8,3.7,4.0,4.8
SUR00336,EMP00098,2025-05-18,3.7,3.6,3.4,4.5
SUR00337,EMP00098,2025-08-22,4.1,3.4,2.8,3.8
SUR00338,EMP00098,2025-12-09,2.6,2.3,3.6,3.9
SUR00339,EMP00098,2026-03-09,4.3,3.9,3.5,4.5
SUR00340,EMP00098,2026-06-09,3.5,4.0,3.4,4.3
SUR00341,EMP00099,2025-11-20,,2.3,3.2,4.1
SUR00342,EMP00100,2025-08-12,3.0,2.9,2.7,2.2
SUR00343,EMP00100,2025-11-22,3.7,3.6,2.5,3.5
SUR00344,EMP00100,2026-02-28,3.6,3.7,3.4,2.5
SUR00345,EMP00100,2026-05-25,3.1,2.8,4.1,2.0
SUR00346,EMP00102,2024-11-20,2.7,2.8,1.9,2.3
SUR00347,EMP00104,2024-09-07,3.4,2.6,3.5,3.2
SUR00348,EMP00104,2024-12-24,3.5,3.8,3.4,3.7
SUR00349,EMP00104,2025-03-20,2.6,2.6,2.7,3.2
SUR00350,EMP00104,2025-07-01,2.8,3.1,2.6,3.1
SUR00351,EMP00104,2025-10-12,,3.0,3.3,3.1
SUR00352,EMP00104,2026-01-20,2.9,2.7,3.1,4.3
SUR00353,EMP00105,2024-04-14,2.3,2.0,2.8,3.6
SUR00354,EMP00105,2024-08-01,3.7,3.7,2.9,4.0
SUR00355,EMP00105,2024-11-04,2.9,4.3,3.0,3.9
SUR00356,EMP00105,2025-02-02,3.2,3.4,3.9,3.8
SUR00357,EMP00105,2025-05-04,3.5,4.0,3.1,4.1
SUR00358,EMP00105,2025-08-04,3.8,3.9,3.8,4.0
SUR00359,EMP00105,2025-11-13,3.2,2.4,4.3,4.2
SUR00360,EMP00105,2026-02-10,3.3,3.1,4.0,3.0
SUR00361,EMP00105,2026-05-04,4.1,4.6,2.9,3.9
SUR00362,EMP00106,2025-08-07,2.7,2.6,3.0,3.1
SUR00363,EMP00106,2025-11-07,3.7,3.5,3.8,2.9
SUR00364,EMP00106,2026-02-03,3.1,3.2,3.0,2.5
SUR00365,EMP00106,2026-04-29,2.6,2.5,2.6,2.3
SUR00366,EMP00108,2024-09-06,,2.2,3.3,2.9
SUR00367,EMP00108,2024-11-29,,2.5,2.8,2.2
SUR00368,EMP00108,2025-02-24,3.1,2.9,3.2,2.8
SUR00369,EMP00108,2025-05-21,,4.0,2.5,2.2
SUR00370,EMP00108,2025-08-11,3.3,3.2,4.4,3.2
SUR00371,EMP00108,2025-11-17,2.3,1.4,2.6,1.9
SUR00372,EMP00108,2026-02-13,2.9,2.2,2.6,2.4
SUR00373,EMP00108,2026-05-27,3.1,3.1,4.0,2.7
SUR00374,EMP00109,2026-01-22,4.0,4.3,3.5,3.6
SUR00375,EMP00109,2026-04-17,4.2,3.9,4.5,4.1
SUR00376,EMP00109,2026-07-09,3.7,3.7,3.8,4.3
SUR00377,EMP00111,2024-09-10,3.4,2.6,2.6,3.1
SUR00378,EMP00111,2024-12-27,2.2,2.4,2.8,2.4
SUR00379,EMP00111,2025-04-06,3.5,3.4,3.9,4.2
SUR00380,EMP00111,2025-06-28,3.0,2.9,2.0,3.0
SUR00381,EMP00111,2025-09-30,3.5,3.6,3.9,3.8
SUR00382,EMP00111,2025-12-26,2.2,2.0,2.4,2.9
SUR00383,EMP00111,2026-04-09,2.7,2.7,2.9,3.8
SUR00384,EMP00112,2026-03-23,3.3,3.3,2.7,3.4
SUR00385,EMP00112,2026-06-19,4.0,3.8,4.0,4.4
SUR00386,EMP00113,2025-03-23,,2.9,2.5,2.9
SUR00387,EMP00114,2025-12-11,4.6,3.9,3.9,4.3
SUR00388,EMP00114,2026-03-09,3.7,3.7,4.0,3.5
SUR00389,EMP00114,2026-06-14,3.4,3.6,3.6,3.8
SUR00390,EMP00115,2025-12-25,1.7,1.3,1.0,1.4
SUR00391,EMP00115,2026-04-03,2.7,2.8,3.1,3.5
SUR00392,EMP00115,2026-06-27,,1.4,2.3,2.2
SUR00393,EMP00116,2025-09-21,1.5,2.4,1.3,2.8
SUR00394,EMP00116,2026-01-05,2.8,2.8,1.5,2.5
SUR00395,EMP00116,2026-04-22,1.1,1.0,2.1,1.9
SUR00396,EMP00117,2023-11-27,3.6,3.6,4.6,3.7
SUR00397,EMP00117,2024-03-11,2.8,2.9,2.4,3.6
SUR00398,EMP00117,2024-06-09,2.7,2.4,2.4,3.2
SUR00399,EMP00117,2024-09-07,3.6,3.6,3.7,4.5
SUR00400,EMP00117,2024-12-01,3.2,2.8,3.0,2.7
SUR00401,EMP00117,2025-03-12,4.3,4.9,4.8,4.4
SUR00402,EMP00117,2025-06-28,3.2,2.9,2.4,3.5
SUR00403,EMP00117,2025-10-08,3.4,2.7,3.9,3.9
SUR00404,EMP00117,2025-12-29,2.9,1.9,2.8,3.9
SUR00405,EMP00117,2026-04-14,3.9,4.1,3.5,3.6
SUR00406,EMP00117,2026-07-08,3.1,2.8,3.4,3.7
SUR00407,EMP00118,2026-06-28,2.5,1.9,3.1,2.6
SUR00408,EMP00119,2025-01-12,2.4,1.4,2.6,2.4
SUR00409,EMP00119,2025-04-16,2.9,2.6,3.4,2.5
SUR00410,EMP00119,2025-07-31,2.3,3.5,2.9,1.6
SUR00411,EMP00119,2025-11-13,2.9,2.7,3.7,2.6
SUR00412,EMP00119,2026-03-02,3.8,3.6,3.8,2.5
SUR00413,EMP00119,2026-06-12,,1.4,1.6,1.0
SUR00414,EMP00120,2024-07-18,4.5,5.0,4.9,4.6
SUR00415,EMP00120,2024-10-19,3.7,3.7,4.8,5.0
SUR00416,EMP00120,2025-01-08,4.3,4.2,4.4,4.6
SUR00417,EMP00120,2025-04-06,3.1,3.4,2.8,3.5
SUR00418,EMP00120,2025-06-28,4.2,4.5,4.6,5.0
SUR00419,EMP00120,2025-10-12,3.8,3.3,4.5,4.2
SUR00420,EMP00120,2026-01-10,3.4,3.0,3.5,4.8
SUR00421,EMP00120,2026-04-21,3.2,3.4,3.1,3.9
SUR00422,EMP00121,2023-05-04,2.2,1.9,3.0,2.2
SUR00423,EMP00122,2025-11-28,3.7,3.5,3.3,4.1
SUR00424,EMP00122,2026-03-03,3.2,3.7,2.8,3.5
SUR00425,EMP00122,2026-05-23,3.8,3.6,3.6,3.7
SUR00426,EMP00123,2026-01-20,,5.0,3.6,4.1
SUR00427,EMP00123,2026-04-12,3.5,3.3,3.8,3.9
SUR00428,EMP00123,2026-07-15,3.3,3.2,4.3,3.2
SUR00429,EMP00124,2023-01-14,3.7,3.5,3.3,3.9
SUR00430,EMP00124,2023-04-30,3.0,2.6,3.0,3.9
SUR00431,EMP00124,2023-08-02,2.7,2.7,2.2,3.4
SUR00432,EMP00124,2023-10-29,4.4,4.0,4.9,4.6
SUR00433,EMP00124,2024-01-17,3.8,3.8,3.5,3.7
SUR00434,EMP00124,2024-04-23,3.4,3.5,3.6,3.8
SUR00435,EMP00124,2024-07-17,2.8,3.0,1.8,2.6
SUR00436,EMP00124,2024-10-14,4.3,3.9,3.9,4.8
SUR00437,EMP00124,2025-01-16,3.1,2.8,2.7,3.0
SUR00438,EMP00124,2025-04-19,3.1,3.0,2.4,3.0
SUR00439,EMP00125,2025-08-19,3.1,2.6,3.2,2.7
SUR00440,EMP00125,2025-11-27,3.3,3.5,,3.6
SUR00441,EMP00125,2026-02-27,3.1,2.6,3.3,3.8
SUR00442,EMP00125,2026-06-16,3.4,3.0,2.4,2.8
SUR00443,EMP00126,2024-09-26,3.1,3.2,3.2,2.2
SUR00444,EMP00127,2026-01-17,3.4,4.3,4.0,3.1
SUR00445,EMP00127,2026-05-05,2.8,3.6,2.5,2.3
SUR00446,EMP00128,2024-06-14,3.1,3.6,3.4,3.4
SUR00447,EMP00128,2024-09-08,1.8,2.3,1.6,1.7
SUR00448,EMP00128,2024-12-24,3.7,3.6,4.2,4.4
SUR00449,EMP00128,2025-04-08,3.8,3.9,3.8,3.6
SUR00450,EMP00128,2025-07-20,4.4,4.4,4.1,4.7
SUR00451,EMP00128,2025-11-03,2.9,3.3,3.3,2.9
SUR00452,EMP00128,2026-02-07,3.3,3.0,4.5,3.3
SUR00453,EMP00128,2026-05-26,3.0,3.0,3.1,2.8
SUR00454,EMP00129,2026-02-18,1.8,1.8,1.8,1.0
SUR00455,EMP00130,2025-04-24,3.5,3.4,3.2,2.9
SUR00456,EMP00130,2025-07-26,3.4,3.2,2.6,3.1
SUR00457,EMP00130,2025-10-21,3.2,3.1,3.0,2.8
SUR00458,EMP00130,2026-01-24,2.6,2.8,2.0,1.9
SUR00459,EMP00130,2026-05-07,3.2,3.0,3.7,2.2
SUR00460,EMP00132,2024-04-12,3.2,3.8,3.5,3.1
SUR00461,EMP00132,2024-07-04,2.7,3.2,3.6,3.9
SUR00462,EMP00132,2024-09-24,3.0,2.6,2.4,2.8
SUR00463,EMP00132,2024-12-16,3.6,3.7,3.8,4.5
SUR00464,EMP00132,2025-04-02,2.4,2.4,1.8,3.3
SUR00465,EMP00132,2025-06-27,2.3,2.4,2.0,2.6
SUR00466,EMP00133,2025-02-12,4.0,4.0,3.5,4.3
SUR00467,EMP00133,2025-05-19,3.7,4.1,4.4,4.4
SUR00468,EMP00133,2025-08-22,,3.5,4.5,4.6
SUR00469,EMP00133,2025-12-09,3.4,2.8,3.4,3.1
SUR00470,EMP00133,2026-03-07,3.9,4.2,4.0,3.4
SUR00471,EMP00133,2026-06-23,4.2,4.2,4.0,3.6
SUR00472,EMP00134,2024-02-21,2.9,2.5,2.5,3.0
SUR00473,EMP00137,2024-10-28,,3.2,3.5,4.7
SUR00474,EMP00137,2025-01-23,3.6,4.4,3.6,3.4
SUR00475,EMP00137,2025-05-04,3.0,3.3,2.3,3.2
SUR00476,EMP00137,2025-08-07,3.1,3.8,3.7,3.8
SUR00477,EMP00138,2025-12-31,3.6,3.8,3.8,4.1
SUR00478,EMP00138,2026-04-09,4.1,4.5,4.5,4.6
SUR00479,EMP00138,2026-07-24,4.1,3.6,4.2,3.7
SUR00480,EMP00139,2026-06-23,3.3,3.6,3.6,3.0
SUR00481,EMP00140,2025-10-02,3.8,3.9,3.8,3.9
SUR00482,EMP00140,2025-12-29,3.9,3.4,4.1,4.2
SUR00483,EMP00140,2026-04-02,3.6,3.7,3.7,3.9
SUR00484,EMP00140,2026-06-24,3.8,3.0,4.6,3.9
SUR00485,EMP00142,2024-09-18,3.9,4.0,3.1,3.6
SUR00486,EMP00142,2024-12-24,4.3,4.5,4.2,3.8
SUR00487,EMP00142,2025-04-05,3.2,3.7,3.6,3.7
SUR00488,EMP00142,2025-07-02,,4.7,3.9,3.9
SUR00489,EMP00142,2025-10-14,3.4,3.9,3.9,3.5
SUR00490,EMP00142,2026-01-31,4.5,4.3,3.7,4.9
SUR00491,EMP00142,2026-05-08,3.1,3.7,3.4,4.3
SUR00492,EMP00143,2023-11-22,3.0,3.4,2.8,3.6
SUR00493,EMP00143,2024-02-21,2.3,2.5,3.0,2.9
SUR00494,EMP00143,2024-05-17,3.1,2.6,3.5,3.6
SUR00495,EMP00143,2024-08-13,,2.4,3.0,2.7
SUR00496,EMP00143,2024-11-06,2.7,3.0,3.0,2.4
SUR00497,EMP00143,2025-02-09,2.2,2.3,2.1,1.8
SUR00498,EMP00143,2025-05-12,2.1,2.5,2.3,2.3
SUR00499,EMP00143,2025-08-24,2.9,3.2,3.3,2.4
SUR00500,EMP00143,2025-11-19,3.5,3.7,3.6,3.0
SUR00501,EMP00143,2026-03-06,2.8,2.6,3.3,2.4
SUR00502,EMP00143,2026-06-11,2.5,2.4,2.8,3.0
SUR00503,EMP00147,2025-02-11,1.8,2.1,1.3,1.4
SUR00504,EMP00148,2025-02-14,3.8,3.7,2.8,4.0
SUR00505,EMP00148,2025-05-21,3.6,3.5,3.4,3.6
SUR00506,EMP00148,2025-08-19,4.3,3.5,3.7,4.1
SUR00507,EMP00148,2025-11-14,3.5,3.6,4.2,3.8
SUR00508,EMP00148,2026-02-03,3.7,4.5,2.7,3.6
SUR00509,EMP00148,2026-05-02,3.5,3.6,3.0,4.3
SUR00510,EMP00149,2026-03-26,2.6,2.5,2.5,2.4
SUR00511,EMP00149,2026-06-29,3.4,3.5,3.1,3.6
SUR00512,EMP00152,2026-05-10,4.3,4.6,3.8,4.5
SUR00513,EMP00153,2025-12-10,3.4,3.2,3.8,4.2
SUR00514,EMP00153,2026-02-28,4.3,4.7,3.9,3.6
SUR00515,EMP00153,2026-06-02,4.2,4.9,4.6,4.5
SUR00516,EMP00154,2023-10-25,2.5,2.2,2.4,2.7
SUR00517,EMP00154,2024-01-15,3.5,3.3,3.5,3.8
SUR00518,EMP00157,2025-10-31,3.5,4.4,3.5,4.2
SUR00519,EMP00157,2026-01-25,3.5,3.0,,3.7
SUR00520,EMP00157,2026-05-01,2.5,2.1,3.5,3.0
SUR00521,EMP00158,2022-12-12,3.4,3.4,3.4,3.5
SUR00522,EMP00158,2023-03-11,3.0,2.6,3.7,3.5
SUR00523,EMP00158,2023-06-01,2.4,2.3,1.9,3.4
SUR00524,EMP00158,2023-08-29,1.0,1.0,1.0,2.2
SUR00525,EMP00158,2023-12-03,,3.3,2.7,3.3
SUR00526,EMP00158,2024-03-05,3.0,2.9,3.1,3.0
SUR00527,EMP00159,2024-01-04,3.6,2.9,4.9,4.5
SUR00528,EMP00159,2024-04-01,2.8,2.8,2.5,3.2
SUR00529,EMP00159,2024-06-25,3.7,3.5,4.5,3.9
SUR00530,EMP00159,2024-09-15,3.8,4.2,3.7,4.2
SUR00531,EMP00159,2024-12-25,2.9,3.9,3.0,3.2
SUR00532,EMP00159,2025-03-29,3.1,3.7,3.1,4.3
SUR00533,EMP00159,2025-06-24,4.3,4.3,4.5,4.6
SUR00534,EMP00159,2025-09-25,3.6,3.4,3.3,4.2
SUR00535,EMP00159,2025-12-28,,4.4,4.5,4.4
SUR00536,EMP00159,2026-03-29,3.2,2.0,2.6,2.6
SUR00537,EMP00159,2026-07-04,3.5,3.8,4.0,4.5
SUR00538,EMP00160,2026-01-02,3.0,3.0,2.0,3.6
SUR00539,EMP00160,2026-04-13,1.7,1.2,2.0,2.7
SUR00540,EMP00160,2026-07-20,3.0,2.6,3.7,4.6
SUR00541,EMP00161,2022-12-01,3.4,2.9,4.1,4.0
SUR00542,EMP00161,2023-03-10,3.3,3.2,3.8,3.7
SUR00543,EMP00161,2023-05-31,2.5,2.8,3.0,2.9
SUR00544,EMP00161,2023-09-17,2.3,2.3,1.8,3.5
SUR00545,EMP00161,2023-12-13,2.8,2.9,2.8,3.1
SUR00546,EMP00161,2024-03-14,2.0,2.3,1.6,2.3
SUR00547,EMP00161,2024-06-10,2.5,3.0,2.8,1.9
SUR00548,EMP00162,2024-05-05,4.1,4.1,3.7,4.8
SUR00549,EMP00162,2024-08-02,4.4,4.1,4.0,4.6
SUR00550,EMP00162,2024-11-19,3.1,3.0,3.3,3.9
SUR00551,EMP00162,2025-02-10,2.5,2.0,2.0,4.1
SUR00552,EMP00162,2025-05-19,1.8,2.1,2.6,3.6
SUR00553,EMP00162,2025-08-08,3.6,3.5,3.3,4.0
SUR00554,EMP00162,2025-11-10,1.9,2.2,2.2,1.4
SUR00555,EMP00162,2026-02-12,1.8,2.0,1.4,1.9
SUR00556,EMP00163,2025-09-07,3.3,3.8,3.8,3.6
SUR00557,EMP00163,2025-12-20,3.6,3.8,3.2,3.5
SUR00558,EMP00163,2026-04-04,3.1,3.2,3.8,3.7
SUR00559,EMP00163,2026-06-26,3.9,3.0,4.0,4.3
SUR00560,EMP00164,2026-02-02,3.7,3.7,4.0,5.0
SUR00561,EMP00164,2026-05-22,3.8,4.1,3.8,4.1
SUR00562,EMP00165,2026-01-09,3.6,4.0,3.5,3.7
SUR00563,EMP00165,2026-04-21,3.5,3.1,4.6,3.9
SUR00564,EMP00165,2026-07-11,3.6,3.3,3.4,3.5
SUR00565,EMP00166,2024-09-01,4.2,4.4,4.0,4.6
SUR00566,EMP00166,2024-11-26,3.5,3.8,3.7,3.7
SUR00567,EMP00166,2025-03-11,4.3,4.2,4.3,4.4
SUR00568,EMP00166,2025-06-06,4.9,4.3,4.3,5.0
SUR00569,EMP00166,2025-09-22,3.0,3.7,4.6,4.1
SUR00570,EMP00166,2025-12-13,3.7,4.4,4.2,4.7
SUR00571,EMP00166,2026-03-04,4.0,4.0,3.6,3.8
SUR00572,EMP00166,2026-06-11,3.8,3.8,4.1,3.4
SUR00573,EMP00167,2026-03-12,4.1,4.3,4.3,3.5
SUR00574,EMP00167,2026-06-22,4.9,5.0,5.0,5.0
SUR00575,EMP00168,2024-09-24,3.1,3.7,3.6,3.4
SUR00576,EMP00168,2025-01-01,3.8,4.4,3.3,3.8
SUR00577,EMP00168,2025-04-03,,2.6,3.7,3.7
SUR00578,EMP00168,2025-07-01,4.4,4.3,4.2,4.8
SUR00579,EMP00168,2025-10-09,3.5,3.2,4.0,4.0
SUR00580,EMP00168,2026-01-12,4.1,3.6,3.8,4.5
SUR00581,EMP00168,2026-04-07,4.2,3.8,5.0,5.0
SUR00582,EMP00168,2026-07-12,2.8,3.7,2.8,2.8
SUR00583,EMP00169,2025-01-09,2.6,2.1,3.1,3.0
SUR00584,EMP00169,2025-04-05,2.6,3.1,3.0,2.2
SUR00585,EMP00169,2025-07-10,3.9,4.6,3.9,4.2
SUR00586,EMP00169,2025-10-01,2.6,2.5,3.9,3.3
SUR00587,EMP00169,2025-12-24,2.8,2.1,2.3,2.7
SUR00588,EMP00169,2026-03-26,3.4,3.3,4.1,3.9
SUR00589,EMP00169,2026-07-06,3.9,3.1,3.6,4.1
SUR00590,EMP00170,2026-04-22,4.2,4.1,3.6,3.9
SUR00591,EMP00170,2026-07-23,2.2,2.4,2.3,2.4
SUR00592,EMP00171,2026-01-13,2.1,1.6,1.4,2.1
SUR00593,EMP00171,2026-04-19,2.1,1.7,2.8,2.4
SUR00594,EMP00172,2026-07-07,3.6,4.0,2.4,2.4
SUR00595,EMP00173,2026-01-26,3.8,3.4,3.5,3.7
SUR00596,EMP00173,2026-04-19,3.8,3.9,3.7,4.4
SUR00597,EMP00173,2026-07-18,4.3,4.8,3.8,3.6
SUR00598,EMP00174,2025-10-26,3.5,4.1,3.4,3.5
SUR00599,EMP00174,2026-02-03,2.8,2.8,2.5,1.8
SUR00600,EMP00174,2026-05-23,3.5,3.8,3.8,3.0
SUR00601,EMP00175,2023-12-02,,3.4,3.9,4.1
SUR00602,EMP00175,2024-02-24,3.5,3.2,3.0,3.9
SUR00603,EMP00175,2024-05-24,3.3,3.5,4.2,3.8
SUR00604,EMP00175,2024-08-25,3.8,3.6,4.4,4.9
SUR00605,EMP00175,2024-11-15,3.5,3.0,3.8,3.9
SUR00606,EMP00175,2025-02-04,4.0,4.7,4.2,4.7
SUR00607,EMP00175,2025-05-16,3.9,4.2,4.1,3.1
SUR00608,EMP00175,2025-08-08,3.9,4.8,3.5,4.4
SUR00609,EMP00175,2025-11-23,3.2,2.9,3.8,3.3
SUR00610,EMP00175,2026-03-06,2.7,2.9,3.0,1.9
SUR00611,EMP00175,2026-06-03,3.7,4.0,3.2,4.3
SUR00612,EMP00176,2025-03-10,3.2,2.9,2.7,3.4
SUR00613,EMP00176,2025-06-16,3.2,3.6,4.8,4.2
SUR00614,EMP00176,2025-09-11,3.3,3.3,4.1,4.4
SUR00615,EMP00176,2025-12-29,3.0,2.7,2.6,3.2
SUR00616,EMP00176,2026-04-12,2.9,2.6,2.2,2.8
SUR00617,EMP00176,2026-07-12,4.1,4.7,4.9,3.9
SUR00618,EMP00177,2024-11-15,4.6,4.4,4.8,5.0
SUR00619,EMP00177,2025-02-16,3.4,3.6,3.2,2.4
SUR00620,EMP00177,2025-05-22,4.0,4.1,3.4,3.9
SUR00621,EMP00177,2025-08-29,3.5,3.4,3.4,2.7
SUR00622,EMP00177,2025-12-14,3.8,3.6,3.7,3.9
SUR00623,EMP00177,2026-03-13,2.9,2.4,3.6,3.7
SUR00624,EMP00177,2026-06-22,3.2,2.6,3.4,3.5
SUR00625,EMP00178,2024-10-12,3.7,3.3,3.7,4.5
SUR00626,EMP00178,2025-01-28,1.9,1.9,2.3,2.2
SUR00627,EMP00178,2025-05-10,,3.1,3.2,3.7
SUR00628,EMP00178,2025-08-10,1.7,1.2,2.1,1.5
SUR00629,EMP00180,2025-04-21,4.0,4.2,3.8,4.3
SUR00630,EMP00180,2025-07-11,4.4,4.1,3.6,4.4
SUR00631,EMP00180,2025-10-11,3.8,3.7,4.3,4.0
SUR00632,EMP00180,2026-01-03,3.5,3.2,3.4,2.8
SUR00633,EMP00180,2026-03-28,3.5,2.7,3.9,3.7
SUR00634,EMP00180,2026-07-03,4.2,4.3,3.7,4.5
SUR00635,EMP00182,2025-12-22,3.4,3.5,2.5,3.6
SUR00636,EMP00182,2026-03-19,2.5,2.5,3.3,3.3
SUR00637,EMP00182,2026-07-01,3.2,3.4,3.7,3.9
SUR00638,EMP00183,2026-05-12,3.0,3.2,2.0,3.4
SUR00639,EMP00184,2025-08-25,1.4,1.3,1.6,2.3
SUR00640,EMP00184,2025-11-19,2.4,3.4,1.5,2.4
SUR00641,EMP00185,2025-10-25,4.6,4.3,4.8,5.0
SUR00642,EMP00185,2026-01-22,3.7,3.8,3.0,3.3
SUR00643,EMP00185,2026-04-22,3.9,4.0,4.3,3.8
SUR00644,EMP00185,2026-07-23,3.2,3.5,3.2,3.0
SUR00645,EMP00186,2025-08-21,3.7,3.9,4.1,3.3
SUR00646,EMP00186,2025-12-05,2.3,2.6,2.5,2.1
SUR00647,EMP00186,2026-02-24,3.3,3.3,3.2,1.7
SUR00648,EMP00186,2026-06-07,4.0,4.3,4.1,3.9
SUR00649,EMP00187,2024-07-12,4.2,4.3,3.5,4.0
SUR00650,EMP00187,2024-10-03,3.6,3.0,3.3,3.5
SUR00651,EMP00187,2025-01-16,3.8,3.8,4.0,4.1
SUR00652,EMP00187,2025-05-04,3.0,3.2,3.2,3.5
SUR00653,EMP00187,2025-08-02,3.1,1.7,4.0,3.7
SUR00654,EMP00187,2025-11-02,3.3,3.3,,3.3
SUR00655,EMP00187,2026-02-05,3.1,3.1,3.3,3.9
SUR00656,EMP00187,2026-05-09,2.2,2.3,2.6,2.4
SUR00657,EMP00188,2026-03-18,3.3,3.2,3.4,3.5
SUR00658,EMP00188,2026-06-27,3.8,4.3,3.5,4.3
SUR00659,EMP00190,2023-02-13,5.0,4.5,5.0,5.0
SUR00660,EMP00190,2023-05-20,2.5,3.0,2.3,2.9
SUR00661,EMP00190,2023-08-27,3.0,2.7,2.6,2.8
SUR00662,EMP00190,2023-11-20,2.9,2.6,2.1,3.9
SUR00663,EMP00190,2024-02-22,2.7,2.3,2.4,3.1
SUR00664,EMP00190,2024-06-09,,3.8,3.6,4.0
SUR00665,EMP00191,2026-01-24,4.2,3.6,3.8,3.8
SUR00666,EMP00191,2026-05-04,3.7,3.2,3.5,4.0
SUR00667,EMP00192,2024-06-01,2.0,1.4,2.1,2.3
SUR00668,EMP00192,2024-08-29,3.1,2.9,3.7,3.0
SUR00669,EMP00196,2025-03-12,3.5,3.2,3.7,3.7
SUR00670,EMP00196,2025-06-23,4.0,4.5,4.1,4.1
SUR00671,EMP00196,2025-10-05,4.4,4.6,4.2,5.0
SUR00672,EMP00196,2026-01-17,4.3,4.2,4.7,5.0
SUR00673,EMP00196,2026-04-21,2.8,3.1,3.3,2.9
SUR00674,EMP00196,2026-07-14,3.5,3.3,2.6,4.5
SUR00675,EMP00197,2023-01-15,3.4,3.4,3.5,3.7
SUR00676,EMP00197,2023-04-12,3.8,3.8,4.2,4.7
SUR00677,EMP00197,2023-07-10,3.6,3.8,4.0,4.4
SUR00678,EMP00199,2025-05-25,,3.1,3.4,3.9
SUR00679,EMP00199,2025-08-20,4.3,4.7,4.1,4.0
SUR00680,EMP00199,2025-12-02,4.0,4.1,3.5,4.0
SUR00681,EMP00199,2026-03-06,3.3,3.1,3.1,3.7
SUR00682,EMP00199,2026-06-22,3.5,4.0,2.7,3.9
SUR00683,EMP00202,2026-07-19,4.3,3.9,4.2,3.6
SUR00684,EMP00203,2024-12-05,4.2,4.4,3.4,4.5
SUR00685,EMP00203,2025-03-19,3.0,2.9,2.6,3.3
SUR00686,EMP00203,2025-06-26,3.7,4.1,3.4,4.0
SUR00687,EMP00203,2025-10-01,4.7,4.3,4.7,4.7
SUR00688,EMP00203,2026-01-04,2.3,2.4,2.6,3.5
SUR00689,EMP00203,2026-04-03,,5.0,4.0,4.6
SUR00690,EMP00203,2026-07-11,3.0,3.2,3.0,3.4
SUR00691,EMP00204,2025-04-27,3.5,3.8,3.2,3.3
SUR00692,EMP00204,2025-08-12,2.6,2.8,2.4,2.8
SUR00693,EMP00204,2025-11-28,2.4,1.7,2.0,2.2
SUR00694,EMP00204,2026-02-26,2.8,2.9,2.8,2.9
SUR00695,EMP00204,2026-06-14,2.1,1.7,2.1,2.6
SUR00696,EMP00205,2026-07-04,3.5,2.5,3.1,2.7
SUR00697,EMP00206,2025-01-14,4.5,4.5,4.4,4.6
SUR00698,EMP00206,2025-04-19,3.4,3.4,3.1,4.6
SUR00699,EMP00206,2025-07-20,4.8,4.6,4.9,5.0
SUR00700,EMP00206,2025-10-19,2.4,2.5,2.3,2.6
SUR00701,EMP00206,2026-02-05,3.9,2.7,4.4,4.1
SUR00702,EMP00207,2024-06-28,3.0,3.5,3.7,3.0
SUR00703,EMP00207,2024-09-27,2.6,2.2,3.0,2.3
SUR00704,EMP00207,2024-12-19,2.1,1.7,2.4,1.2
SUR00705,EMP00207,2025-03-15,1.7,2.0,2.5,1.7
SUR00706,EMP00207,2025-06-06,3.9,3.9,3.2,3.2
SUR00707,EMP00207,2025-09-01,3.3,3.2,1.5,2.8
SUR00708,EMP00207,2025-12-14,2.3,2.4,2.4,2.3
SUR00709,EMP00207,2026-03-27,3.3,3.6,1.5,2.6
SUR00710,EMP00207,2026-06-20,3.2,3.2,2.3,2.7
SUR00711,EMP00210,2026-02-09,3.9,4.0,3.2,5.0
SUR00712,EMP00210,2026-05-08,2.7,3.0,2.5,3.0
SUR00713,EMP00212,2023-12-22,4.4,3.4,4.3,4.7
SUR00714,EMP00212,2024-03-18,4.0,3.7,3.7,4.5
SUR00715,EMP00212,2024-06-29,2.5,2.2,2.4,2.6
SUR00716,EMP00212,2024-09-22,3.1,2.2,2.6,3.6
SUR00717,EMP00212,2025-01-03,3.9,4.2,3.8,4.3
SUR00718,EMP00212,2025-04-05,3.1,2.5,3.0,3.1
SUR00719,EMP00212,2025-07-10,,3.7,3.1,3.9
SUR00720,EMP00212,2025-10-17,3.9,3.7,3.8,4.3
SUR00721,EMP00212,2026-01-17,2.8,3.0,3.2,3.4
SUR00722,EMP00212,2026-04-27,3.7,3.7,3.4,4.9
SUR00723,EMP00212,2026-07-17,3.1,3.0,2.5,3.3
SUR00724,EMP00213,2025-11-02,3.8,3.7,3.5,4.5
SUR00725,EMP00213,2026-02-12,3.9,4.4,4.4,3.9
SUR00726,EMP00213,2026-05-18,3.2,2.8,3.2,3.8
SUR00727,EMP00217,2026-07-21,2.3,2.1,3.2,2.8
SUR00728,EMP00219,2026-02-07,2.8,3.6,2.4,2.4
SUR00729,EMP00219,2026-05-21,2.9,3.4,3.3,2.3
SUR00730,EMP00221,2025-03-22,4.6,4.5,4.4,4.4
SUR00731,EMP00221,2025-07-06,3.0,3.8,2.1,3.5
SUR00732,EMP00221,2025-10-23,3.0,3.3,2.5,2.5
SUR00733,EMP00221,2026-01-21,,3.5,2.8,3.9
SUR00734,EMP00221,2026-05-01,3.1,2.5,2.6,3.9
SUR00735,EMP00221,2026-07-26,2.4,1.8,2.7,2.5
SUR00736,EMP00222,2024-12-10,4.3,3.7,4.2,4.2
SUR00737,EMP00222,2025-03-06,4.0,3.9,3.3,4.0
SUR00738,EMP00222,2025-06-03,5.0,4.5,5.0,4.2
SUR00739,EMP00222,2025-08-24,3.4,3.1,3.6,3.4
SUR00740,EMP00222,2025-11-23,3.4,3.3,3.7,4.2
SUR00741,EMP00222,2026-02-15,3.4,3.6,4.2,4.2
SUR00742,EMP00222,2026-05-23,3.8,4.0,3.6,4.0
SUR00743,EMP00223,2026-06-05,3.6,3.4,4.8,4.4
SUR00744,EMP00224,2026-06-13,3.2,3.7,3.3,4.0
SUR00745,EMP00225,2026-07-04,2.7,3.2,4.0,3.1
SUR00746,EMP00227,2025-08-24,2.9,2.4,2.6,3.3
SUR00747,EMP00227,2025-11-12,3.0,2.5,3.1,3.5
SUR00748,EMP00228,2025-08-12,3.2,3.1,4.0,3.5
SUR00749,EMP00228,2025-11-01,2.8,3.3,2.9,1.7
SUR00750,EMP00228,2026-02-13,2.9,3.1,1.9,1.4
SUR00751,EMP00228,2026-05-15,4.1,3.9,4.3,3.3
SUR00752,EMP00229,2026-05-22,3.0,3.0,2.4,3.6
SUR00753,EMP00230,2026-01-16,3.2,3.9,3.1,3.6
SUR00754,EMP00230,2026-04-25,2.3,2.2,2.8,3.2
SUR00755,EMP00230,2026-07-18,4.3,4.6,4.1,3.5
SUR00756,EMP00231,2026-02-22,3.8,3.8,3.9,3.5
SUR00757,EMP00231,2026-05-19,3.2,2.9,3.7,4.3
SUR00758,EMP00232,2026-05-09,3.0,2.7,2.8,3.4
SUR00759,EMP00234,2025-02-28,1.9,1.5,1.7,1.8
SUR00760,EMP00234,2025-06-12,1.6,1.9,1.6,1.3
SUR00761,EMP00235,2025-03-15,3.9,3.7,4.1,4.0
SUR00762,EMP00235,2025-06-18,4.3,4.1,4.1,4.3
SUR00763,EMP00235,2025-09-14,2.9,2.7,2.5,3.3
SUR00764,EMP00235,2025-12-21,3.6,3.9,3.5,3.4
SUR00765,EMP00235,2026-03-28,3.7,4.2,4.4,4.4
SUR00766,EMP00235,2026-06-21,3.6,3.2,2.9,4.4
SUR00767,EMP00236,2023-12-03,3.1,3.2,3.8,4.4
SUR00768,EMP00236,2024-02-29,4.0,4.6,3.7,4.7
SUR00769,EMP00236,2024-06-10,2.6,2.7,2.1,2.0
SUR00770,EMP00236,2024-09-14,3.7,4.3,3.1,4.0
SUR00771,EMP00236,2024-12-08,2.6,2.6,3.1,2.9
SUR00772,EMP00236,2025-03-07,3.3,2.4,2.8,3.1
SUR00773,EMP00236,2025-06-15,1.9,1.7,2.2,2.5
SUR00774,EMP00236,2025-09-29,2.3,2.0,2.8,2.5
SUR00775,EMP00239,2025-07-16,3.6,3.7,3.2,2.8
SUR00776,EMP00239,2025-10-25,3.6,3.8,4.0,3.6
SUR00777,EMP00239,2026-01-22,2.9,3.7,4.0,3.8
SUR00778,EMP00239,2026-04-25,3.8,3.9,3.7,4.4
SUR00779,EMP00240,2025-09-25,4.1,3.7,3.9,4.8
SUR00780,EMP00240,2026-01-01,3.0,3.7,,3.3
SUR00781,EMP00240,2026-04-20,3.1,3.5,,3.7
SUR00782,EMP00240,2026-07-21,3.8,4.4,3.6,3.6
SUR00783,EMP00241,2024-12-23,2.4,2.4,3.4,1.5
SUR00784,EMP00241,2025-03-29,3.5,3.2,3.6,3.1
SUR00785,EMP00241,2025-07-16,2.8,3.4,2.9,3.4
SUR00786,EMP00241,2025-10-21,2.8,2.7,3.1,3.0
SUR00787,EMP00241,2026-01-14,3.2,3.5,3.4,3.0
SUR00788,EMP00241,2026-04-07,2.8,3.1,3.2,2.2
SUR00789,EMP00241,2026-07-13,3.1,3.1,3.5,2.8
SUR00790,EMP00242,2025-11-19,4.0,4.1,3.3,3.3
SUR00791,EMP00242,2026-02-10,4.0,3.9,3.4,4.2
SUR00792,EMP00242,2026-05-31,4.0,3.7,3.8,4.1
SUR00793,EMP00243,2023-03-05,3.4,3.3,4.9,3.6
SUR00794,EMP00243,2023-06-19,3.1,2.8,,4.0
SUR00795,EMP00243,2023-09-27,4.0,4.0,4.0,2.9
SUR00796,EMP00243,2024-01-04,3.5,3.8,4.7,3.7
SUR00797,EMP00243,2024-04-22,3.7,3.5,3.8,4.5
SUR00798,EMP00243,2024-07-27,4.2,4.4,4.3,4.5
SUR00799,EMP00243,2024-10-24,3.5,3.1,3.6,3.8
SUR00800,EMP00243,2025-02-03,3.2,3.4,2.8,2.9
SUR00801,EMP00243,2025-05-03,3.9,4.4,4.1,4.0
SUR00802,EMP00243,2025-08-13,2.7,3.1,2.4,2.4
SUR00803,EMP00243,2025-11-03,3.2,2.5,2.8,4.0
SUR00804,EMP00243,2026-02-18,2.6,2.3,2.9,3.4
SUR00805,EMP00243,2026-05-19,3.8,3.8,4.2,4.0
SUR00806,EMP00244,2023-04-25,2.6,2.0,3.3,2.6
SUR00807,EMP00244,2023-07-31,2.1,1.8,3.2,3.3
SUR00808,EMP00244,2023-11-13,2.9,3.3,1.0,2.7
SUR00809,EMP00244,2024-02-15,2.4,2.7,1.9,3.3
SUR00810,EMP00244,2024-05-18,2.9,3.6,2.1,3.3
SUR00811,EMP00244,2024-08-14,3.2,3.2,4.1,3.8
SUR00812,EMP00245,2026-06-29,3.5,3.2,2.8,3.8
SUR00813,EMP00246,2025-03-25,4.1,4.0,4.8,4.3
SUR00814,EMP00246,2025-07-11,,2.4,3.0,3.0
SUR00815,EMP00247,2024-03-02,2.4,2.2,2.9,2.7
SUR00816,EMP00247,2024-06-16,3.1,3.4,3.4,2.2
SUR00817,EMP00247,2024-09-21,4.2,3.6,3.6,3.3
SUR00818,EMP00247,2024-12-13,4.7,4.4,3.6,4.3
SUR00819,EMP00247,2025-03-17,3.9,3.7,3.4,4.3
SUR00820,EMP00247,2025-06-16,3.4,3.2,3.0,3.9
SUR00821,EMP00247,2025-09-10,3.8,3.9,3.5,4.4
SUR00822,EMP00247,2025-12-07,3.5,3.3,,4.0
SUR00823,EMP00247,2026-03-01,4.1,3.1,3.3,4.3
SUR00824,EMP00247,2026-06-01,,4.2,5.0,5.0
SUR00825,EMP00249,2026-04-20,4.0,3.6,3.8,4.7
SUR00826,EMP00249,2026-07-25,3.5,3.3,3.8,4.2
SUR00827,EMP00250,2024-08-27,3.4,3.4,3.6,3.8
SUR00828,EMP00250,2024-12-11,2.8,2.7,2.7,3.9
SUR00829,EMP00250,2025-03-27,2.8,3.0,4.1,2.1
SUR00830,EMP00250,2025-06-29,2.8,3.1,3.1,2.8
SUR00831,EMP00250,2025-09-21,2.6,2.8,3.0,3.2
SUR00832,EMP00250,2026-01-08,2.9,2.8,2.0,3.4
SUR00833,EMP00251,2025-12-28,3.5,3.6,3.0,3.0
SUR00834,EMP00251,2026-04-03,3.1,3.5,2.8,3.5
SUR00835,EMP00251,2026-07-09,3.5,3.5,3.4,4.1
SUR00836,EMP00252,2023-10-18,1.9,2.2,2.0,2.3
SUR00837,EMP00252,2024-01-18,2.7,2.1,2.9,3.4
SUR00838,EMP00252,2024-05-06,2.1,2.2,1.2,2.5
SUR00839,EMP00253,2023-06-16,3.7,3.5,4.2,4.8
SUR00840,EMP00253,2023-09-27,4.1,3.7,4.7,3.9
SUR00841,EMP00253,2024-01-03,3.1,2.7,4.1,4.0
SUR00842,EMP00253,2024-03-25,3.4,3.4,3.1,3.2
SUR00843,EMP00253,2024-06-23,3.7,3.7,3.7,5.0
SUR00844,EMP00253,2024-09-21,3.2,3.7,4.0,3.7
SUR00845,EMP00253,2024-12-11,3.1,3.4,3.1,4.2
SUR00846,EMP00253,2025-03-05,3.1,3.1,4.3,3.6
SUR00847,EMP00253,2025-06-05,4.9,4.8,3.4,4.6
SUR00848,EMP00253,2025-09-07,3.3,3.1,3.2,4.3
SUR00849,EMP00254,2025-09-13,,3.7,4.5,5.0
SUR00850,EMP00254,2025-12-27,2.6,2.1,2.3,2.8
SUR00851,EMP00254,2026-03-26,2.7,3.3,3.8,3.9
SUR00852,EMP00254,2026-07-09,3.8,3.2,4.0,4.2
SUR00853,EMP00255,2025-09-18,4.8,4.4,5.0,5.0
SUR00854,EMP00255,2025-12-19,2.8,2.8,2.6,3.6
SUR00855,EMP00255,2026-03-19,3.2,3.4,2.9,3.3
SUR00856,EMP00255,2026-06-13,3.6,3.2,3.8,4.1
SUR00857,EMP00256,2025-12-22,3.2,3.1,4.0,3.9
SUR00858,EMP00256,2026-04-08,3.3,3.3,3.9,4.7
SUR00859,EMP00256,2026-07-14,3.7,3.4,3.8,3.6
SUR00860,EMP00257,2026-03-25,3.1,3.8,3.7,2.2
SUR00861,EMP00257,2026-06-24,3.4,3.0,3.6,3.6
SUR00862,EMP00259,2025-08-11,3.0,3.7,3.2,3.2
SUR00863,EMP00259,2025-11-16,4.7,4.8,4.4,3.9
SUR00864,EMP00259,2026-02-28,3.5,3.3,3.1,4.4
SUR00865,EMP00259,2026-05-31,3.3,3.2,2.7,3.3
SUR00866,EMP00260,2025-01-29,,3.9,1.9,3.6
SUR00867,EMP00260,2025-04-28,3.1,3.5,3.5,3.3
SUR00868,EMP00260,2025-08-13,4.1,4.3,4.6,4.4
SUR00869,EMP00260,2025-11-13,3.0,2.9,3.2,4.2
SUR00870,EMP00260,2026-02-25,3.5,3.6,4.4,4.3
SUR00871,EMP00260,2026-06-03,3.7,3.5,3.8,4.2
SUR00872,EMP00263,2025-06-20,4.4,5.0,4.5,5.0
SUR00873,EMP00263,2025-09-23,3.3,4.2,4.0,3.5
SUR00874,EMP00263,2025-12-17,3.9,4.4,3.4,3.3
SUR00875,EMP00263,2026-03-16,3.1,3.0,3.3,2.5
SUR00876,EMP00263,2026-06-26,3.4,3.8,5.0,4.0
SUR00877,EMP00264,2023-10-03,4.1,4.3,3.6,3.9
SUR00878,EMP00264,2023-12-24,3.2,3.1,3.2,3.5
SUR00879,EMP00264,2024-04-04,3.7,3.9,4.6,4.7
SUR00880,EMP00264,2024-06-26,3.5,4.2,3.4,4.2
SUR00881,EMP00264,2024-10-05,,3.7,4.2,3.5
SUR00882,EMP00264,2024-12-29,3.3,3.1,3.3,3.6
SUR00883,EMP00264,2025-04-04,3.2,3.3,2.9,3.6
SUR00884,EMP00264,2025-06-24,3.2,2.8,2.6,2.7
SUR00885,EMP00264,2025-09-28,2.7,2.5,2.6,3.1
SUR00886,EMP00264,2026-01-13,5.0,4.9,4.3,5.0
SUR00887,EMP00264,2026-04-08,4.4,3.4,3.9,4.6
SUR00888,EMP00264,2026-07-25,4.3,4.3,3.6,5.0
SUR00889,EMP00265,2023-03-20,3.4,3.1,2.7,3.3
SUR00890,EMP00265,2023-06-20,2.5,2.6,3.2,2.1
SUR00891,EMP00265,2023-10-08,1.7,2.3,2.4,1.5
SUR00892,EMP00265,2024-01-06,4.1,4.4,4.6,2.9
SUR00893,EMP00265,2024-03-29,3.8,3.8,2.9,3.7
SUR00894,EMP00265,2024-06-29,2.5,2.8,2.2,1.0
SUR00895,EMP00265,2024-10-10,2.9,2.1,3.4,2.2
SUR00896,EMP00265,2025-01-25,3.2,3.4,2.8,3.4
SUR00897,EMP00265,2025-05-10,3.6,2.9,3.1,2.6
SUR00898,EMP00265,2025-08-26,2.8,3.2,3.5,2.2
SUR00899,EMP00265,2025-11-20,2.3,2.5,2.8,2.4
SUR00900,EMP00265,2026-02-09,3.3,3.3,3.2,3.0
SUR00901,EMP00265,2026-05-11,2.9,2.9,2.9,2.6
SUR00902,EMP00267,2026-06-12,4.6,4.6,3.8,5.0
SUR00903,EMP00268,2026-02-03,3.6,4.0,4.0,3.9
SUR00904,EMP00268,2026-05-09,3.3,3.5,4.4,3.7
SUR00905,EMP00269,2025-05-25,3.9,4.0,3.5,3.6
SUR00906,EMP00269,2025-08-20,3.0,2.4,3.1,2.5
SUR00907,EMP00269,2025-11-18,2.7,2.7,2.6,2.8
SUR00908,EMP00269,2026-03-03,3.0,2.4,3.4,3.8
SUR00909,EMP00269,2026-05-31,3.1,3.6,3.0,3.0
SUR00910,EMP00270,2024-06-16,4.2,4.1,4.4,4.1
SUR00911,EMP00270,2024-10-01,4.3,4.1,4.8,4.0
SUR00912,EMP00270,2024-12-24,4.6,5.0,4.9,4.2
SUR00913,EMP00270,2025-03-15,3.9,3.8,4.1,4.1
SUR00914,EMP00270,2025-06-28,3.8,4.3,4.0,4.7
SUR00915,EMP00270,2025-09-26,3.8,3.5,,3.8
SUR00916,EMP00270,2025-12-23,3.3,2.9,3.0,3.7
SUR00917,EMP00270,2026-04-07,3.5,3.0,4.1,4.0
SUR00918,EMP00270,2026-07-05,3.9,4.3,5.0,4.1
SUR00919,EMP00271,2024-05-24,3.9,4.4,4.3,3.2
SUR00920,EMP00271,2024-09-06,2.9,2.7,3.6,2.9
SUR00921,EMP00271,2024-12-15,3.4,3.6,3.9,2.4
SUR00922,EMP00271,2025-03-11,1.9,2.1,1.9,1.9
SUR00923,EMP00271,2025-06-24,3.4,3.7,3.0,3.0
SUR00924,EMP00271,2025-10-05,2.0,2.1,1.8,1.3
SUR00925,EMP00271,2026-01-03,3.1,3.6,3.4,3.5
SUR00926,EMP00271,2026-04-05,4.0,4.5,2.9,3.3
SUR00927,EMP00271,2026-07-14,3.1,3.5,3.5,3.2
SUR00928,EMP00272,2024-09-30,3.4,3.1,3.3,2.9
SUR00929,EMP00272,2025-01-07,4.0,3.6,4.1,3.3
SUR00930,EMP00272,2025-04-20,3.3,3.6,3.3,4.0
SUR00931,EMP00272,2025-08-01,,3.6,3.2,3.2
SUR00932,EMP00272,2025-10-28,2.6,1.7,2.6,3.2
SUR00933,EMP00272,2026-01-18,,3.5,2.6,4.2
SUR00934,EMP00272,2026-04-12,3.2,3.3,3.5,3.6
SUR00935,EMP00272,2026-07-02,4.5,4.6,3.7,4.4
SUR00936,EMP00273,2025-09-17,3.2,3.6,2.7,4.2
SUR00937,EMP00273,2025-12-20,3.4,3.2,3.2,4.3
SUR00938,EMP00273,2026-03-29,3.4,3.3,3.6,4.7
SUR00939,EMP00273,2026-06-19,3.5,3.9,2.9,3.2
SUR00940,EMP00274,2026-03-21,3.4,3.8,3.1,3.8
SUR00941,EMP00274,2026-06-16,3.6,4.1,3.8,3.5
SUR00942,EMP00275,2026-01-16,3.1,3.1,2.4,2.6
SUR00943,EMP00275,2026-05-01,3.2,3.8,2.5,2.3
SUR00944,EMP00278,2026-03-28,3.7,4.2,2.8,3.5
SUR00945,EMP00278,2026-06-20,2.9,2.4,3.9,3.8
SUR00946,EMP00279,2025-10-14,3.8,4.0,4.0,4.2
SUR00947,EMP00279,2026-01-03,4.1,4.3,5.0,5.0
SUR00948,EMP00279,2026-04-16,4.2,3.5,4.2,3.6
SUR00949,EMP00279,2026-07-18,3.0,3.7,3.4,3.1
SUR00950,EMP00280,2025-11-10,3.7,3.7,3.4,3.6
SUR00951,EMP00280,2026-02-25,3.1,3.1,3.3,3.5
SUR00952,EMP00280,2026-05-25,2.5,2.3,3.6,3.6
SUR00953,EMP00281,2025-05-27,2.5,2.9,2.7,2.1
SUR00954,EMP00281,2025-08-29,3.4,3.6,3.5,3.1
SUR00955,EMP00281,2025-12-02,2.3,1.9,2.7,2.9
SUR00956,EMP00282,2024-10-27,2.4,2.2,2.0,2.9
SUR00957,EMP00282,2025-02-05,2.1,2.2,1.6,1.8
SUR00958,EMP00284,2026-04-14,3.7,3.0,3.3,4.1
SUR00959,EMP00284,2026-07-27,4.1,4.3,3.9,3.5
SUR00960,EMP00286,2024-02-16,3.8,3.7,4.3,4.0
SUR00961,EMP00286,2024-05-12,3.2,3.4,3.3,3.7
SUR00962,EMP00286,2024-08-24,3.1,3.3,3.2,3.1
SUR00963,EMP00286,2024-12-04,4.2,4.2,4.5,4.3
SUR00964,EMP00286,2025-03-08,3.8,3.6,3.9,3.8
SUR00965,EMP00286,2025-06-19,3.5,3.2,3.9,3.3
SUR00966,EMP00286,2025-09-24,3.6,3.8,4.0,4.0
SUR00967,EMP00286,2025-12-27,3.8,2.9,3.7,4.0
SUR00968,EMP00286,2026-04-05,3.1,3.3,3.5,4.2
SUR00969,EMP00286,2026-07-04,3.7,3.8,3.1,3.9
SUR00970,EMP00287,2023-05-08,3.7,4.0,4.3,3.8
SUR00971,EMP00287,2023-08-07,3.7,4.6,3.3,3.4
SUR00972,EMP00287,2023-11-10,3.1,3.6,3.5,3.2
SUR00973,EMP00287,2024-02-02,2.5,2.6,2.9,3.7
SUR00974,EMP00287,2024-05-03,3.9,4.1,2.9,3.9
SUR00975,EMP00288,2023-05-06,3.4,3.9,3.1,4.1
SUR00976,EMP00288,2023-08-10,2.8,2.5,3.4,2.7
SUR00977,EMP00288,2023-11-22,4.0,3.4,3.3,4.2
SUR00978,EMP00288,2024-03-09,2.9,2.4,2.7,3.1
SUR00979,EMP00288,2024-06-22,3.0,2.9,3.6,4.2
SUR00980,EMP00288,2024-09-27,3.6,3.5,3.6,4.2
SUR00981,EMP00288,2025-01-14,3.9,3.8,4.8,5.0
SUR00982,EMP00288,2025-04-20,3.2,4.1,2.6,3.7
SUR00983,EMP00288,2025-07-11,2.8,2.7,3.9,4.5
SUR00984,EMP00288,2025-10-05,3.3,3.7,3.3,3.8
SUR00985,EMP00288,2026-01-07,4.3,3.8,4.3,4.2
SUR00986,EMP00288,2026-04-04,2.2,2.9,3.8,2.3
SUR00987,EMP00288,2026-07-02,4.5,5.0,4.2,4.7
SUR00988,EMP00289,2026-07-20,3.8,3.5,3.3,2.9
SUR00989,EMP00290,2026-02-15,3.6,4.5,4.0,3.8
SUR00990,EMP00290,2026-05-08,4.1,3.7,3.8,4.2
SUR00991,EMP00291,2025-07-15,4.3,4.3,4.9,4.7
SUR00992,EMP00291,2025-10-10,4.8,4.7,5.0,5.0
SUR00993,EMP00291,2026-01-19,3.5,3.6,4.2,3.6
SUR00994,EMP00291,2026-05-03,,3.3,4.6,4.2
SUR00995,EMP00292,2023-12-27,2.5,2.3,3.3,2.0
SUR00996,EMP00292,2024-03-24,4.6,4.6,4.3,3.0
SUR00997,EMP00292,2024-06-20,2.5,3.1,2.6,2.4
SUR00998,EMP00292,2024-09-17,3.5,2.7,3.1,2.8
SUR00999,EMP00292,2024-12-20,3.6,3.9,3.9,2.6
SUR01000,EMP00292,2025-04-05,3.5,4.1,,2.7
SUR01001,EMP00292,2025-07-21,3.5,3.9,2.0,2.9
SUR01002,EMP00292,2025-10-30,3.3,3.4,3.2,2.8
SUR01003,EMP00292,2026-01-21,2.7,2.5,1.7,2.2
SUR01004,EMP00292,2026-04-19,2.3,2.2,3.1,1.3
SUR01005,EMP00292,2026-07-11,3.9,4.3,3.8,4.4
SUR01006,EMP00293,2025-08-14,1.8,2.2,1.0,1.6
SUR01007,EMP00294,2025-07-06,3.1,3.4,1.8,2.0
SUR01008,EMP00295,2024-06-14,,3.7,4.6,4.9
SUR01009,EMP00295,2024-09-14,2.9,2.8,2.2,2.8
SUR01010,EMP00295,2024-12-20,4.1,3.7,4.2,4.8
SUR01011,EMP00295,2025-03-18,4.9,5.0,5.0,4.6
SUR01012,EMP00295,2025-07-01,3.4,3.4,3.7,3.5
SUR01013,EMP00295,2025-09-26,3.9,3.8,4.3,4.2
SUR01014,EMP00295,2025-12-27,3.6,3.7,3.6,3.6
SUR01015,EMP00295,2026-03-20,4.5,4.4,4.1,4.4
SUR01016,EMP00295,2026-06-22,3.6,3.9,3.6,3.5
SUR01017,EMP00297,2025-04-29,4.2,3.9,4.2,4.4
SUR01018,EMP00297,2025-07-21,1.9,1.5,2.4,2.8
SUR01019,EMP00297,2025-10-17,3.5,3.0,2.8,3.6
SUR01020,EMP00297,2026-01-18,4.3,4.0,3.5,5.0
SUR01021,EMP00297,2026-04-11,3.6,3.2,4.0,3.4
SUR01022,EMP00297,2026-07-11,3.8,3.4,3.5,3.9
SUR01023,EMP00298,2025-12-11,4.1,4.1,,4.4
SUR01024,EMP00298,2026-03-03,4.0,3.3,3.2,4.4
SUR01025,EMP00298,2026-05-25,,3.2,2.9,4.0
SUR01026,EMP00299,2025-12-07,3.9,4.1,4.5,4.3
SUR01027,EMP00299,2026-03-18,4.0,4.3,3.5,4.5
SUR01028,EMP00299,2026-06-30,4.2,4.3,4.0,4.1
SUR01029,EMP00300,2023-05-11,2.9,2.9,3.7,2.1
SUR01030,EMP00301,2025-03-27,3.9,4.1,3.9,4.6
SUR01031,EMP00301,2025-06-16,3.7,3.7,3.2,3.9
SUR01032,EMP00301,2025-09-08,2.5,2.9,3.0,3.4
SUR01033,EMP00301,2025-12-01,3.5,4.1,3.0,2.9
SUR01034,EMP00301,2026-03-08,3.7,4.2,3.0,3.8
SUR01035,EMP00301,2026-06-03,4.4,4.9,4.2,4.6
SUR01036,EMP00302,2025-12-16,3.6,3.4,3.4,3.4
SUR01037,EMP00302,2026-03-25,2.9,3.4,3.6,3.2
SUR01038,EMP00302,2026-07-05,3.4,3.5,3.2,3.6
SUR01039,EMP00303,2025-08-04,4.0,3.6,3.8,4.3
SUR01040,EMP00303,2025-11-06,3.3,3.0,4.0,3.7
SUR01041,EMP00303,2026-02-09,3.1,3.3,4.0,3.6
SUR01042,EMP00303,2026-05-05,3.6,4.1,3.0,4.3
SUR01043,EMP00303,2026-07-26,3.6,3.7,2.6,4.0
SUR01044,EMP00304,2026-07-25,3.4,3.7,3.4,3.0
SUR01045,EMP00306,2024-05-11,3.0,3.4,3.0,3.0
SUR01046,EMP00306,2024-08-14,1.9,2.0,,2.8
SUR01047,EMP00306,2024-11-12,3.2,3.4,2.3,3.4
SUR01048,EMP00307,2023-08-17,2.7,2.5,2.3,2.3
SUR01049,EMP00307,2023-12-03,2.6,3.0,2.8,3.5
SUR01050,EMP00307,2024-03-13,1.7,1.2,2.3,1.9
SUR01051,EMP00307,2024-06-18,2.2,1.8,2.5,3.0
SUR01052,EMP00310,2025-10-10,3.1,3.4,3.2,3.3
SUR01053,EMP00310,2026-01-01,3.7,2.7,4.0,5.0
SUR01054,EMP00310,2026-04-01,,3.8,4.2,3.9
SUR01055,EMP00310,2026-06-22,3.3,3.3,4.0,4.7
SUR01056,EMP00312,2025-10-29,2.8,2.9,3.9,3.6
SUR01057,EMP00312,2026-01-29,3.3,3.3,4.1,4.1
SUR01058,EMP00312,2026-05-12,4.0,4.2,4.5,5.0
SUR01059,EMP00313,2025-05-01,2.8,3.1,3.8,3.4
SUR01060,EMP00313,2025-07-31,2.4,3.1,2.1,2.8
SUR01061,EMP00313,2025-11-16,1.9,2.5,2.4,2.1
SUR01062,EMP00314,2025-12-22,3.4,3.5,3.6,4.0
SUR01063,EMP00314,2026-04-07,3.9,3.6,3.9,4.1
SUR01064,EMP00314,2026-07-21,4.2,3.6,4.0,4.2
SUR01065,EMP00315,2025-06-12,2.7,3.2,3.8,3.2
SUR01066,EMP00315,2025-09-20,4.2,3.8,4.1,4.5
SUR01067,EMP00315,2025-12-21,4.7,4.9,5.0,5.0
SUR01068,EMP00315,2026-03-12,3.4,3.5,2.5,3.1
SUR01069,EMP00315,2026-06-10,4.3,4.6,3.9,4.6
SUR01070,EMP00316,2025-09-05,3.7,4.0,3.7,3.4
SUR01071,EMP00316,2025-12-18,2.7,2.4,2.5,3.6
SUR01072,EMP00316,2026-03-09,2.9,3.3,2.3,2.5
SUR01073,EMP00316,2026-06-21,3.1,2.9,2.6,3.6
SUR01074,EMP00318,2025-04-28,3.0,3.2,,2.6
SUR01075,EMP00318,2025-07-28,3.7,3.9,4.5,3.6
SUR01076,EMP00318,2025-11-11,3.1,3.6,3.8,3.7
SUR01077,EMP00318,2026-02-03,2.6,3.0,3.3,2.2
SUR01078,EMP00321,2024-07-21,2.1,2.6,2.4,2.0
SUR01079,EMP00321,2024-10-29,1.2,1.8,1.2,1.6
SUR01080,EMP00321,2025-01-21,2.4,2.3,3.2,3.1
SUR01081,EMP00322,2023-08-18,3.2,4.1,1.5,4.3
SUR01082,EMP00322,2023-11-14,4.3,4.1,3.5,4.2
SUR01083,EMP00322,2024-02-25,4.4,3.8,3.3,4.1
SUR01084,EMP00322,2024-06-13,3.0,2.9,2.8,3.8
SUR01085,EMP00322,2024-09-29,4.0,3.4,3.8,3.4
SUR01086,EMP00322,2025-01-14,2.8,2.6,3.1,3.0
SUR01087,EMP00322,2025-05-01,3.4,2.7,3.8,3.6
SUR01088,EMP00322,2025-08-15,4.0,4.2,3.5,4.5
SUR01089,EMP00322,2025-11-20,4.1,4.7,4.9,4.2
SUR01090,EMP00322,2026-02-14,3.8,3.3,4.6,3.9
SUR01091,EMP00322,2026-05-08,4.4,4.8,5.0,4.5
SUR01092,EMP00323,2023-12-10,3.5,3.6,3.1,3.1
SUR01093,EMP00323,2024-03-01,3.6,3.4,4.1,4.6
SUR01094,EMP00323,2024-06-04,3.5,3.4,3.2,3.3
SUR01095,EMP00323,2024-09-09,3.3,2.9,3.3,3.4
SUR01096,EMP00323,2024-12-16,2.9,2.8,2.9,3.4
SUR01097,EMP00323,2025-03-26,2.7,2.8,2.7,2.7
SUR01098,EMP00323,2025-06-25,3.5,3.6,3.5,3.7
SUR01099,EMP00323,2025-09-26,4.3,4.1,3.9,5.0
SUR01100,EMP00323,2025-12-31,4.4,4.2,3.6,3.8
SUR01101,EMP00323,2026-04-03,3.2,3.3,3.0,3.5
SUR01102,EMP00323,2026-07-13,3.1,3.3,4.2,3.8
SUR01103,EMP00324,2023-02-02,3.1,3.4,3.5,3.9
SUR01104,EMP00324,2023-05-06,1.8,1.7,2.0,2.3
SUR01105,EMP00324,2023-08-11,2.3,2.3,2.8,3.0
SUR01106,EMP00324,2023-11-09,1.9,1.6,3.0,2.1
SUR01107,EMP00325,2023-12-14,3.3,2.8,3.2,4.3
SUR01108,EMP00325,2024-03-28,3.3,2.5,,4.3
SUR01109,EMP00325,2024-06-18,3.9,3.9,4.6,4.2
SUR01110,EMP00325,2024-09-24,4.1,3.5,3.3,4.4
SUR01111,EMP00325,2025-01-10,2.9,3.7,2.8,3.1
SUR01112,EMP00325,2025-04-08,2.1,1.8,2.3,2.7
SUR01113,EMP00325,2025-06-30,2.9,3.2,2.1,2.8
SUR01114,EMP00325,2025-09-29,3.1,3.0,2.6,3.0
SUR01115,EMP00325,2025-12-22,3.5,3.5,3.6,3.8
SUR01116,EMP00325,2026-03-13,1.2,1.0,2.2,2.0
SUR01117,EMP00325,2026-06-17,2.4,2.5,2.2,2.4
SUR01118,EMP00326,2026-02-25,2.6,3.1,2.8,2.0
SUR01119,EMP00326,2026-06-02,3.1,3.5,2.4,1.8
SUR01120,EMP00327,2023-08-18,1.6,2.1,3.0,2.1
SUR01121,EMP00328,2025-01-04,2.8,2.8,3.2,3.0
SUR01122,EMP00328,2025-04-02,3.1,2.7,4.7,4.0
SUR01123,EMP00328,2025-07-11,3.6,3.2,3.3,3.8
SUR01124,EMP00328,2025-10-09,4.3,4.9,4.1,4.3
SUR01125,EMP00328,2026-01-27,3.4,3.0,3.1,3.1
SUR01126,EMP00328,2026-04-24,3.8,4.2,4.8,3.9
SUR01127,EMP00328,2026-07-17,5.0,5.0,5.0,5.0
SUR01128,EMP00330,2023-02-04,3.0,3.0,3.8,4.0
SUR01129,EMP00330,2023-05-15,4.1,4.2,4.2,4.8
SUR01130,EMP00330,2023-08-06,3.7,3.7,3.0,3.0
SUR01131,EMP00330,2023-11-04,3.9,4.5,4.3,4.6
SUR01132,EMP00330,2024-01-24,3.6,3.3,4.0,3.5
SUR01133,EMP00330,2024-05-02,3.6,3.7,3.1,3.8
SUR01134,EMP00330,2024-08-03,,2.9,2.3,2.5
SUR01135,EMP00330,2024-10-30,3.3,3.2,2.9,3.2
SUR01136,EMP00330,2025-02-11,3.2,3.2,3.5,3.5
SUR01137,EMP00330,2025-05-06,3.0,2.9,3.1,3.5
SUR01138,EMP00330,2025-08-03,3.6,3.6,2.9,3.8
SUR01139,EMP00330,2025-11-04,3.3,3.0,3.1,4.4
SUR01140,EMP00330,2026-02-01,3.2,3.1,4.0,2.3
SUR01141,EMP00330,2026-05-02,4.2,5.0,4.8,4.2
SUR01142,EMP00331,2026-06-19,3.7,3.9,4.8,3.8
SUR01143,EMP00332,2024-11-16,2.3,2.4,2.6,2.4
SUR01144,EMP00332,2025-02-17,1.9,1.5,1.7,1.5
SUR01145,EMP00332,2025-05-21,2.9,3.1,3.1,4.0
SUR01146,EMP00333,2024-03-21,3.2,3.5,4.4,3.7
SUR01147,EMP00333,2024-07-02,2.4,2.5,2.4,2.6
SUR01148,EMP00333,2024-10-14,,1.5,1.7,2.4
SUR01149,EMP00333,2025-01-16,2.7,2.4,2.3,3.0
SUR01150,EMP00333,2025-04-16,1.7,2.2,2.5,3.1
SUR01151,EMP00334,2026-02-09,2.7,2.2,3.5,2.6
SUR01152,EMP00334,2026-05-22,3.9,3.5,3.7,3.7
SUR01153,EMP00335,2025-12-05,4.0,3.5,4.0,3.9
SUR01154,EMP00335,2026-03-19,3.0,2.9,2.5,3.8
SUR01155,EMP00335,2026-07-05,3.9,4.3,3.8,4.6
SUR01156,EMP00336,2026-07-04,4.0,4.6,2.6,4.5
SUR01157,EMP00337,2026-03-07,2.5,2.4,1.9,3.5
SUR01158,EMP00337,2026-06-08,4.4,3.9,5.0,4.4
SUR01159,EMP00338,2026-05-28,,4.3,3.3,4.3
SUR01160,EMP00339,2024-11-03,2.9,2.9,3.3,3.0
SUR01161,EMP00339,2025-02-15,3.1,3.6,3.6,3.4
SUR01162,EMP00339,2025-06-01,1.9,2.4,3.1,2.5
SUR01163,EMP00339,2025-09-10,3.2,3.3,3.2,2.8
SUR01164,EMP00339,2025-12-04,3.4,3.1,3.1,3.2
SUR01165,EMP00339,2026-03-04,3.3,4.0,3.2,2.8
SUR01166,EMP00339,2026-06-13,2.5,2.7,4.0,2.0
SUR01167,EMP00340,2024-06-29,3.6,3.4,2.9,4.5
SUR01168,EMP00340,2024-10-02,3.7,3.8,3.2,4.1
SUR01169,EMP00340,2025-01-09,3.4,2.9,3.6,3.4
SUR01170,EMP00340,2025-04-26,4.4,4.3,3.8,4.7
SUR01171,EMP00340,2025-07-16,3.4,3.6,2.2,4.0
SUR01172,EMP00340,2025-10-29,4.2,4.1,3.8,4.3
SUR01173,EMP00340,2026-01-25,4.2,4.8,4.8,3.5
SUR01174,EMP00340,2026-04-20,2.9,2.0,2.5,3.2
SUR01175,EMP00340,2026-07-19,3.2,3.5,4.5,3.4
SUR01176,EMP00341,2026-04-08,3.5,3.7,4.0,4.1
SUR01177,EMP00341,2026-07-10,2.6,2.8,2.4,3.0
SUR01178,EMP00342,2026-05-09,3.6,2.9,3.5,4.3
SUR01179,EMP00344,2025-05-05,2.2,2.0,2.6,2.8
SUR01180,EMP00344,2025-08-20,3.2,2.7,3.6,3.4
SUR01181,EMP00344,2025-11-23,3.9,4.1,3.5,3.0
SUR01182,EMP00344,2026-02-21,3.3,3.1,3.4,3.9
SUR01183,EMP00344,2026-06-05,4.1,3.7,4.9,4.1
SUR01184,EMP00345,2025-03-02,4.4,4.5,5.0,3.9
SUR01185,EMP00345,2025-06-05,4.0,4.8,3.1,4.0
SUR01186,EMP00345,2025-09-14,2.7,2.9,3.8,3.3
SUR01187,EMP00345,2025-12-20,3.0,3.6,3.2,3.9
SUR01188,EMP00345,2026-03-25,4.4,4.4,4.5,4.6
SUR01189,EMP00345,2026-06-16,4.2,4.1,3.6,4.4
SUR01190,EMP00349,2026-07-06,2.6,2.7,3.1,3.1
SUR01191,EMP00350,2025-05-11,2.1,1.7,2.2,2.7
SUR01192,EMP00351,2026-04-23,3.5,3.1,4.6,3.5
SUR01193,EMP00351,2026-07-15,3.9,3.1,4.1,3.8
SUR01194,EMP00352,2026-04-15,2.6,2.3,2.3,1.5
SUR01195,EMP00352,2026-07-19,2.8,3.3,3.0,1.8
SUR01196,EMP00355,2025-08-27,4.7,5.0,5.0,5.0
SUR01197,EMP00355,2025-12-04,3.4,2.7,4.0,4.3
SUR01198,EMP00355,2026-03-17,3.9,4.3,4.0,4.3
SUR01199,EMP00355,2026-06-29,,4.5,3.7,3.6
SUR01200,EMP00356,2026-06-24,3.3,3.6,3.3,4.2
SUR01201,EMP00357,2025-01-19,3.6,3.8,3.7,4.3
SUR01202,EMP00357,2025-04-25,4.3,4.3,4.0,4.2
SUR01203,EMP00357,2025-07-28,3.8,4.3,4.3,4.3
SUR01204,EMP00357,2025-11-07,3.8,3.5,4.3,4.1
SUR01205,EMP00357,2026-02-13,2.5,2.6,,2.7
SUR01206,EMP00357,2026-05-17,2.1,1.9,2.4,3.0
SUR01207,EMP00359,2025-04-26,3.7,3.7,4.7,4.3
SUR01208,EMP00359,2025-08-12,2.3,2.0,3.4,3.0
SUR01209,EMP00359,2025-11-13,1.3,2.0,1.6,1.9
SUR01210,EMP00359,2026-02-22,2.1,1.9,1.9,2.5
SUR01211,EMP00360,2022-12-04,2.4,2.3,2.6,3.0
SUR01212,EMP00360,2023-02-22,3.1,3.0,3.7,3.3
SUR01213,EMP00360,2023-05-15,2.2,2.1,2.3,1.9
SUR01214,EMP00360,2023-08-24,3.2,3.4,3.1,2.4
SUR01215,EMP00360,2023-12-02,2.6,3.0,2.5,2.4
SUR01216,EMP00360,2024-03-21,2.9,2.2,3.9,2.3
SUR01217,EMP00360,2024-07-04,1.0,1.6,1.6,1.5
SUR01218,EMP00360,2024-10-21,1.8,2.0,2.7,1.0
SUR01219,EMP00360,2025-02-06,,2.1,1.1,2.0
SUR01220,EMP00360,2025-05-01,,2.0,1.9,1.4
SUR01221,EMP00360,2025-07-22,1.6,1.5,1.8,1.5
SUR01222,EMP00360,2025-11-02,1.7,2.0,1.8,1.2
SUR01223,EMP00362,2023-11-29,4.4,4.3,4.9,4.8
SUR01224,EMP00362,2024-02-29,4.6,4.9,4.5,3.5
SUR01225,EMP00362,2024-05-31,4.4,4.5,4.6,4.4
SUR01226,EMP00362,2024-09-16,3.2,2.9,3.6,3.3
SUR01227,EMP00362,2024-12-25,3.4,3.3,2.8,4.4
SUR01228,EMP00362,2025-03-23,3.9,3.7,3.5,4.3
SUR01229,EMP00362,2025-06-28,3.1,2.9,2.6,3.6
SUR01230,EMP00362,2025-10-03,3.6,4.1,3.9,4.5
SUR01231,EMP00362,2026-01-08,3.8,3.2,3.5,3.9
SUR01232,EMP00362,2026-04-01,3.8,3.2,3.7,4.3
SUR01233,EMP00362,2026-07-19,2.9,3.1,4.0,3.8
SUR01234,EMP00363,2025-01-23,2.9,3.0,3.2,3.1
SUR01235,EMP00363,2025-04-19,3.0,2.9,3.8,3.5
SUR01236,EMP00363,2025-07-19,3.1,3.5,4.1,2.8
SUR01237,EMP00363,2025-10-29,4.0,3.7,3.4,4.3
SUR01238,EMP00363,2026-01-26,3.4,3.2,2.8,4.0
SUR01239,EMP00363,2026-04-30,3.9,4.0,3.5,3.4
SUR01240,EMP00367,2025-12-22,3.9,4.4,3.4,3.6
SUR01241,EMP00367,2026-03-30,3.9,3.7,3.4,4.0
SUR01242,EMP00367,2026-07-07,3.9,4.6,3.6,4.3
SUR01243,EMP00368,2025-06-27,,3.5,3.1,3.6
SUR01244,EMP00368,2025-09-17,2.3,2.8,2.8,2.4
SUR01245,EMP00369,2024-12-07,3.8,3.2,3.8,4.9
SUR01246,EMP00369,2025-03-11,1.8,1.6,2.0,2.4
SUR01247,EMP00369,2025-06-20,3.3,3.7,4.4,3.3
SUR01248,EMP00369,2025-09-10,2.5,2.5,2.2,2.1
SUR01249,EMP00369,2025-12-18,3.1,3.1,3.3,3.3
SUR01250,EMP00369,2026-03-31,2.6,2.7,3.6,3.6
SUR01251,EMP00370,2025-01-02,2.8,3.0,2.7,1.8
SUR01252,EMP00371,2026-01-22,4.1,5.0,3.6,4.7
SUR01253,EMP00371,2026-04-15,2.9,3.0,4.0,3.3
SUR01254,EMP00371,2026-07-17,4.7,4.8,4.9,3.7
SUR01255,EMP00372,2026-04-29,3.3,2.9,3.5,4.2
SUR01256,EMP00372,2026-07-18,4.3,4.1,3.1,4.2
SUR01257,EMP00375,2023-11-09,3.8,3.9,2.5,4.1
SUR01258,EMP00375,2024-02-20,3.4,2.6,3.1,4.2
SUR01259,EMP00375,2024-05-14,3.3,3.7,3.6,3.4
SUR01260,EMP00375,2024-08-16,3.2,2.9,3.4,3.8
SUR01261,EMP00375,2024-11-27,3.3,3.9,3.8,4.1
SUR01262,EMP00375,2025-02-19,2.6,2.4,3.8,2.5
SUR01263,EMP00375,2025-05-23,4.1,4.0,,3.7
SUR01264,EMP00375,2025-09-02,4.1,4.1,4.1,4.2
SUR01265,EMP00375,2025-12-02,2.8,2.7,2.4,2.7
SUR01266,EMP00375,2026-03-02,4.1,4.1,4.4,3.9
SUR01267,EMP00375,2026-06-06,4.6,3.9,4.3,4.7
SUR01268,EMP00376,2025-08-15,2.5,3.7,2.3,2.9
SUR01269,EMP00376,2025-11-23,3.6,4.1,4.4,3.6
SUR01270,EMP00377,2023-06-15,3.9,4.0,4.3,5.0
SUR01271,EMP00377,2023-09-03,3.2,2.9,2.8,4.6
SUR01272,EMP00377,2023-11-27,4.3,3.7,4.8,4.6
SUR01273,EMP00377,2024-03-05,3.1,3.0,3.8,4.4
SUR01274,EMP00377,2024-06-04,3.0,2.7,3.7,4.1
SUR01275,EMP00377,2024-08-30,4.0,4.4,4.4,4.3
SUR01276,EMP00377,2024-12-02,4.0,4.4,2.7,4.7
SUR01277,EMP00377,2025-03-18,4.4,4.4,3.9,5.0
SUR01278,EMP00377,2025-06-15,3.8,4.4,3.2,4.2
SUR01279,EMP00377,2025-09-17,4.1,4.2,3.7,4.8
SUR01280,EMP00377,2025-12-27,2.0,1.5,2.5,2.4
SUR01281,EMP00377,2026-03-30,4.0,3.7,2.8,4.4
SUR01282,EMP00377,2026-06-20,3.3,3.8,3.1,4.4
SUR01283,EMP00378,2025-09-21,4.5,4.5,3.9,4.0
SUR01284,EMP00378,2025-12-25,3.5,3.7,3.5,3.6
SUR01285,EMP00378,2026-03-17,4.2,4.8,3.8,3.8
SUR01286,EMP00378,2026-06-14,3.4,3.5,3.9,3.7
SUR01287,EMP00379,2025-06-09,2.9,3.1,2.8,3.4
SUR01288,EMP00379,2025-09-04,3.4,4.2,3.1,3.7
SUR01289,EMP00379,2025-12-18,3.6,3.9,3.4,4.1
SUR01290,EMP00379,2026-03-23,2.9,3.0,3.0,3.2
SUR01291,EMP00379,2026-06-19,4.1,4.8,4.0,2.7
SUR01292,EMP00381,2025-02-12,2.6,2.8,2.8,2.9
SUR01293,EMP00381,2025-05-06,2.1,1.5,3.8,2.8
SUR01294,EMP00381,2025-08-14,1.3,1.1,1.7,2.1
SUR01295,EMP00381,2025-11-11,1.8,2.0,1.6,2.9
SUR01296,EMP00382,2024-03-06,3.4,3.6,3.6,2.8
SUR01297,EMP00382,2024-06-09,3.8,3.2,3.5,4.3
SUR01298,EMP00382,2024-09-07,4.0,3.4,4.9,4.2
SUR01299,EMP00382,2024-12-25,4.6,5.0,3.7,4.9
SUR01300,EMP00382,2025-03-26,3.8,3.7,2.9,4.1
SUR01301,EMP00382,2025-06-21,4.1,4.0,4.2,5.0
SUR01302,EMP00382,2025-09-26,3.9,4.4,4.5,4.3
SUR01303,EMP00382,2025-12-21,3.3,3.3,2.8,4.3
SUR01304,EMP00382,2026-03-31,3.1,3.3,3.8,3.8
SUR01305,EMP00382,2026-06-21,3.6,2.9,4.5,4.0
SUR01306,EMP00383,2024-04-12,2.4,3.1,3.4,2.8
SUR01307,EMP00383,2024-07-14,2.0,1.9,3.0,2.3
SUR01308,EMP00383,2024-10-27,,3.8,3.5,3.9
SUR01309,EMP00384,2026-04-10,3.6,2.9,4.3,4.1
SUR01310,EMP00384,2026-07-22,,2.4,3.4,3.3
SUR01311,EMP00385,2025-12-13,3.3,3.2,4.0,3.3
SUR01312,EMP00386,2024-01-03,3.4,3.2,3.4,3.7
SUR01313,EMP00386,2024-04-10,2.9,2.9,2.9,3.0
SUR01314,EMP00386,2024-07-09,4.2,4.2,3.9,3.3
SUR01315,EMP00386,2024-10-18,3.7,3.9,4.3,4.3
SUR01316,EMP00386,2025-01-27,3.7,3.8,2.6,3.8
SUR01317,EMP00386,2025-04-21,3.3,3.2,4.3,4.0
SUR01318,EMP00386,2025-08-07,4.6,4.4,3.6,4.3
SUR01319,EMP00386,2025-11-20,2.9,2.7,3.3,2.8
SUR01320,EMP00386,2026-02-10,4.2,4.9,3.9,4.4
SUR01321,EMP00386,2026-05-18,3.5,2.9,3.9,4.8
SUR01322,EMP00387,2023-10-23,4.7,5.0,4.4,4.3
SUR01323,EMP00387,2024-01-25,3.3,2.7,3.5,3.2
SUR01324,EMP00387,2024-04-20,3.8,3.5,3.3,4.3
SUR01325,EMP00387,2024-07-16,2.8,3.0,4.3,4.5
SUR01326,EMP00387,2024-10-17,4.5,4.3,4.0,4.6
SUR01327,EMP00387,2025-02-02,4.2,3.7,4.5,4.4
SUR01328,EMP00387,2025-05-02,5.0,5.0,4.5,5.0
SUR01329,EMP00387,2025-08-19,3.3,3.5,3.7,2.8
SUR01330,EMP00387,2025-12-03,4.1,3.6,3.2,3.6
SUR01331,EMP00387,2026-02-27,5.0,5.0,5.0,5.0
SUR01332,EMP00387,2026-05-27,4.0,4.0,4.0,4.1
SUR01333,EMP00389,2023-09-19,3.6,3.6,3.4,2.0
SUR01334,EMP00389,2024-01-05,2.6,2.5,2.6,1.8
SUR01335,EMP00389,2024-04-12,3.9,3.8,4.8,3.3
SUR01336,EMP00389,2024-07-28,2.2,2.4,2.3,2.5
SUR01337,EMP00389,2024-11-02,3.9,3.1,3.3,3.8
SUR01338,EMP00389,2025-01-25,2.9,2.9,1.8,2.4
SUR01339,EMP00389,2025-04-29,3.6,3.5,3.6,3.1
SUR01340,EMP00389,2025-07-21,3.1,2.8,3.1,2.4
SUR01341,EMP00389,2025-11-03,2.5,2.3,2.8,2.4
SUR01342,EMP00389,2026-02-06,2.5,2.0,3.0,2.4
SUR01343,EMP00389,2026-05-09,3.7,3.4,3.8,3.1
SUR01344,EMP00390,2026-06-17,3.8,3.6,3.5,4.7
SUR01345,EMP00391,2026-02-25,4.3,4.7,4.3,4.3
SUR01346,EMP00391,2026-06-02,3.1,2.8,3.3,3.4
SUR01347,EMP00392,2023-10-10,3.5,4.4,2.9,3.7
SUR01348,EMP00392,2024-01-23,,2.7,3.0,3.3
SUR01349,EMP00392,2024-05-04,,2.8,1.9,3.0
SUR01350,EMP00392,2024-07-31,3.4,3.4,3.1,3.7
SUR01351,EMP00393,2023-10-24,3.4,2.3,3.2,3.6
SUR01352,EMP00393,2024-01-31,5.0,4.9,4.9,5.0
SUR01353,EMP00393,2024-05-16,3.3,3.5,3.8,4.2
SUR01354,EMP00393,2024-08-08,4.9,4.8,4.9,4.2
SUR01355,EMP00393,2024-11-25,3.4,3.1,3.2,3.3
SUR01356,EMP00393,2025-02-19,2.6,2.7,3.0,3.3
SUR01357,EMP00393,2025-05-21,,3.7,3.4,3.7
SUR01358,EMP00393,2025-08-16,4.7,4.2,4.8,5.0
SUR01359,EMP00393,2025-11-22,3.8,4.3,3.8,3.6
SUR01360,EMP00393,2026-03-10,3.4,2.8,2.5,3.6
SUR01361,EMP00393,2026-06-12,2.8,2.8,3.2,4.2
SUR01362,EMP00396,2025-03-19,4.0,4.8,3.6,2.3
SUR01363,EMP00396,2025-06-18,2.6,2.9,3.1,1.6
SUR01364,EMP00396,2025-09-25,2.9,3.0,2.5,2.8
SUR01365,EMP00396,2026-01-10,2.5,2.2,2.8,2.1
SUR01366,EMP00396,2026-04-24,3.1,3.4,1.9,2.4
SUR01367,EMP00396,2026-07-20,2.7,1.5,2.7,2.5
SUR01368,EMP00397,2026-05-31,1.8,1.5,,2.7
SUR01369,EMP00400,2026-04-07,3.5,3.1,3.2,3.3
SUR01370,EMP00400,2026-07-14,3.7,3.8,3.5,4.0
SUR01371,EMP00402,2023-10-17,3.5,3.2,3.2,3.8
SUR01372,EMP00402,2024-01-25,4.6,4.8,4.4,4.7
SUR01373,EMP00402,2024-04-20,4.2,4.3,4.9,4.3
SUR01374,EMP00402,2024-07-20,4.1,4.1,3.7,4.5
SUR01375,EMP00402,2024-10-19,3.3,3.3,3.9,4.2
SUR01376,EMP00402,2025-01-26,4.0,4.3,4.0,4.1
SUR01377,EMP00402,2025-05-05,3.3,3.5,3.6,3.4
SUR01378,EMP00402,2025-08-19,3.1,3.3,3.5,3.8
SUR01379,EMP00402,2025-11-20,2.9,3.7,3.1,3.0
SUR01380,EMP00402,2026-03-01,3.0,3.0,3.2,3.4
SUR01381,EMP00402,2026-05-24,3.3,2.8,3.0,3.1
SUR01382,EMP00403,2026-05-26,3.5,3.6,2.8,3.4
SUR01383,EMP00404,2025-10-10,3.0,2.8,2.8,2.5
SUR01384,EMP00404,2026-01-23,3.1,2.9,4.1,3.8
SUR01385,EMP00404,2026-04-24,3.7,3.5,3.6,3.8
SUR01386,EMP00404,2026-07-24,,3.3,4.1,3.4
SUR01387,EMP00405,2025-05-22,4.6,4.1,4.2,3.8
SUR01388,EMP00405,2025-08-13,3.8,3.3,4.0,3.8
SUR01389,EMP00405,2025-11-19,3.2,3.0,3.5,4.0
SUR01390,EMP00405,2026-02-26,3.9,4.2,4.3,4.6
SUR01391,EMP00405,2026-06-11,3.9,4.7,3.8,4.3
SUR01392,EMP00407,2024-02-14,3.7,3.3,5.0,4.6
SUR01393,EMP00407,2024-05-06,3.8,4.1,3.5,3.6
SUR01394,EMP00407,2024-08-23,3.8,3.8,4.6,4.7
SUR01395,EMP00407,2024-12-07,4.0,4.5,3.4,3.9
SUR01396,EMP00407,2025-03-21,3.7,3.5,3.2,4.1
SUR01397,EMP00407,2025-06-15,3.1,2.9,2.5,3.9
SUR01398,EMP00407,2025-10-02,3.0,3.3,3.9,3.5
SUR01399,EMP00407,2025-12-22,3.2,3.7,3.0,4.0
SUR01400,EMP00407,2026-03-27,5.0,5.0,4.4,5.0
SUR01401,EMP00407,2026-06-17,3.8,3.6,4.5,4.3
SUR01402,EMP00408,2025-08-15,1.3,1.0,1.5,1.8
SUR01403,EMP00408,2025-11-19,3.2,3.2,,2.4
SUR01404,EMP00409,2023-01-06,3.6,3.7,2.4,3.8
SUR01405,EMP00409,2023-03-30,3.0,2.5,4.1,4.6
SUR01406,EMP00409,2023-07-01,3.1,3.0,,3.7
SUR01407,EMP00409,2023-10-11,3.7,4.0,3.1,3.9
SUR01408,EMP00409,2024-01-25,3.3,3.6,3.5,3.8
SUR01409,EMP00409,2024-05-02,4.1,4.4,3.3,4.1
SUR01410,EMP00409,2024-08-02,4.0,4.1,4.4,4.0
SUR01411,EMP00409,2024-10-23,3.0,3.1,3.0,3.7
SUR01412,EMP00409,2025-01-15,3.3,3.8,3.5,4.3
SUR01413,EMP00409,2025-04-14,3.0,3.7,2.1,2.3
SUR01414,EMP00409,2025-07-13,4.1,4.2,4.1,3.4
SUR01415,EMP00409,2025-10-29,4.1,3.7,3.7,4.0
SUR01416,EMP00409,2026-01-25,4.0,3.9,4.4,4.6
SUR01417,EMP00409,2026-04-18,4.0,3.8,4.0,4.4
SUR01418,EMP00410,2025-07-21,2.9,3.1,2.4,3.0
SUR01419,EMP00410,2025-10-19,2.6,2.8,3.2,3.9
SUR01420,EMP00412,2024-03-26,2.9,3.1,2.9,3.3
SUR01421,EMP00412,2024-07-04,3.6,3.6,2.4,3.5
SUR01422,EMP00412,2024-09-27,3.8,2.7,4.8,4.2
SUR01423,EMP00412,2024-12-27,3.5,3.4,2.6,4.0
SUR01424,EMP00412,2025-03-31,3.3,3.3,2.9,4.0
SUR01425,EMP00412,2025-06-22,4.0,4.3,4.0,4.0
SUR01426,EMP00412,2025-09-13,4.0,5.0,3.8,4.1
SUR01427,EMP00412,2025-12-14,4.1,3.4,3.4,4.4
SUR01428,EMP00412,2026-03-31,3.3,3.3,3.3,3.3
SUR01429,EMP00412,2026-06-27,3.3,3.5,3.8,3.2
SUR01430,EMP00413,2024-03-12,2.8,3.1,2.4,3.0
SUR01431,EMP00413,2024-06-04,2.5,2.6,1.9,2.8
SUR01432,EMP00413,2024-08-25,2.8,3.1,2.5,3.0
SUR01433,EMP00413,2024-11-20,2.2,1.6,3.3,2.4
SUR01434,EMP00413,2025-02-10,2.0,2.0,2.6,2.3
SUR01435,EMP00413,2025-05-12,1.6,2.0,1.5,1.9
SUR01436,EMP00413,2025-08-21,1.8,1.0,1.0,1.9
SUR01437,EMP00415,2026-04-15,2.9,2.4,3.4,3.3
SUR01438,EMP00415,2026-07-20,3.7,3.9,3.7,4.2
SUR01439,EMP00416,2025-10-24,1.5,1.0,2.3,2.3
SUR01440,EMP00418,2025-03-27,1.3,1.1,1.0,1.3
SUR01441,EMP00418,2025-06-29,3.9,4.3,4.2,4.4
SUR01442,EMP00419,2024-11-20,3.2,3.9,4.6,3.7
SUR01443,EMP00419,2025-02-25,3.6,4.2,3.0,4.0
SUR01444,EMP00419,2025-06-11,3.5,3.0,4.1,4.0
SUR01445,EMP00419,2025-09-24,4.3,4.4,5.0,4.8
SUR01446,EMP00419,2025-12-15,2.7,3.2,2.8,4.0
SUR01447,EMP00419,2026-03-06,2.6,2.4,2.1,2.8
SUR01448,EMP00419,2026-06-17,3.8,4.3,,3.8
SUR01449,EMP00420,2026-07-18,3.9,4.1,,3.9
SUR01450,EMP00421,2024-09-04,4.2,3.7,3.2,3.4
SUR01451,EMP00421,2024-11-25,2.6,2.9,2.5,2.8
SUR01452,EMP00421,2025-02-19,4.5,4.2,5.0,4.9
SUR01453,EMP00421,2025-06-06,3.3,3.1,3.3,3.0
SUR01454,EMP00421,2025-09-05,4.3,4.5,4.0,4.8
SUR01455,EMP00421,2025-12-08,3.2,3.8,2.9,3.6
SUR01456,EMP00421,2026-03-23,3.6,3.5,3.5,4.7
SUR01457,EMP00421,2026-07-04,3.7,3.5,3.8,4.8
SUR01458,EMP00423,2023-01-22,3.5,3.4,3.7,3.6
SUR01459,EMP00423,2023-05-09,2.7,2.9,,3.6
SUR01460,EMP00423,2023-08-05,3.8,3.9,4.2,4.3
SUR01461,EMP00423,2023-11-03,2.1,2.6,2.2,1.7
SUR01462,EMP00423,2024-02-05,3.3,3.4,2.2,3.4
SUR01463,EMP00423,2024-05-07,2.9,2.5,3.1,3.1
SUR01464,EMP00423,2024-07-27,2.3,2.2,2.2,2.8
SUR01465,EMP00423,2024-10-30,1.9,2.4,1.2,1.8
SUR01466,EMP00423,2025-01-20,1.2,1.7,1.0,1.5
SUR01467,EMP00425,2023-05-07,4.0,4.1,3.9,4.3
SUR01468,EMP00425,2023-08-08,3.5,3.5,2.8,3.8
SUR01469,EMP00425,2023-10-30,4.6,5.0,4.1,4.5
SUR01470,EMP00425,2024-01-21,3.9,4.2,5.0,5.0
SUR01471,EMP00425,2024-04-27,4.8,4.8,4.6,4.2
SUR01472,EMP00425,2024-08-03,4.8,5.0,3.4,5.0
SUR01473,EMP00425,2024-11-03,3.6,3.9,3.4,3.9
SUR01474,EMP00425,2025-01-25,3.5,3.2,4.0,4.2
SUR01475,EMP00425,2025-04-18,,3.0,4.4,3.7
SUR01476,EMP00425,2025-08-01,3.9,3.4,3.5,3.9
SUR01477,EMP00425,2025-11-17,2.7,3.1,2.6,2.3
SUR01478,EMP00425,2026-03-04,4.3,4.3,5.0,5.0
SUR01479,EMP00425,2026-06-17,5.0,5.0,4.8,4.9
SUR01480,EMP00427,2025-09-16,2.7,2.7,2.6,2.0
SUR01481,EMP00427,2026-01-03,2.9,2.6,2.7,2.5
SUR01482,EMP00427,2026-04-05,2.6,2.8,2.8,3.0
SUR01483,EMP00427,2026-07-08,2.8,2.5,2.4,2.1
SUR01484,EMP00429,2023-09-18,3.3,4.0,2.9,3.6
SUR01485,EMP00429,2023-12-30,4.3,4.5,4.8,5.0
SUR01486,EMP00429,2024-04-15,3.6,3.8,4.5,3.3
SUR01487,EMP00429,2024-07-09,2.6,2.3,,2.2
SUR01488,EMP00429,2024-10-22,3.7,3.6,4.1,3.8
SUR01489,EMP00429,2025-01-19,4.0,4.3,3.6,4.5
SUR01490,EMP00429,2025-04-10,2.4,2.9,1.5,2.0
SUR01491,EMP00429,2025-07-24,3.7,2.6,3.9,3.8
SUR01492,EMP00429,2025-10-28,,2.3,2.8,2.9
SUR01493,EMP00429,2026-02-01,3.5,3.6,3.9,4.0
SUR01494,EMP00429,2026-05-01,3.2,3.5,4.0,3.6
SUR01495,EMP00430,2025-10-24,3.7,4.1,4.1,3.7
SUR01496,EMP00430,2026-01-15,3.9,4.2,4.1,3.5
SUR01497,EMP00430,2026-04-11,3.9,4.0,4.2,4.8
SUR01498,EMP00430,2026-07-13,3.3,3.2,3.1,3.9
SUR01499,EMP00432,2025-09-11,2.5,2.6,2.3,3.0
SUR01500,EMP00432,2025-12-13,2.8,2.7,2.4,1.8
SUR01501,EMP00432,2026-03-09,3.8,3.5,2.9,4.1
SUR01502,EMP00432,2026-06-15,2.7,3.3,2.5,3.2
SUR01503,EMP00433,2025-12-25,2.8,1.8,1.5,2.4
SUR01504,EMP00433,2026-03-17,2.3,2.3,3.0,3.2
SUR01505,EMP00434,2026-02-28,3.5,3.8,3.8,4.2
SUR01506,EMP00434,2026-06-06,3.2,3.6,2.0,3.0
SUR01507,EMP00435,2025-06-08,4.2,4.0,3.4,4.6
SUR01508,EMP00435,2025-09-11,4.1,3.8,3.1,4.5
SUR01509,EMP00435,2025-12-10,4.1,3.0,3.8,3.6
SUR01510,EMP00435,2026-03-28,4.1,3.8,3.6,4.4
SUR01511,EMP00435,2026-07-15,3.6,4.1,3.5,4.0
SUR01512,EMP00436,2025-12-01,4.0,4.4,3.4,4.1
SUR01513,EMP00436,2026-03-17,2.3,2.9,2.6,2.5
SUR01514,EMP00436,2026-06-30,2.6,2.6,2.4,3.2
SUR01515,EMP00439,2023-05-06,3.6,3.4,4.0,3.5
SUR01516,EMP00439,2023-08-20,3.5,3.1,2.5,3.6
SUR01517,EMP00439,2023-11-30,3.0,3.4,3.4,3.8
SUR01518,EMP00439,2024-03-18,2.8,2.8,,3.3
SUR01519,EMP00439,2024-06-15,2.7,3.1,2.0,3.2
SUR01520,EMP00439,2024-09-23,2.7,2.6,1.8,2.7
SUR01521,EMP00439,2024-12-30,3.1,3.0,2.1,3.1
SUR01522,EMP00439,2025-04-04,2.0,2.0,2.1,2.7
SUR01523,EMP00439,2025-07-05,2.1,1.4,1.0,2.5
SUR01524,EMP00440,2024-11-09,2.1,1.8,3.2,2.6
SUR01525,EMP00440,2025-02-02,3.1,3.2,2.2,3.5
SUR01526,EMP00443,2025-06-21,3.5,3.1,3.4,4.0
SUR01527,EMP00443,2025-09-23,2.5,2.9,2.2,3.2
SUR01528,EMP00445,2024-10-31,3.3,3.2,2.9,3.1
SUR01529,EMP00445,2025-02-10,3.6,3.7,3.6,3.3
SUR01530,EMP00445,2025-05-08,2.5,2.0,2.4,2.1
SUR01531,EMP00445,2025-08-09,3.2,3.3,2.9,1.8
SUR01532,EMP00445,2025-11-20,2.8,2.5,2.5,2.0
SUR01533,EMP00445,2026-02-26,3.9,3.7,3.6,3.8
SUR01534,EMP00445,2026-05-27,2.7,2.5,2.5,2.5
SUR01535,EMP00446,2024-07-17,4.6,3.7,4.6,4.6
SUR01536,EMP00446,2024-10-10,4.3,4.1,4.3,4.2
SUR01537,EMP00446,2025-01-09,3.1,3.5,4.0,3.6
SUR01538,EMP00446,2025-04-11,3.2,4.0,2.7,3.3
SUR01539,EMP00446,2025-07-16,2.9,2.8,3.3,3.2
SUR01540,EMP00446,2025-10-14,5.0,5.0,4.4,5.0
SUR01541,EMP00446,2026-01-11,4.1,4.2,2.9,3.7
SUR01542,EMP00446,2026-04-10,3.5,4.4,4.1,3.7
SUR01543,EMP00446,2026-07-09,,3.9,5.0,4.6
SUR01544,EMP00447,2025-07-24,1.6,1.3,1.7,1.9
SUR01545,EMP00447,2025-10-16,2.1,2.1,1.9,2.8
SUR01546,EMP00449,2025-10-28,2.7,2.9,3.0,2.8
SUR01547,EMP00449,2026-01-28,2.7,2.5,2.4,2.0
SUR01548,EMP00449,2026-05-10,3.6,3.8,4.2,2.5
SUR01549,EMP00450,2023-10-01,2.8,3.0,2.0,2.0
SUR01550,EMP00450,2024-01-15,3.2,3.7,2.8,2.8
SUR01551,EMP00450,2024-04-29,2.9,2.5,2.7,3.6
SUR01552,EMP00450,2024-07-24,2.9,3.3,3.5,3.2
SUR01553,EMP00450,2024-10-19,2.1,2.3,1.3,2.6
SUR01554,EMP00453,2026-02-08,3.4,3.5,4.0,3.2
SUR01555,EMP00453,2026-05-25,3.5,3.4,3.4,3.4
SUR01556,EMP00454,2025-09-06,4.0,3.9,3.7,3.6
SUR01557,EMP00454,2025-12-16,2.9,2.8,3.3,3.5
SUR01558,EMP00454,2026-03-10,3.1,2.8,3.1,3.6
SUR01559,EMP00454,2026-06-27,3.9,3.8,4.0,4.3
SUR01560,EMP00455,2024-12-22,4.0,4.3,,4.1
SUR01561,EMP00455,2025-03-30,4.2,4.2,5.0,4.8
SUR01562,EMP00455,2025-07-04,3.0,3.4,4.2,4.1
SUR01563,EMP00455,2025-10-06,,3.4,2.4,3.6
SUR01564,EMP00455,2025-12-28,3.4,3.4,3.0,3.4
SUR01565,EMP00455,2026-04-05,4.2,4.6,3.4,3.9
SUR01566,EMP00455,2026-07-09,3.9,3.7,3.8,4.2
SUR01567,EMP00456,2026-06-16,3.7,4.2,3.4,2.8
SUR01568,EMP00457,2026-02-16,3.5,2.6,3.3,2.5
SUR01569,EMP00457,2026-05-10,2.7,1.7,2.3,3.6
SUR01570,EMP00458,2024-05-03,2.1,1.6,2.5,2.3
SUR01571,EMP00458,2024-08-14,1.9,2.4,1.0,2.2
SUR01572,EMP00458,2024-11-07,2.1,2.7,2.4,2.3
SUR01573,EMP00460,2026-06-13,3.5,4.1,4.5,4.3
SUR01574,EMP00462,2026-03-03,3.4,3.5,3.7,3.2
SUR01575,EMP00462,2026-06-03,,4.0,3.7,3.8
SUR01576,EMP00463,2025-10-31,2.3,2.4,,2.9
SUR01577,EMP00464,2025-05-12,2.9,2.5,3.4,2.9
SUR01578,EMP00464,2025-08-18,3.3,3.5,3.7,3.1
SUR01579,EMP00464,2025-11-13,4.1,3.7,4.3,3.8
SUR01580,EMP00464,2026-02-27,3.1,3.7,3.2,3.4
SUR01581,EMP00464,2026-05-27,,3.2,3.1,4.0
SUR01582,EMP00467,2023-05-04,2.3,2.0,2.7,2.9
SUR01583,EMP00468,2023-03-23,3.4,3.0,4.2,4.0
SUR01584,EMP00468,2023-06-24,2.6,2.6,3.0,2.7
SUR01585,EMP00468,2023-09-21,2.9,2.9,2.3,2.5
SUR01586,EMP00468,2023-12-31,2.4,2.4,2.2,2.5
SUR01587,EMP00469,2025-03-17,2.4,2.8,3.0,2.8
SUR01588,EMP00469,2025-06-08,2.1,2.0,1.8,2.6
SUR01589,EMP00469,2025-09-20,3.8,3.5,3.6,4.7
SUR01590,EMP00469,2025-12-20,3.3,3.2,2.8,3.1
SUR01591,EMP00469,2026-03-25,2.6,2.9,3.1,2.1
SUR01592,EMP00469,2026-06-21,2.9,2.8,3.1,3.5
SUR01593,EMP00470,2026-06-24,4.0,4.2,3.9,4.1
SUR01594,EMP00473,2025-11-01,4.0,5.0,3.8,2.9
SUR01595,EMP00473,2026-01-23,4.0,4.3,3.9,3.6
SUR01596,EMP00473,2026-05-05,3.2,2.5,3.0,2.7
SUR01597,EMP00474,2025-03-17,1.6,2.0,1.0,2.0
SUR01598,EMP00474,2025-06-14,2.9,3.2,2.8,4.0
SUR01599,EMP00478,2025-07-07,4.4,5.0,3.8,4.6
SUR01600,EMP00478,2025-10-10,3.8,3.6,4.7,4.7
SUR01601,EMP00478,2026-01-08,,2.8,3.8,3.1
SUR01602,EMP00478,2026-04-03,3.2,2.7,3.0,3.3
SUR01603,EMP00478,2026-06-25,3.3,3.6,4.1,4.3
SUR01604,EMP00479,2025-05-24,2.5,2.7,3.2,3.5
SUR01605,EMP00479,2025-09-05,3.4,3.9,4.0,3.4
SUR01606,EMP00479,2025-12-07,3.3,3.7,3.8,3.1
SUR01607,EMP00479,2026-03-18,2.8,3.5,2.4,2.9
SUR01608,EMP00479,2026-07-05,3.6,3.3,4.1,2.8
SUR01609,EMP00480,2024-11-11,2.6,2.3,3.3,3.6
SUR01610,EMP00480,2025-02-11,4.3,4.5,4.6,4.0
SUR01611,EMP00480,2025-05-20,3.7,3.5,3.2,4.2
SUR01612,EMP00480,2025-09-01,2.7,2.6,3.4,2.6
SUR01613,EMP00480,2025-12-09,3.0,2.9,3.3,3.4
SUR01614,EMP00480,2026-03-25,3.5,3.7,3.6,4.5
SUR01615,EMP00480,2026-06-20,3.5,3.9,4.2,4.1
SUR01616,EMP00482,2026-07-15,3.3,2.9,3.6,4.8
SUR01617,EMP00483,2026-06-07,4.0,3.1,3.9,3.6
SUR01618,EMP00486,2025-10-09,2.1,2.1,2.2,1.3
SUR01619,EMP00487,2026-04-04,2.8,2.5,2.9,1.4
SUR01620,EMP00487,2026-06-29,2.1,2.6,2.9,2.0
SUR01621,EMP00489,2026-07-17,3.6,3.8,3.6,4.3
SUR01622,EMP00490,2024-10-06,3.9,3.7,3.9,3.6
SUR01623,EMP00490,2025-01-19,2.5,2.5,2.7,2.7
SUR01624,EMP00491,2025-06-20,3.8,4.7,3.3,4.1
SUR01625,EMP00491,2025-09-24,3.1,2.5,3.8,3.7
SUR01626,EMP00491,2025-12-28,2.2,2.6,1.5,2.3
SUR01627,EMP00491,2026-03-30,4.7,5.0,3.2,4.6
SUR01628,EMP00491,2026-07-01,4.4,4.1,,4.9
SUR01629,EMP00492,2024-03-20,2.3,2.1,1.8,2.2
SUR01630,EMP00492,2024-06-28,3.9,4.7,2.9,3.6
SUR01631,EMP00492,2024-09-21,2.7,2.8,2.7,3.3
SUR01632,EMP00492,2024-12-29,,2.2,1.1,1.3
SUR01633,EMP00492,2025-04-07,2.0,1.8,1.8,2.7
SUR01634,EMP00494,2025-11-03,4.0,4.1,4.6,4.6
SUR01635,EMP00494,2026-02-10,3.7,2.7,4.1,3.5
SUR01636,EMP00494,2026-05-27,5.0,4.7,5.0,4.7
SUR01637,EMP00495,2024-09-13,1.3,1.6,2.0,1.4
SUR01638,EMP00496,2026-01-19,2.2,2.4,4.0,3.0
SUR01639,EMP00497,2025-12-22,3.2,1.9,1.7,2.4
SUR01640,EMP00497,2026-03-21,1.6,1.7,1.9,2.0
SUR01641,EMP00497,2026-06-22,2.2,1.7,2.7,2.4
SUR01642,EMP00498,2025-02-14,2.5,2.4,2.5,2.1
SUR01643,EMP00498,2025-05-12,3.5,3.4,2.8,2.6
SUR01644,EMP00498,2025-08-05,3.0,3.5,,1.9
SUR01645,EMP00498,2025-11-04,3.1,2.6,4.1,2.6
SUR01646,EMP00498,2026-01-27,3.2,4.1,2.7,2.4
SUR01647,EMP00498,2026-05-13,2.5,2.4,3.4,2.0
SUR01648,EMP00499,2024-02-23,3.1,3.8,3.1,3.0
SUR01649,EMP00499,2024-06-01,2.9,3.1,2.6,4.1
SUR01650,EMP00499,2024-08-23,2.9,2.8,2.7,3.1
SUR01651,EMP00499,2024-11-27,3.1,3.8,,3.9
SUR01652,EMP00499,2025-02-20,3.4,3.0,3.3,3.2
SUR01653,EMP00499,2025-06-05,3.3,3.8,3.2,3.4
SUR01654,EMP00499,2025-09-03,3.0,2.9,3.3,4.1
SUR01655,EMP00499,2025-12-06,2.7,3.3,3.7,3.1
SUR01656,EMP00499,2026-03-12,3.3,3.1,4.4,3.0
SUR01657,EMP00499,2026-06-25,3.4,2.5,2.8,4.2
SUR01658,EMP00500,2026-01-07,3.6,3.8,3.4,3.4
SUR01659,EMP00500,2026-04-19,3.1,2.5,2.4,3.1
SUR01660,EMP00500,2026-07-16,3.9,4.2,4.0,4.4
SUR01661,EMP00501,2025-09-20,4.0,4.2,4.5,3.7
SUR01662,EMP00501,2025-12-14,3.4,2.9,4.4,4.6
SUR01663,EMP00501,2026-03-20,4.3,4.6,4.8,4.4
SUR01664,EMP00501,2026-07-04,1.6,1.9,2.2,3.1
SUR01665,EMP00502,2026-04-16,4.3,4.5,4.3,4.2
SUR01666,EMP00502,2026-07-26,3.5,3.9,4.0,4.2
SUR01667,EMP00503,2025-09-21,2.7,2.6,3.2,4.7
SUR01668,EMP00503,2025-12-17,4.3,3.8,3.7,3.9
SUR01669,EMP00503,2026-03-09,3.8,4.4,2.7,3.0
SUR01670,EMP00503,2026-06-18,3.6,3.4,4.5,4.7
SUR01671,EMP00504,2026-07-20,2.9,2.8,3.1,3.1
SUR01672,EMP00505,2025-09-27,3.8,3.3,3.8,3.9
SUR01673,EMP00505,2025-12-22,3.1,3.1,4.3,3.5
SUR01674,EMP00505,2026-03-13,4.2,4.4,3.1,5.0
SUR01675,EMP00505,2026-06-18,3.8,3.8,4.1,4.5
SUR01676,EMP00506,2025-10-13,2.9,3.4,2.6,2.8
SUR01677,EMP00506,2026-01-19,2.9,3.1,3.4,3.8
SUR01678,EMP00506,2026-04-21,2.6,2.7,2.6,1.9
SUR01679,EMP00506,2026-07-11,3.7,3.9,3.8,3.7
SUR01680,EMP00507,2026-07-27,3.7,3.7,3.8,3.8
SUR01681,EMP00508,2025-04-30,3.6,3.7,2.5,3.3
SUR01682,EMP00508,2025-08-13,2.1,2.0,1.6,2.4
SUR01683,EMP00508,2025-11-22,2.6,3.0,2.4,2.7
SUR01684,EMP00509,2024-04-09,2.7,2.6,1.6,2.8
SUR01685,EMP00509,2024-07-08,3.6,3.7,2.8,3.3
SUR01686,EMP00509,2024-09-29,3.7,4.5,4.3,3.6
SUR01687,EMP00509,2025-01-01,3.2,3.1,3.4,3.7
SUR01688,EMP00509,2025-04-10,3.1,2.9,2.7,3.0
SUR01689,EMP00509,2025-07-13,4.3,4.6,3.6,4.7
SUR01690,EMP00509,2025-10-04,3.4,3.1,4.0,3.8
SUR01691,EMP00509,2026-01-11,3.1,3.1,3.6,3.5
SUR01692,EMP00509,2026-04-04,3.9,4.5,3.8,4.9
SUR01693,EMP00509,2026-06-24,2.4,2.3,2.8,3.1
SUR01694,EMP00510,2023-03-09,3.5,3.4,3.1,2.9
SUR01695,EMP00510,2023-05-29,3.7,3.5,4.2,4.7
SUR01696,EMP00510,2023-08-29,2.6,2.5,3.0,3.2
SUR01697,EMP00510,2023-12-07,4.4,4.9,3.0,4.7
SUR01698,EMP00510,2024-02-29,4.0,4.4,3.2,4.6
SUR01699,EMP00510,2024-05-31,3.7,4.5,3.9,3.9
SUR01700,EMP00510,2024-09-18,3.6,3.3,3.6,3.7
SUR01701,EMP00510,2024-12-09,4.1,4.5,3.2,4.2
SUR01702,EMP00510,2025-03-07,3.9,4.1,3.5,4.1
SUR01703,EMP00510,2025-06-18,4.0,4.3,4.1,4.5
SUR01704,EMP00510,2025-09-12,3.1,2.8,2.8,3.5
SUR01705,EMP00510,2025-12-04,3.0,2.8,3.3,3.0
SUR01706,EMP00510,2026-02-28,4.2,4.7,4.9,5.0
SUR01707,EMP00510,2026-05-29,3.4,3.8,4.0,3.8
SUR01708,EMP00511,2026-04-27,3.0,2.6,2.2,3.1
SUR01709,EMP00511,2026-07-25,2.5,2.7,3.4,2.9
SUR01710,EMP00512,2025-12-28,3.8,4.1,4.1,4.4
SUR01711,EMP00512,2026-03-25,4.8,4.5,3.8,4.8
SUR01712,EMP00512,2026-06-23,3.9,3.6,3.5,4.4
SUR01713,EMP00513,2026-02-25,3.9,3.8,3.8,3.6
SUR01714,EMP00513,2026-05-29,3.6,3.8,4.0,3.2
SUR01715,EMP00514,2024-08-16,3.5,3.3,3.2,3.2
SUR01716,EMP00514,2024-11-16,3.3,3.2,3.6,3.4
SUR01717,EMP00514,2025-02-17,2.3,2.8,2.5,2.7
SUR01718,EMP00514,2025-05-18,3.3,2.8,3.5,3.8
SUR01719,EMP00514,2025-08-23,3.4,3.2,2.3,2.7
SUR01720,EMP00514,2025-11-22,4.0,4.4,3.9,4.5
SUR01721,EMP00514,2026-02-17,3.5,3.3,3.7,3.5
SUR01722,EMP00514,2026-05-09,4.1,4.1,3.9,4.1
SUR01723,EMP00515,2024-04-02,3.0,2.4,3.2,3.3
SUR01724,EMP00516,2023-01-24,3.2,3.3,2.8,3.6
SUR01725,EMP00516,2023-05-12,3.5,3.7,3.4,3.6
SUR01726,EMP00516,2023-08-11,3.4,3.1,3.3,4.5
SUR01727,EMP00516,2023-11-12,4.3,4.3,4.5,4.5
SUR01728,EMP00516,2024-02-25,4.6,4.5,4.8,5.0
SUR01729,EMP00516,2024-05-24,3.6,4.3,3.7,4.0
SUR01730,EMP00516,2024-08-20,4.3,4.5,4.2,4.7
SUR01731,EMP00516,2024-11-10,3.6,3.3,3.4,3.6
SUR01732,EMP00516,2025-02-02,3.8,3.5,4.4,5.0
SUR01733,EMP00516,2025-05-14,4.8,4.5,4.7,5.0
SUR01734,EMP00516,2025-08-07,4.2,3.6,4.8,3.4
SUR01735,EMP00516,2025-10-31,3.4,3.4,4.1,3.4
SUR01736,EMP00516,2026-01-30,4.0,4.2,3.7,4.2
SUR01737,EMP00516,2026-05-19,4.0,3.7,3.3,4.1
SUR01738,EMP00517,2025-02-23,2.0,2.7,3.0,2.2
SUR01739,EMP00517,2025-06-04,2.3,1.6,3.1,2.8
SUR01740,EMP00517,2025-09-05,3.1,3.4,2.5,3.8
SUR01741,EMP00517,2025-12-05,3.9,2.9,3.7,4.1
SUR01742,EMP00517,2026-03-05,4.4,3.9,4.7,5.0
SUR01743,EMP00517,2026-06-11,3.1,2.9,3.9,3.8
SUR01744,EMP00518,2025-11-29,2.6,2.5,3.4,2.4
SUR01745,EMP00518,2026-03-02,2.6,2.6,3.1,3.0
SUR01746,EMP00518,2026-06-10,1.9,2.4,2.6,1.3
SUR01747,EMP00519,2025-04-04,2.6,2.8,3.3,3.3
SUR01748,EMP00519,2025-07-21,,2.7,2.1,2.6
SUR01749,EMP00519,2025-11-03,4.0,3.6,4.4,4.7
SUR01750,EMP00519,2026-02-01,3.8,3.1,3.7,4.9
SUR01751,EMP00519,2026-05-01,3.3,2.8,2.9,3.3
SUR01752,EMP00522,2025-01-31,3.2,3.1,3.1,2.0
SUR01753,EMP00522,2025-05-11,3.9,3.8,3.9,3.2
SUR01754,EMP00522,2025-08-27,2.1,2.4,2.9,2.4
SUR01755,EMP00522,2025-11-23,2.4,1.8,2.1,2.0
SUR01756,EMP00522,2026-03-13,2.6,2.4,3.1,2.8
SUR01757,EMP00522,2026-06-20,2.1,2.3,3.2,1.9
SUR01758,EMP00524,2026-05-22,2.5,3.2,1.6,2.1
SUR01759,EMP00525,2025-04-04,4.0,3.1,3.0,3.5
SUR01760,EMP00525,2025-07-11,3.9,4.2,4.2,4.2
SUR01761,EMP00525,2025-10-13,3.8,4.1,4.1,4.2
SUR01762,EMP00525,2026-01-29,3.8,4.1,2.9,4.1
SUR01763,EMP00525,2026-04-24,3.2,3.0,2.6,3.4
SUR01764,EMP00526,2025-12-06,1.0,1.8,1.0,1.2
SUR01765,EMP00527,2026-07-07,4.2,4.6,3.3,4.3
SUR01766,EMP00529,2024-04-23,2.6,2.5,2.3,2.9
SUR01767,EMP00531,2025-08-26,4.4,3.9,4.3,4.9
SUR01768,EMP00531,2025-11-27,3.2,2.9,3.4,3.7
SUR01769,EMP00531,2026-03-12,3.1,3.6,2.5,3.0
SUR01770,EMP00531,2026-06-22,3.7,3.8,4.1,4.2
SUR01771,EMP00532,2024-10-17,3.1,3.2,3.2,2.7
SUR01772,EMP00532,2025-01-15,4.4,3.9,3.3,4.2
SUR01773,EMP00532,2025-05-02,2.9,2.9,2.3,2.6
SUR01774,EMP00532,2025-07-27,2.9,2.8,3.4,2.4
SUR01775,EMP00532,2025-11-06,2.1,2.5,1.7,1.0
SUR01776,EMP00532,2026-02-22,3.9,3.9,3.2,2.7
SUR01777,EMP00532,2026-06-01,2.9,3.0,3.4,2.3
SUR01778,EMP00533,2025-06-10,3.7,3.8,4.7,4.4
SUR01779,EMP00533,2025-09-15,2.3,2.3,3.0,2.4
SUR01780,EMP00533,2025-12-12,3.9,3.8,4.2,3.1
SUR01781,EMP00533,2026-03-18,4.4,4.4,4.4,4.7
SUR01782,EMP00533,2026-07-04,,4.5,4.7,4.7
SUR01783,EMP00535,2025-08-04,2.5,3.0,2.4,2.5
SUR01784,EMP00535,2025-11-08,2.9,3.1,,2.5
SUR01785,EMP00535,2026-02-22,,2.8,1.8,2.4
SUR01786,EMP00535,2026-05-14,3.3,2.5,3.0,2.9
SUR01787,EMP00536,2025-01-18,4.0,4.2,3.8,4.2
SUR01788,EMP00536,2025-04-09,2.1,2.4,2.1,2.8
SUR01789,EMP00536,2025-07-20,2.5,2.5,1.8,2.3
SUR01790,EMP00536,2025-10-18,2.9,2.8,2.3,2.6
SUR01791,EMP00537,2025-12-11,3.2,2.9,3.7,3.6
SUR01792,EMP00537,2026-03-18,4.0,3.9,4.5,4.2
SUR01793,EMP00537,2026-06-26,3.6,3.2,3.6,3.4
SUR01794,EMP00538,2024-09-23,4.2,4.5,4.4,4.6
SUR01795,EMP00538,2024-12-23,2.6,2.6,3.4,2.4
SUR01796,EMP00538,2025-04-02,4.4,4.7,4.3,4.0
SUR01797,EMP00538,2025-07-17,3.7,3.5,3.3,4.2
SUR01798,EMP00538,2025-10-11,3.5,3.7,3.7,3.3
SUR01799,EMP00538,2026-01-15,4.5,4.7,4.2,4.5
SUR01800,EMP00538,2026-04-23,2.8,3.0,3.3,3.8
SUR01801,EMP00539,2023-09-11,4.0,4.4,3.6,4.4
SUR01802,EMP00539,2023-12-17,3.0,2.6,3.4,3.4
SUR01803,EMP00539,2024-03-26,,3.8,3.7,4.5
SUR01804,EMP00539,2024-06-18,4.4,4.4,5.0,4.6
SUR01805,EMP00539,2024-09-11,,4.2,,5.0
SUR01806,EMP00539,2024-12-07,3.8,3.7,4.7,4.8
SUR01807,EMP00539,2025-02-28,4.3,3.7,4.6,4.9
SUR01808,EMP00539,2025-05-20,3.4,3.6,4.6,4.9
SUR01809,EMP00539,2025-09-06,4.0,4.6,3.4,4.6
SUR01810,EMP00540,2024-03-10,3.3,3.5,4.3,3.8
SUR01811,EMP00540,2024-06-06,4.1,4.0,,4.4
SUR01812,EMP00540,2024-08-31,3.4,3.4,3.0,3.9
SUR01813,EMP00540,2024-12-06,3.9,4.3,4.2,4.9
SUR01814,EMP00540,2025-03-03,4.0,3.5,4.3,3.9
SUR01815,EMP00540,2025-06-05,5.0,5.0,4.1,4.8
SUR01816,EMP00540,2025-08-26,3.4,3.7,3.1,3.5
SUR01817,EMP00540,2025-12-06,4.3,3.9,3.6,4.1
SUR01818,EMP00540,2026-03-10,4.8,4.9,4.6,4.3
SUR01819,EMP00541,2024-03-08,2.2,2.7,2.1,2.1
SUR01820,EMP00542,2024-05-25,4.0,4.0,4.3,4.3
SUR01821,EMP00542,2024-08-24,4.5,5.0,4.8,4.4
SUR01822,EMP00542,2024-11-29,,4.2,4.5,4.8
SUR01823,EMP00542,2025-03-11,3.5,3.7,2.7,3.2
SUR01824,EMP00542,2025-05-31,3.4,3.0,3.6,3.8
SUR01825,EMP00542,2025-08-27,3.4,3.3,4.3,4.1
SUR01826,EMP00542,2025-11-28,3.7,3.5,3.3,3.9
SUR01827,EMP00542,2026-03-13,3.5,3.4,4.3,3.9
SUR01828,EMP00542,2026-06-15,3.5,3.7,3.4,3.3
SUR01829,EMP00543,2024-04-28,3.4,2.8,2.9,3.8
SUR01830,EMP00543,2024-08-11,3.6,3.8,3.8,4.4
SUR01831,EMP00543,2024-11-26,4.3,4.6,3.8,4.2
SUR01832,EMP00543,2025-03-03,3.4,4.4,3.3,3.6
SUR01833,EMP00543,2025-05-29,3.8,4.0,4.2,4.9
SUR01834,EMP00543,2025-08-18,3.8,4.2,4.0,3.5
SUR01835,EMP00543,2025-12-03,4.1,4.1,3.8,3.8
SUR01836,EMP00543,2026-03-07,3.2,2.9,3.3,3.3
SUR01837,EMP00543,2026-06-18,4.1,4.3,5.0,4.8
SUR01838,EMP00544,2025-12-28,4.3,4.6,,4.6
SUR01839,EMP00544,2026-03-24,3.6,3.7,3.6,4.2
SUR01840,EMP00544,2026-07-04,3.9,4.4,3.4,4.5
SUR01841,EMP00545,2024-06-08,,3.1,4.5,3.9
SUR01842,EMP00545,2024-09-03,3.4,4.0,3.6,4.1
SUR01843,EMP00545,2024-12-12,3.6,4.3,3.0,3.9
SUR01844,EMP00545,2025-03-13,3.8,3.5,4.3,4.3
SUR01845,EMP00545,2025-06-29,3.1,3.0,3.1,2.8
SUR01846,EMP00545,2025-10-15,3.7,4.0,3.9,3.5
SUR01847,EMP00545,2026-01-26,3.2,3.1,3.3,3.3
SUR01848,EMP00545,2026-04-29,3.3,3.9,3.0,4.0
SUR01849,EMP00546,2025-02-03,,3.0,3.6,3.1
SUR01850,EMP00549,2026-01-07,3.6,3.9,4.7,5.0
SUR01851,EMP00549,2026-04-12,3.7,3.5,2.9,4.1
SUR01852,EMP00549,2026-07-26,3.4,3.9,3.2,3.8
SUR01853,EMP00550,2024-06-22,2.9,2.8,3.7,3.4
SUR01854,EMP00550,2024-10-01,3.1,3.3,3.5,3.4
SUR01855,EMP00550,2024-12-25,4.1,3.8,4.4,5.0
SUR01856,EMP00550,2025-03-20,3.7,3.9,4.6,4.4
SUR01857,EMP00550,2025-06-27,4.0,5.0,3.3,4.4
SUR01858,EMP00550,2025-10-13,3.9,4.0,4.4,4.1
SUR01859,EMP00550,2026-01-14,3.3,3.1,3.6,3.5
SUR01860,EMP00550,2026-04-06,1.9,1.7,2.4,2.0
SUR01861,EMP00550,2026-07-07,3.6,3.3,5.0,3.9
SUR01862,EMP00551,2024-07-09,3.9,4.1,3.3,3.3
SUR01863,EMP00551,2024-10-21,2.7,2.5,2.1,3.3
SUR01864,EMP00552,2023-05-17,2.8,3.0,2.7,3.4
SUR01865,EMP00552,2023-08-05,2.3,2.3,3.0,3.4
SUR01866,EMP00553,2024-06-14,2.5,2.4,3.7,2.2
SUR01867,EMP00553,2024-09-28,2.6,3.4,2.7,2.9
SUR01868,EMP00553,2024-12-23,2.4,2.7,1.7,2.3
SUR01869,EMP00553,2025-03-21,1.7,2.0,1.5,1.3
SUR01870,EMP00553,2025-06-26,2.7,2.7,2.2,2.0
SUR01871,EMP00553,2025-09-15,3.1,3.4,3.7,2.3
SUR01872,EMP00553,2025-12-14,2.7,2.9,2.2,1.7
SUR01873,EMP00553,2026-03-08,3.0,3.0,3.0,2.7
SUR01874,EMP00553,2026-06-10,2.9,2.4,1.6,2.5
SUR01875,EMP00554,2024-11-15,3.7,3.4,4.1,4.5
SUR01876,EMP00554,2025-03-04,,4.6,4.3,4.8
SUR01877,EMP00554,2025-06-03,3.5,3.6,3.1,4.7
SUR01878,EMP00554,2025-09-20,4.1,3.9,3.9,3.6
SUR01879,EMP00554,2025-12-11,3.0,3.1,2.4,3.2
SUR01880,EMP00554,2026-03-10,2.2,2.1,2.9,3.6
SUR01881,EMP00554,2026-06-03,2.6,2.9,2.1,3.0
SUR01882,EMP00555,2024-06-13,2.6,2.1,2.1,1.3
SUR01883,EMP00555,2024-09-25,2.8,2.9,2.2,1.9
SUR01884,EMP00555,2025-01-03,2.2,2.4,1.5,1.0
SUR01885,EMP00555,2025-03-27,2.6,2.6,2.7,1.9
SUR01886,EMP00555,2025-07-08,1.6,2.3,2.3,2.0
SUR01887,EMP00557,2024-03-18,3.8,3.5,,4.8
SUR01888,EMP00557,2024-06-11,3.1,2.9,4.0,3.6
SUR01889,EMP00557,2024-09-27,5.0,5.0,5.0,5.0
SUR01890,EMP00557,2024-12-28,4.2,4.0,5.0,5.0
SUR01891,EMP00557,2025-04-16,2.9,2.8,3.6,4.1
SUR01892,EMP00557,2025-07-16,3.8,3.7,4.2,3.6
SUR01893,EMP00557,2025-10-15,2.8,2.8,3.0,3.1
SUR01894,EMP00557,2026-01-08,3.8,3.6,3.7,3.8
SUR01895,EMP00557,2026-04-06,4.1,4.0,3.9,4.2
SUR01896,EMP00557,2026-06-30,3.7,4.1,2.9,4.2
SUR01897,EMP00558,2025-07-10,2.3,2.2,2.0,2.8
SUR01898,EMP00558,2025-10-23,3.3,3.0,3.7,3.4
SUR01899,EMP00558,2026-01-19,3.4,3.7,3.2,3.6
SUR01900,EMP00558,2026-05-02,3.4,3.0,3.1,4.1
SUR01901,EMP00559,2024-08-27,4.8,4.3,3.9,5.0
SUR01902,EMP00559,2024-11-21,4.0,3.7,4.7,4.5
SUR01903,EMP00559,2025-02-16,4.0,4.2,4.1,4.5
SUR01904,EMP00559,2025-05-31,3.1,3.1,2.9,4.2
SUR01905,EMP00559,2025-08-30,2.6,2.8,3.1,3.2
SUR01906,EMP00559,2025-11-27,5.0,4.8,4.9,4.0
SUR01907,EMP00559,2026-03-01,,2.5,2.8,2.9
SUR01908,EMP00559,2026-06-13,4.0,4.4,3.1,4.8
SUR01909,EMP00560,2025-03-21,2.4,2.6,2.5,3.0
SUR01910,EMP00560,2025-06-11,2.5,3.1,2.2,3.6
SUR01911,EMP00560,2025-09-10,1.6,2.3,1.8,1.8
SUR01912,EMP00560,2025-12-05,1.9,2.0,1.6,2.5
SUR01913,EMP00560,2026-03-04,2.0,2.3,2.1,1.2
SUR01914,EMP00561,2025-08-05,2.7,3.3,3.7,3.5
SUR01915,EMP00561,2025-11-02,3.2,2.5,2.7,3.9
SUR01916,EMP00561,2026-01-26,2.3,2.8,1.7,2.3
SUR01917,EMP00561,2026-05-04,3.7,3.7,3.4,4.1
SUR01918,EMP00561,2026-07-26,3.7,3.7,4.1,4.9
SUR01919,EMP00562,2026-02-11,2.2,1.9,2.9,2.3
SUR01920,EMP00563,2023-04-03,2.2,2.8,2.8,2.7
SUR01921,EMP00563,2023-07-07,2.3,2.1,1.7,2.3
SUR01922,EMP00564,2026-05-09,3.9,3.5,2.8,3.8
SUR01923,EMP00565,2025-12-16,3.2,3.2,3.1,4.0
SUR01924,EMP00565,2026-03-28,3.8,4.1,3.6,4.2
SUR01925,EMP00565,2026-06-29,3.8,4.3,4.3,5.0
SUR01926,EMP00566,2023-10-02,4.2,4.4,4.1,4.6
SUR01927,EMP00566,2024-01-18,3.9,3.8,4.1,3.8
SUR01928,EMP00566,2024-04-10,2.2,2.3,2.0,2.8
SUR01929,EMP00566,2024-07-03,3.8,4.0,4.0,3.5
SUR01930,EMP00566,2024-09-30,4.5,5.0,3.9,4.5
SUR01931,EMP00566,2024-12-20,3.9,3.4,3.3,5.0
SUR01932,EMP00566,2025-03-29,3.6,3.8,4.3,5.0
SUR01933,EMP00566,2025-07-15,3.9,4.0,4.1,3.7
SUR01934,EMP00566,2025-10-22,4.1,4.2,3.3,4.6
SUR01935,EMP00566,2026-01-30,3.4,3.1,2.7,4.1
SUR01936,EMP00566,2026-05-01,3.7,3.9,3.0,3.8
SUR01937,EMP00567,2026-07-13,3.7,3.9,3.6,4.0
SUR01938,EMP00569,2023-07-27,3.7,3.6,3.6,4.2
SUR01939,EMP00569,2023-10-22,3.3,2.6,3.2,3.7
SUR01940,EMP00569,2024-01-30,3.7,4.0,3.7,4.0
SUR01941,EMP00569,2024-05-10,4.0,4.0,3.6,4.3
SUR01942,EMP00569,2024-08-15,3.1,3.5,2.9,3.6
SUR01943,EMP00569,2024-11-30,2.8,2.2,1.5,3.5
SUR01944,EMP00569,2025-03-06,3.8,3.5,3.2,4.6
SUR01945,EMP00569,2025-06-20,3.0,3.1,3.8,3.8
SUR01946,EMP00569,2025-09-28,3.2,3.1,3.8,3.4
SUR01947,EMP00569,2025-12-30,3.1,3.4,2.6,3.2
SUR01948,EMP00569,2026-03-25,4.0,3.6,5.0,4.5
SUR01949,EMP00569,2026-07-10,4.1,4.2,3.7,4.3
SUR01950,EMP00570,2024-11-17,3.2,3.2,2.9,3.9
SUR01951,EMP00570,2025-02-06,,1.5,2.2,1.7
SUR01952,EMP00570,2025-05-18,2.0,1.4,1.9,2.2
SUR01953,EMP00571,2026-05-13,,4.0,3.6,4.0
SUR01954,EMP00572,2026-04-09,3.3,2.9,2.7,3.1
SUR01955,EMP00572,2026-07-08,3.9,3.6,4.9,4.7
SUR01956,EMP00573,2024-06-05,2.7,2.6,3.1,3.4
SUR01957,EMP00573,2024-09-15,1.9,1.9,1.2,2.1
SUR01958,EMP00573,2024-12-31,1.6,1.0,2.4,1.3
SUR01959,EMP00574,2024-07-31,2.2,2.2,2.3,2.9
SUR01960,EMP00574,2024-11-09,2.8,2.4,2.7,3.6
SUR01961,EMP00574,2025-02-22,3.0,2.7,3.0,4.3
SUR01962,EMP00574,2025-05-15,4.5,4.9,4.6,4.6
SUR01963,EMP00574,2025-08-30,,3.4,3.2,3.7
SUR01964,EMP00574,2025-12-14,3.0,3.4,3.1,3.8
SUR01965,EMP00574,2026-03-10,5.0,5.0,4.3,4.7
SUR01966,EMP00574,2026-06-23,2.6,2.3,3.1,3.4
SUR01967,EMP00575,2025-03-29,4.1,4.2,3.5,4.3
SUR01968,EMP00575,2025-07-08,4.0,4.3,4.8,3.3
SUR01969,EMP00575,2025-10-06,3.7,4.1,2.5,3.1
SUR01970,EMP00575,2026-01-15,2.8,3.2,3.7,3.2
SUR01971,EMP00575,2026-04-12,4.2,4.3,4.7,5.0
SUR01972,EMP00576,2025-07-01,2.5,2.4,1.8,2.8
SUR01973,EMP00576,2025-10-06,3.4,3.1,3.9,3.8
SUR01974,EMP00576,2026-01-18,3.4,3.3,3.4,3.9
SUR01975,EMP00576,2026-04-12,4.2,4.2,3.1,3.2
SUR01976,EMP00576,2026-07-05,3.8,4.2,3.9,3.6
SUR01977,EMP00577,2025-12-23,3.3,3.8,3.4,3.5
SUR01978,EMP00577,2026-03-31,4.2,4.3,4.3,4.7
SUR01979,EMP00577,2026-06-22,,3.8,3.4,4.2
SUR01980,EMP00578,2025-03-09,2.1,2.7,2.7,1.8
SUR01981,EMP00578,2025-06-11,2.4,2.8,3.0,1.8
SUR01982,EMP00578,2025-09-25,3.0,2.7,2.8,2.3
SUR01983,EMP00578,2025-12-28,3.1,2.6,3.5,3.0
SUR01984,EMP00578,2026-04-05,3.0,2.6,2.7,2.5
SUR01985,EMP00578,2026-06-27,2.8,2.4,2.9,1.9
SUR01986,EMP00579,2025-07-05,3.0,2.7,3.7,3.7
SUR01987,EMP00579,2025-09-25,2.6,3.2,2.1,3.1
SUR01988,EMP00580,2026-04-29,3.4,3.7,3.3,3.8
SUR01989,EMP00581,2023-04-17,1.0,1.9,1.0,1.0
SUR01990,EMP00582,2024-10-10,2.6,2.9,2.2,2.9
SUR01991,EMP00582,2025-01-03,2.2,2.6,3.1,3.0
SUR01992,EMP00582,2025-04-05,3.6,3.7,3.7,4.3
SUR01993,EMP00582,2025-07-13,3.9,3.9,3.6,4.1
SUR01994,EMP00582,2025-10-26,3.8,4.4,4.0,3.8
SUR01995,EMP00582,2026-01-15,4.0,3.6,3.9,4.8
SUR01996,EMP00582,2026-04-24,3.0,3.1,4.3,3.4
SUR01997,EMP00582,2026-07-26,3.7,4.1,3.4,3.8
SUR01998,EMP00583,2026-03-06,2.8,2.8,2.4,2.2
SUR01999,EMP00583,2026-06-08,3.0,3.1,3.9,2.5
SUR02000,EMP00585,2025-08-29,3.7,3.7,3.3,4.8
SUR02001,EMP00585,2025-12-03,3.7,3.8,3.8,3.6
SUR02002,EMP00585,2026-03-05,3.0,2.5,2.3,3.1
SUR02003,EMP00585,2026-06-13,3.6,3.6,3.3,4.0
SUR02004,EMP00586,2025-09-05,4.3,3.9,4.3,4.6
SUR02005,EMP00586,2025-12-14,3.1,3.5,3.0,3.3
SUR02006,EMP00586,2026-03-06,4.3,3.8,3.7,4.1
SUR02007,EMP00586,2026-05-26,3.1,4.0,3.6,3.4
SUR02008,EMP00587,2024-01-13,2.5,1.8,2.4,2.7
SUR02009,EMP00587,2024-04-03,3.8,5.0,4.3,5.0
SUR02010,EMP00587,2024-06-29,2.9,2.9,2.7,3.1
SUR02011,EMP00587,2024-09-26,3.4,3.5,3.5,3.0
SUR02012,EMP00587,2025-01-09,3.7,3.4,4.5,4.0
SUR02013,EMP00587,2025-04-24,3.3,2.7,2.7,3.2
SUR02014,EMP00588,2025-06-21,4.4,4.2,4.8,4.9
SUR02015,EMP00588,2025-10-03,3.6,4.1,5.0,4.8
SUR02016,EMP00588,2025-12-30,3.3,3.3,3.4,3.2
SUR02017,EMP00588,2026-04-09,3.5,3.1,2.8,3.9
SUR02018,EMP00588,2026-07-26,3.0,3.1,3.5,3.2
SUR02019,EMP00589,2025-09-18,3.7,3.2,3.9,4.0
SUR02020,EMP00589,2025-12-17,4.2,4.0,4.2,4.4
SUR02021,EMP00589,2026-03-19,4.0,3.9,3.2,3.5
SUR02022,EMP00589,2026-06-22,3.7,3.7,3.8,4.1
SUR02023,EMP00590,2024-09-08,,3.7,3.8,5.0
SUR02024,EMP00590,2024-12-04,2.9,3.0,4.0,3.3
SUR02025,EMP00591,2024-11-11,3.7,3.4,3.6,4.1
SUR02026,EMP00591,2025-02-04,5.0,5.0,5.0,5.0
SUR02027,EMP00591,2025-05-21,4.1,3.6,4.1,4.0
SUR02028,EMP00591,2025-08-19,2.9,2.9,2.3,3.6
SUR02029,EMP00591,2025-11-24,2.3,2.4,2.8,3.8
SUR02030,EMP00591,2026-02-24,4.1,4.0,,4.8
SUR02031,EMP00591,2026-05-25,,3.4,3.3,3.7
SUR02032,EMP00592,2025-03-12,3.6,3.0,4.1,4.6
SUR02033,EMP00592,2025-06-15,4.0,4.2,,5.0
SUR02034,EMP00592,2025-09-18,3.2,3.3,2.5,3.5
SUR02035,EMP00592,2025-12-12,3.0,2.3,2.3,3.1
SUR02036,EMP00592,2026-03-21,3.1,3.0,3.5,4.4
SUR02037,EMP00592,2026-06-30,3.5,3.5,3.3,3.9
SUR02038,EMP00593,2023-02-13,1.6,1.5,2.7,2.5
SUR02039,EMP00594,2025-01-22,3.8,3.7,3.9,3.9
SUR02040,EMP00594,2025-04-23,3.3,3.4,3.6,3.0
SUR02041,EMP00594,2025-08-09,3.9,4.6,3.7,3.7
SUR02042,EMP00594,2025-11-10,4.0,3.2,3.6,4.2
SUR02043,EMP00594,2026-02-14,2.8,3.0,3.8,3.4
SUR02044,EMP00594,2026-05-11,3.1,3.2,2.9,3.1
SUR02045,EMP00595,2024-08-15,2.3,3.2,2.6,3.1
SUR02046,EMP00595,2024-11-07,2.9,2.6,3.9,4.1
SUR02047,EMP00595,2025-01-29,3.4,3.9,3.2,2.9
SUR02048,EMP00595,2025-04-27,2.8,2.5,2.5,3.2
SUR02049,EMP00595,2025-08-11,4.4,4.1,4.6,4.8
SUR02050,EMP00595,2025-11-01,3.8,4.8,3.1,4.6
SUR02051,EMP00595,2026-01-27,2.5,2.3,3.9,3.3
SUR02052,EMP00596,2024-12-31,,2.1,2.8,3.1
SUR02053,EMP00596,2025-04-08,3.6,3.5,3.6,3.8
SUR02054,EMP00596,2025-07-13,2.5,2.6,2.8,3.0
SUR02055,EMP00596,2025-10-09,3.9,4.0,3.3,4.7
SUR02056,EMP00596,2026-01-07,3.2,3.2,3.3,3.8
SUR02057,EMP00596,2026-04-04,2.4,2.2,3.9,3.5
SUR02058,EMP00596,2026-07-12,2.9,3.0,3.0,3.4
SUR02059,EMP00600,2026-02-20,3.3,3.5,3.8,4.2
SUR02060,EMP00600,2026-05-12,3.3,3.2,3.6,3.2
SUR02061,EMP00601,2026-05-15,3.4,3.9,3.9,4.0
SUR02062,EMP00603,2023-11-03,2.8,3.3,2.5,3.6
SUR02063,EMP00603,2024-02-18,4.3,4.8,4.6,4.1
SUR02064,EMP00603,2024-05-26,3.3,2.9,,3.4
SUR02065,EMP00603,2024-09-01,1.7,1.9,2.9,1.6
SUR02066,EMP00603,2024-12-11,,2.9,3.1,3.9
SUR02067,EMP00604,2025-09-27,2.5,2.5,1.9,2.0
SUR02068,EMP00604,2025-12-26,2.8,3.6,1.8,3.2
SUR02069,EMP00604,2026-04-04,4.0,3.2,4.2,4.6
SUR02070,EMP00604,2026-07-04,3.4,3.2,3.5,3.3
SUR02071,EMP00607,2025-05-29,2.9,3.3,2.9,4.1
SUR02072,EMP00607,2025-08-26,3.5,3.2,3.5,4.0
SUR02073,EMP00607,2025-12-09,3.2,3.2,3.5,3.7
SUR02074,EMP00607,2026-03-15,3.4,3.5,3.0,3.1
SUR02075,EMP00607,2026-06-26,2.6,2.6,2.9,3.2
SUR02076,EMP00608,2024-03-23,3.7,3.6,3.3,3.5
SUR02077,EMP00608,2024-06-26,3.5,3.0,2.8,3.3
SUR02078,EMP00608,2024-10-03,3.8,3.3,3.7,3.3
SUR02079,EMP00608,2025-01-08,3.6,3.6,3.3,3.1
SUR02080,EMP00608,2025-04-13,,2.4,2.8,2.8
SUR02081,EMP00608,2025-07-22,4.0,3.9,3.2,3.4
SUR02082,EMP00608,2025-10-25,3.1,3.2,3.4,3.7
SUR02083,EMP00608,2026-01-25,3.3,3.5,3.5,4.2
SUR02084,EMP00608,2026-04-22,3.4,3.0,4.1,3.5
SUR02085,EMP00608,2026-07-23,3.3,3.6,4.0,3.5
SUR02086,EMP00609,2024-11-26,1.9,2.0,2.2,1.6
SUR02087,EMP00609,2025-02-27,2.6,2.7,2.3,2.8
SUR02088,EMP00609,2025-05-26,2.9,2.6,1.8,2.1
SUR02089,EMP00609,2025-08-26,3.0,4.0,2.6,3.0
SUR02090,EMP00609,2025-12-06,2.5,2.6,3.3,2.7
SUR02091,EMP00609,2026-03-06,4.2,4.5,4.4,2.9
SUR02092,EMP00609,2026-05-27,2.5,3.3,2.0,2.0
SUR02093,EMP00610,2025-03-06,3.5,3.2,3.7,4.1
SUR02094,EMP00610,2025-06-20,2.8,2.4,3.0,2.7
SUR02095,EMP00610,2025-09-09,3.3,2.8,,3.2
SUR02096,EMP00610,2025-12-22,4.2,4.5,4.3,3.2
SUR02097,EMP00610,2026-03-24,3.7,3.4,4.0,3.8
SUR02098,EMP00610,2026-07-01,3.0,2.8,2.6,4.0
SUR02099,EMP00611,2026-01-24,,4.3,4.7,4.1
SUR02100,EMP00611,2026-04-30,3.9,4.0,3.1,4.8
SUR02101,EMP00612,2025-10-02,3.9,4.0,4.3,4.9
SUR02102,EMP00612,2026-01-11,3.9,4.5,3.4,4.1
SUR02103,EMP00612,2026-04-26,3.6,3.7,3.3,4.9
SUR02104,EMP00612,2026-07-21,,3.6,2.6,2.6
SUR02105,EMP00615,2025-11-24,4.6,5.0,3.9,4.3
SUR02106,EMP00615,2026-02-25,3.8,4.1,3.6,4.0
SUR02107,EMP00615,2026-05-26,3.5,3.4,4.3,3.8
SUR02108,EMP00616,2024-09-19,2.0,1.7,2.3,2.3
SUR02109,EMP00617,2024-01-01,2.4,2.0,1.0,1.8
SUR02110,EMP00617,2024-04-17,1.8,1.9,1.4,1.8
SUR02111,EMP00618,2024-05-27,4.1,4.4,4.5,4.3
SUR02112,EMP00618,2024-09-12,3.5,3.0,4.5,3.7
SUR02113,EMP00618,2024-12-21,2.6,2.2,3.0,3.4
SUR02114,EMP00618,2025-03-27,2.6,2.4,2.6,3.5
SUR02115,EMP00618,2025-06-24,3.7,3.8,3.7,3.2
SUR02116,EMP00618,2025-09-15,3.1,3.2,3.7,3.8
SUR02117,EMP00618,2025-12-10,2.2,2.5,1.7,2.5
SUR02118,EMP00618,2026-03-21,3.5,3.3,3.7,4.5
SUR02119,EMP00619,2024-10-29,1.4,1.6,2.1,1.4
SUR02120,EMP00619,2025-02-07,2.6,3.2,2.6,3.3
SUR02121,EMP00619,2025-05-24,2.2,1.6,2.3,3.2
SUR02122,EMP00619,2025-09-08,2.8,2.5,2.3,2.4
SUR02123,EMP00619,2025-12-10,2.2,2.5,2.4,2.8
SUR02124,EMP00619,2026-03-11,2.4,2.3,2.3,2.3
SUR02125,EMP00620,2024-05-06,3.2,3.4,3.2,3.2
SUR02126,EMP00620,2024-08-02,3.4,3.1,3.9,2.8
SUR02127,EMP00620,2024-11-04,3.4,3.2,3.0,2.8
SUR02128,EMP00620,2025-01-26,2.2,2.4,1.4,1.9
SUR02129,EMP00620,2025-04-26,3.0,3.4,2.1,2.8
SUR02130,EMP00621,2024-07-03,4.2,4.5,4.2,3.8
SUR02131,EMP00621,2024-10-10,3.5,3.3,3.7,3.4
SUR02132,EMP00621,2025-01-21,,1.9,3.1,2.8
SUR02133,EMP00621,2025-05-02,3.7,2.9,3.8,4.7
SUR02134,EMP00621,2025-08-10,3.2,3.1,3.5,4.5
SUR02135,EMP00621,2025-11-16,3.4,3.4,3.9,4.2
SUR02136,EMP00621,2026-02-28,2.7,2.0,3.9,3.7
SUR02137,EMP00621,2026-05-25,3.8,2.8,4.0,4.3
SUR02138,EMP00622,2024-11-28,3.7,4.2,3.6,3.6
SUR02139,EMP00622,2025-03-09,4.1,4.5,3.0,4.8
SUR02140,EMP00622,2025-06-10,3.5,3.3,2.7,2.9
SUR02141,EMP00622,2025-09-22,3.4,3.1,3.8,3.8
SUR02142,EMP00622,2026-01-03,4.1,3.6,4.1,4.5
SUR02143,EMP00622,2026-04-21,3.2,2.7,2.9,3.2
SUR02144,EMP00622,2026-07-22,2.8,2.0,3.3,3.7
SUR02145,EMP00623,2024-06-27,1.8,1.9,1.8,2.6
SUR02146,EMP00623,2024-10-07,1.1,1.1,1.0,1.1
SUR02147,EMP00623,2025-01-02,2.3,3.1,1.6,2.7
SUR02148,EMP00625,2023-10-08,2.0,1.9,2.8,2.3
SUR02149,EMP00625,2024-01-04,1.6,1.4,1.4,1.8
SUR02150,EMP00626,2025-09-19,1.9,2.4,2.9,2.4
SUR02151,EMP00627,2025-05-08,3.9,3.8,3.6,3.7
SUR02152,EMP00627,2025-08-18,4.3,3.7,4.3,5.0
SUR02153,EMP00627,2025-11-20,3.6,4.1,3.4,3.6
SUR02154,EMP00627,2026-02-25,4.4,4.3,4.6,4.4
SUR02155,EMP00627,2026-06-03,4.4,4.6,3.4,3.8
SUR02156,EMP00629,2024-02-05,2.1,2.0,3.0,2.1
SUR02157,EMP00633,2026-06-10,3.7,3.2,3.6,4.1
SUR02158,EMP00635,2024-06-14,4.1,3.9,,3.9
SUR02159,EMP00635,2024-09-10,3.5,3.8,3.3,4.2
SUR02160,EMP00635,2024-12-27,4.2,4.2,4.1,4.0
SUR02161,EMP00635,2025-03-30,3.6,3.4,3.2,3.6
SUR02162,EMP00635,2025-07-04,3.1,3.7,4.1,3.5
SUR02163,EMP00635,2025-10-08,4.7,4.5,4.2,3.7
SUR02164,EMP00635,2026-01-21,3.0,1.8,2.5,3.7
SUR02165,EMP00635,2026-04-24,3.4,3.1,2.5,3.7
SUR02166,EMP00635,2026-07-18,3.5,4.3,3.1,4.1
SUR02167,EMP00636,2026-01-11,3.6,4.3,3.6,4.1
SUR02168,EMP00636,2026-04-29,4.0,3.6,4.2,4.9
SUR02169,EMP00638,2025-10-08,3.5,3.6,3.1,3.8
SUR02170,EMP00638,2025-12-29,3.3,3.2,3.3,3.5
SUR02171,EMP00638,2026-04-11,4.0,3.6,3.4,3.7
SUR02172,EMP00638,2026-07-06,4.4,4.3,4.4,4.5
SUR02173,EMP00639,2025-10-20,3.1,2.9,3.6,2.9
SUR02174,EMP00639,2026-01-26,4.1,3.8,4.3,5.0
SUR02175,EMP00639,2026-04-22,4.2,4.3,3.8,4.3
SUR02176,EMP00640,2024-11-23,3.2,3.4,2.6,2.6
SUR02177,EMP00640,2025-02-21,2.8,2.9,3.3,2.1
SUR02178,EMP00640,2025-05-31,3.0,3.1,4.1,3.2
SUR02179,EMP00640,2025-09-11,3.0,2.9,2.9,2.1
SUR02180,EMP00640,2025-12-02,3.0,2.8,2.3,3.4
SUR02181,EMP00640,2026-02-25,3.1,2.9,3.4,2.2
SUR02182,EMP00640,2026-06-05,3.0,3.5,3.8,2.6
SUR02183,EMP00641,2026-04-03,3.0,3.1,3.3,3.4
SUR02184,EMP00641,2026-06-29,4.1,4.1,4.1,4.2
SUR02185,EMP00642,2024-07-22,2.4,2.7,2.8,1.9
SUR02186,EMP00642,2024-10-31,2.4,2.2,2.8,2.5
SUR02187,EMP00643,2025-01-02,2.7,2.6,2.9,3.6
SUR02188,EMP00643,2025-04-05,4.0,3.5,3.4,4.1
SUR02189,EMP00643,2025-07-24,2.7,2.1,2.5,2.8
SUR02190,EMP00643,2025-10-12,2.6,1.7,3.7,3.7
SUR02191,EMP00643,2026-01-06,3.5,3.2,2.9,3.6
SUR02192,EMP00643,2026-04-18,2.6,3.0,2.8,3.6
SUR02193,EMP00643,2026-07-25,4.2,4.3,3.6,4.4
SUR02194,EMP00644,2025-05-14,3.6,3.4,3.7,4.2
SUR02195,EMP00644,2025-08-06,3.2,3.5,2.6,3.2
SUR02196,EMP00644,2025-11-01,3.6,3.2,2.1,3.6
SUR02197,EMP00644,2026-02-16,4.3,5.0,4.7,5.0
SUR02198,EMP00644,2026-06-01,4.3,3.9,3.8,4.2
SUR02199,EMP00645,2025-08-27,4.3,4.6,4.9,5.0
SUR02200,EMP00645,2025-12-07,,2.3,3.4,3.9
SUR02201,EMP00645,2026-03-12,4.2,4.4,4.4,3.9
SUR02202,EMP00645,2026-06-02,3.9,4.1,4.1,4.4
SUR02203,EMP00646,2024-09-25,3.7,3.9,4.9,4.3
SUR02204,EMP00646,2025-01-05,3.5,4.2,3.8,4.2
SUR02205,EMP00646,2025-04-12,2.9,3.2,3.5,3.4
SUR02206,EMP00646,2025-07-27,4.1,3.8,3.3,4.1
SUR02207,EMP00646,2025-10-29,4.1,4.1,5.0,3.9
SUR02208,EMP00646,2026-01-20,4.4,4.7,4.5,5.0
SUR02209,EMP00646,2026-04-22,4.3,4.3,4.5,3.5
SUR02210,EMP00646,2026-07-22,2.7,2.7,2.4,3.8
SUR02211,EMP00647,2024-02-15,4.0,4.4,3.9,3.6
SUR02212,EMP00647,2024-05-28,4.4,4.8,5.0,4.9
SUR02213,EMP00647,2024-09-01,2.8,2.5,2.0,2.9
SUR02214,EMP00647,2024-12-18,3.6,3.7,3.8,3.3
SUR02215,EMP00647,2025-03-22,3.0,3.7,3.2,3.1
SUR02216,EMP00647,2025-06-23,3.0,2.8,2.4,2.4
SUR02217,EMP00647,2025-10-03,3.0,2.9,3.3,3.4
SUR02218,EMP00647,2026-01-17,2.5,2.3,2.8,2.2
SUR02219,EMP00648,2025-11-20,2.6,2.5,2.1,3.6
SUR02220,EMP00648,2026-03-04,3.3,3.5,3.0,3.0
SUR02221,EMP00648,2026-06-01,3.3,3.5,3.2,4.1
SUR02222,EMP00649,2024-12-28,3.7,3.7,3.3,3.8
SUR02223,EMP00649,2025-04-08,4.1,4.6,4.0,4.3
SUR02224,EMP00649,2025-07-12,4.9,5.0,4.8,3.3
SUR02225,EMP00649,2025-10-07,3.2,2.9,3.3,2.9
SUR02226,EMP00649,2026-01-14,4.2,3.8,2.9,4.4
SUR02227,EMP00649,2026-04-14,2.6,2.3,2.7,3.5
SUR02228,EMP00649,2026-07-22,4.1,3.8,3.2,4.5
SUR02229,EMP00650,2025-10-23,3.0,3.6,3.1,3.2
SUR02230,EMP00650,2026-02-05,,3.1,3.4,2.5
SUR02231,EMP00650,2026-04-27,4.0,4.0,3.8,3.9
SUR02232,EMP00651,2024-05-27,3.2,2.2,3.9,3.5
SUR02233,EMP00651,2024-08-26,2.4,1.9,1.8,3.5
SUR02234,EMP00651,2024-11-29,3.4,3.6,3.7,4.0
SUR02235,EMP00651,2025-02-24,2.1,2.1,2.3,2.5
SUR02236,EMP00651,2025-06-05,1.6,1.8,2.1,2.4
SUR02237,EMP00653,2025-09-20,4.3,3.6,4.1,4.8
SUR02238,EMP00653,2026-01-07,,4.0,4.5,4.2
SUR02239,EMP00653,2026-04-24,3.7,3.5,3.6,4.1
SUR02240,EMP00653,2026-07-24,2.9,3.4,3.4,3.2
SUR02241,EMP00654,2023-06-02,3.5,2.8,4.1,3.8
SUR02242,EMP00654,2023-09-02,,3.3,3.7,4.0
SUR02243,EMP00654,2023-11-28,3.5,3.4,4.1,4.0
SUR02244,EMP00654,2024-03-10,3.3,2.8,2.7,4.1
SUR02245,EMP00654,2024-05-31,,2.5,2.8,3.4
SUR02246,EMP00654,2024-09-07,2.8,3.6,3.1,3.0
SUR02247,EMP00654,2024-12-23,2.1,1.3,1.0,2.3
SUR02248,EMP00654,2025-03-27,4.0,3.9,3.9,3.9
SUR02249,EMP00654,2025-07-09,2.5,2.9,2.7,3.0
SUR02250,EMP00654,2025-10-19,4.1,4.3,3.6,5.0
SUR02251,EMP00654,2026-01-24,2.8,2.7,2.6,2.1
SUR02252,EMP00654,2026-04-19,3.2,3.0,4.2,3.6
SUR02253,EMP00654,2026-07-20,3.8,3.3,3.5,3.2
SUR02254,EMP00655,2025-02-19,4.3,4.1,4.7,3.5
SUR02255,EMP00655,2025-05-11,2.2,2.4,2.3,2.0
SUR02256,EMP00655,2025-08-03,3.0,2.5,2.5,2.4
SUR02257,EMP00655,2025-11-19,4.3,4.5,4.3,3.2
SUR02258,EMP00655,2026-02-25,2.6,3.1,2.1,2.3
SUR02259,EMP00655,2026-05-26,3.6,3.8,2.8,3.0
SUR02260,EMP00656,2024-04-02,,2.9,1.5,2.9
SUR02261,EMP00657,2023-07-09,3.2,3.2,2.7,3.9
SUR02262,EMP00657,2023-10-19,4.1,4.1,3.6,4.3
SUR02263,EMP00660,2026-06-17,3.3,3.2,3.5,4.0
SUR02264,EMP00661,2024-10-25,2.9,3.4,2.9,3.1
SUR02265,EMP00661,2025-01-25,3.3,2.4,2.5,3.2
SUR02266,EMP00661,2025-04-25,2.7,3.0,1.7,3.5
SUR02267,EMP00662,2026-02-10,4.7,4.6,5.0,4.4
SUR02268,EMP00662,2026-05-29,3.2,3.6,3.2,3.8
SUR02269,EMP00663,2026-04-26,4.3,4.0,3.4,4.7
SUR02270,EMP00663,2026-07-27,2.7,2.9,3.1,3.4
SUR02271,EMP00664,2025-11-22,3.2,2.9,2.3,3.4
SUR02272,EMP00664,2026-02-11,4.3,4.7,4.7,4.4
SUR02273,EMP00664,2026-05-28,3.7,4.0,,3.5
SUR02274,EMP00665,2025-07-16,3.9,4.1,2.6,3.9
SUR02275,EMP00665,2025-10-18,3.6,3.5,3.4,3.5
SUR02276,EMP00665,2026-01-25,4.0,4.5,3.8,3.3
SUR02277,EMP00665,2026-05-03,4.8,5.0,4.7,5.0
SUR02278,EMP00666,2025-05-24,3.6,3.7,4.3,4.7
SUR02279,EMP00666,2025-09-08,4.0,4.2,4.1,3.8
SUR02280,EMP00666,2025-12-16,3.1,3.1,5.0,3.6
SUR02281,EMP00666,2026-03-07,3.0,3.1,2.7,3.7
SUR02282,EMP00666,2026-05-30,3.8,4.1,3.7,4.6
SUR02283,EMP00667,2025-02-16,3.4,3.0,3.3,4.1
SUR02284,EMP00667,2025-05-25,3.8,3.2,3.8,4.2
SUR02285,EMP00667,2025-08-26,3.0,2.5,,4.1
SUR02286,EMP00667,2025-11-22,3.6,3.7,3.2,3.6
SUR02287,EMP00667,2026-02-16,3.4,3.9,2.7,3.9
SUR02288,EMP00667,2026-05-11,3.4,3.5,3.8,4.3
SUR02289,EMP00669,2026-06-11,2.6,3.1,2.5,2.0
SUR02290,EMP00674,2024-06-02,2.4,2.5,3.1,2.7
SUR02291,EMP00674,2024-08-26,4.2,4.1,3.8,4.7
SUR02292,EMP00674,2024-12-03,3.9,4.4,4.1,4.4
SUR02293,EMP00674,2025-03-11,3.4,3.5,3.0,3.3
SUR02294,EMP00674,2025-06-13,3.4,3.4,2.8,4.1
SUR02295,EMP00674,2025-09-05,3.2,3.0,3.0,3.6
SUR02296,EMP00674,2025-12-13,,3.9,3.9,4.0
SUR02297,EMP00674,2026-03-04,3.9,4.1,3.4,4.4
SUR02298,EMP00674,2026-06-13,,3.5,3.2,3.8
SUR02299,EMP00675,2023-07-31,3.6,4.0,3.5,2.9
SUR02300,EMP00675,2023-11-15,3.9,3.7,3.3,3.4
SUR02301,EMP00675,2024-03-03,3.4,3.8,2.9,2.2
SUR02302,EMP00675,2024-06-02,2.3,3.0,2.6,1.8
SUR02303,EMP00675,2024-08-29,2.9,3.1,2.6,2.8
SUR02304,EMP00675,2024-12-02,1.5,1.1,1.2,1.5
SUR02305,EMP00675,2025-02-23,2.5,2.8,2.4,2.0
SUR02306,EMP00675,2025-06-05,2.8,2.3,2.8,2.0
SUR02307,EMP00675,2025-09-17,1.9,2.0,2.0,1.8
SUR02308,EMP00676,2026-03-21,2.4,2.4,2.2,3.3
SUR02309,EMP00676,2026-07-08,2.5,2.9,2.2,3.5
SUR02310,EMP00677,2025-10-28,3.6,3.8,3.2,3.9
SUR02311,EMP00677,2026-01-17,3.6,3.7,3.3,3.6
SUR02312,EMP00677,2026-04-12,3.2,3.8,3.2,4.3
SUR02313,EMP00677,2026-07-14,4.1,4.1,4.8,4.8
SUR02314,EMP00678,2026-06-15,3.7,3.3,4.9,4.2
SUR02315,EMP00679,2024-04-02,4.1,4.0,4.1,4.3
SUR02316,EMP00679,2024-07-17,4.2,4.3,3.6,4.2
SUR02317,EMP00679,2024-10-24,3.6,2.9,2.4,3.7
SUR02318,EMP00679,2025-01-31,3.0,2.7,2.6,3.4
SUR02319,EMP00679,2025-05-08,3.0,3.2,3.8,3.3
SUR02320,EMP00679,2025-08-14,2.4,2.7,1.7,2.5
SUR02321,EMP00679,2025-11-05,2.1,1.8,2.5,2.1
SUR02322,EMP00679,2026-02-16,,4.0,2.9,2.9
SUR02323,EMP00680,2026-05-04,3.3,3.4,3.8,3.7
SUR02324,EMP00681,2024-07-03,4.0,4.2,3.6,4.1
SUR02325,EMP00681,2024-10-09,2.9,2.1,3.4,3.1
SUR02326,EMP00681,2025-01-05,2.3,2.8,1.6,2.4
SUR02327,EMP00681,2025-04-14,1.5,1.0,1.0,2.3
SUR02328,EMP00682,2024-05-09,4.3,3.6,4.3,3.9
SUR02329,EMP00682,2024-08-18,3.5,4.3,3.8,3.3
SUR02330,EMP00682,2024-11-19,3.2,3.5,2.5,3.1
SUR02331,EMP00682,2025-02-15,2.2,2.3,1.4,2.6
SUR02332,EMP00682,2025-05-22,2.8,2.4,3.1,3.3
SUR02333,EMP00683,2024-05-25,2.4,2.2,2.7,3.4
SUR02334,EMP00684,2026-06-27,2.4,2.6,2.3,4.0
SUR02335,EMP00686,2025-09-06,3.4,3.5,3.3,3.3
SUR02336,EMP00686,2025-12-16,3.5,3.5,3.5,4.7
SUR02337,EMP00686,2026-04-02,3.6,3.7,4.6,4.6
SUR02338,EMP00686,2026-07-04,2.1,2.9,2.5,3.2
SUR02339,EMP00687,2025-03-07,2.8,2.5,2.0,1.9
SUR02340,EMP00687,2025-06-24,1.6,1.7,1.6,2.2
SUR02341,EMP00687,2025-10-01,2.1,2.1,2.4,1.3
SUR02342,EMP00687,2025-12-24,3.4,3.4,2.6,3.0
SUR02343,EMP00687,2026-04-01,1.1,1.2,1.7,1.0
SUR02344,EMP00687,2026-06-28,2.8,2.0,2.6,2.1
SUR02345,EMP00688,2026-07-09,4.1,4.2,3.1,3.9
SUR02346,EMP00689,2025-04-21,3.9,4.2,3.7,3.6
SUR02347,EMP00689,2025-07-28,3.6,3.2,3.6,4.5
SUR02348,EMP00689,2025-10-23,3.2,2.9,2.6,4.0
SUR02349,EMP00689,2026-01-22,4.2,4.7,4.3,4.3
SUR02350,EMP00689,2026-05-05,4.0,4.9,4.1,4.0
SUR02351,EMP00690,2026-06-27,1.8,1.4,2.0,2.8
SUR02352,EMP00691,2025-05-31,2.4,2.6,2.4,3.2
SUR02353,EMP00691,2025-09-15,2.9,2.9,2.4,2.3
SUR02354,EMP00691,2025-12-17,3.5,3.4,3.5,4.5
SUR02355,EMP00691,2026-03-14,3.4,3.2,4.1,3.6
SUR02356,EMP00691,2026-06-28,4.4,4.5,5.0,4.8
SUR02357,EMP00692,2025-03-09,2.6,2.1,2.8,2.7
SUR02358,EMP00693,2025-07-23,2.1,2.1,2.5,3.0
SUR02359,EMP00694,2024-12-23,2.6,3.2,2.8,1.8
SUR02360,EMP00695,2026-04-04,4.8,4.4,4.8,4.9
SUR02361,EMP00695,2026-06-24,3.3,3.0,3.3,3.2
SUR02362,EMP00696,2025-08-03,2.0,1.5,2.1,2.8
SUR02363,EMP00696,2025-11-17,3.4,3.2,3.9,3.9
SUR02364,EMP00696,2026-03-05,3.2,3.3,,3.8
SUR02365,EMP00696,2026-06-15,3.1,3.5,3.8,3.6
SUR02366,EMP00697,2024-09-25,3.7,2.6,,4.1
SUR02367,EMP00697,2024-12-25,,3.5,3.2,3.6
SUR02368,EMP00697,2025-04-08,4.0,4.2,4.4,3.4
SUR02369,EMP00697,2025-07-18,2.9,2.6,2.6,3.2
SUR02370,EMP00697,2025-10-22,3.2,3.7,3.6,4.0
SUR02371,EMP00697,2026-01-30,2.7,2.4,2.0,3.5
SUR02372,EMP00697,2026-04-22,3.7,3.3,3.0,4.1
SUR02373,EMP00699,2025-03-16,3.4,2.6,3.3,3.6
SUR02374,EMP00699,2025-06-10,3.1,2.9,2.5,3.6
SUR02375,EMP00699,2025-09-18,3.2,3.6,3.7,3.2
SUR02376,EMP00699,2025-12-18,3.5,3.3,2.8,3.1
SUR02377,EMP00699,2026-03-12,2.9,2.8,,3.8
SUR02378,EMP00699,2026-06-11,3.8,4.2,3.7,4.3
SUR02379,EMP00700,2025-09-05,1.8,1.8,1.4,1.9
SUR02380,EMP00700,2025-12-03,4.0,3.9,3.9,3.7
SUR02381,EMP00700,2026-03-14,3.8,4.6,3.6,3.6
SUR02382,EMP00700,2026-06-05,3.7,3.8,4.0,3.6
SUR02383,EMP00702,2025-12-21,3.5,3.7,3.7,4.2
SUR02384,EMP00702,2026-03-22,3.0,3.2,4.7,3.1
SUR02385,EMP00702,2026-07-07,3.2,2.8,,4.3
SUR02386,EMP00703,2024-03-03,1.5,1.7,1.7,2.1
SUR02387,EMP00705,2025-12-21,1.9,2.0,1.7,1.1
SUR02388,EMP00706,2025-02-20,3.7,3.1,2.9,2.9
SUR02389,EMP00706,2025-06-06,3.3,3.1,2.8,2.4
SUR02390,EMP00706,2025-09-05,3.1,3.7,2.6,3.0
SUR02391,EMP00706,2025-12-18,2.7,2.8,2.9,2.8
SUR02392,EMP00706,2026-03-25,3.3,3.1,3.2,3.0
SUR02393,EMP00706,2026-07-09,3.3,3.7,3.8,2.5
SUR02394,EMP00707,2024-04-14,2.7,2.9,3.1,3.4
SUR02395,EMP00707,2024-07-05,4.2,4.1,4.2,4.8
SUR02396,EMP00707,2024-10-18,4.4,4.3,4.3,4.7
SUR02397,EMP00707,2025-01-10,1.9,1.9,3.2,3.3
SUR02398,EMP00707,2025-04-20,2.5,2.8,3.1,2.8
SUR02399,EMP00707,2025-07-18,3.7,3.8,3.0,3.3
SUR02400,EMP00707,2025-10-19,3.4,3.3,2.2,3.2
SUR02401,EMP00707,2026-01-09,2.8,3.1,2.6,2.2
SUR02402,EMP00707,2026-04-19,3.2,3.2,2.8,2.6
SUR02403,EMP00708,2026-05-22,4.4,4.3,5.0,4.5
SUR02404,EMP00709,2025-12-14,3.7,4.0,4.2,3.1
SUR02405,EMP00709,2026-03-08,2.8,2.5,3.2,3.2
SUR02406,EMP00709,2026-05-30,4.4,4.4,4.0,4.4
SUR02407,EMP00710,2025-09-03,1.7,1.8,2.1,3.6
SUR02408,EMP00710,2025-11-30,4.3,4.4,3.5,4.0
SUR02409,EMP00710,2026-03-07,3.0,2.7,2.6,3.0
SUR02410,EMP00713,2024-05-08,3.9,3.8,4.2,3.6
SUR02411,EMP00713,2024-07-27,2.6,2.8,2.6,3.5
SUR02412,EMP00713,2024-11-06,2.8,2.5,3.7,3.3
SUR02413,EMP00713,2025-02-11,3.4,3.9,3.3,4.1
SUR02414,EMP00713,2025-05-12,3.6,3.1,4.3,3.4
SUR02415,EMP00713,2025-08-27,3.6,3.9,3.8,3.9
SUR02416,EMP00713,2025-11-25,4.3,4.1,3.8,3.4
SUR02417,EMP00713,2026-03-06,3.3,3.6,3.7,3.5
SUR02418,EMP00713,2026-06-03,3.6,3.7,3.3,2.8
SUR02419,EMP00715,2024-10-02,2.0,2.3,2.1,3.0
SUR02420,EMP00715,2024-12-31,3.7,3.5,3.4,4.2
SUR02421,EMP00715,2025-04-15,2.5,2.0,2.8,3.5
SUR02422,EMP00715,2025-07-28,2.4,3.0,2.7,3.5
SUR02423,EMP00715,2025-10-28,1.4,1.1,1.2,2.2
SUR02424,EMP00717,2023-04-14,4.4,4.0,3.5,4.3
SUR02425,EMP00717,2023-07-09,3.2,3.5,3.2,3.7
SUR02426,EMP00717,2023-10-04,3.9,3.6,3.4,4.5
SUR02427,EMP00717,2023-12-30,3.8,3.4,4.0,4.5
SUR02428,EMP00717,2024-04-16,3.9,3.9,3.0,3.1
SUR02429,EMP00717,2024-07-19,3.3,3.6,2.5,2.7
SUR02430,EMP00717,2024-10-12,4.0,4.2,3.5,3.4
SUR02431,EMP00717,2025-01-22,4.0,4.4,3.4,4.3
SUR02432,EMP00717,2025-05-09,3.7,3.7,4.4,3.6
SUR02433,EMP00717,2025-08-21,3.5,3.7,3.5,3.7
SUR02434,EMP00717,2025-12-02,3.1,3.5,4.2,3.5
SUR02435,EMP00717,2026-03-14,3.8,3.4,3.5,3.8
SUR02436,EMP00717,2026-06-14,3.6,3.5,4.8,3.9
SUR02437,EMP00718,2025-10-14,4.8,4.8,5.0,4.7
SUR02438,EMP00718,2026-01-14,3.5,4.3,3.3,4.8
SUR02439,EMP00718,2026-04-09,3.0,3.5,3.2,3.0
SUR02440,EMP00718,2026-07-12,2.2,2.2,2.2,3.0
SUR02441,EMP00719,2026-04-19,4.4,3.4,4.4,4.8
SUR02442,EMP00721,2025-01-31,3.4,3.2,2.9,3.8
SUR02443,EMP00721,2025-05-14,3.1,3.7,,2.9
SUR02444,EMP00721,2025-08-24,4.0,4.2,3.3,4.5
SUR02445,EMP00721,2025-12-08,3.3,3.0,2.6,3.4
SUR02446,EMP00721,2026-03-24,4.3,3.6,3.4,4.4
SUR02447,EMP00721,2026-07-11,4.4,4.8,3.4,4.5
SUR02448,EMP00722,2026-06-05,3.5,3.4,4.1,4.2
SUR02449,EMP00723,2024-02-26,3.5,3.3,4.0,4.2
SUR02450,EMP00723,2024-05-21,2.5,2.8,2.8,3.8
SUR02451,EMP00723,2024-08-22,3.1,3.2,2.9,3.2
SUR02452,EMP00723,2024-11-17,3.9,3.7,4.3,5.0
SUR02453,EMP00723,2025-02-07,2.9,3.9,3.0,3.2
SUR02454,EMP00723,2025-05-04,3.3,3.2,3.4,4.4
SUR02455,EMP00723,2025-07-29,3.1,3.2,3.4,3.6
SUR02456,EMP00723,2025-10-21,2.3,3.0,2.0,2.4
SUR02457,EMP00723,2026-01-24,2.7,3.0,2.8,2.4
SUR02458,EMP00723,2026-05-13,2.2,2.3,2.7,3.7
SUR02459,EMP00724,2026-06-26,2.9,3.2,2.4,3.9
SUR02460,EMP00725,2024-03-23,2.8,3.2,2.7,2.3
SUR02461,EMP00725,2024-07-05,3.0,3.5,3.7,3.6
SUR02462,EMP00725,2024-10-18,3.6,4.2,4.1,4.3
SUR02463,EMP00725,2025-01-18,3.4,3.2,3.5,3.6
SUR02464,EMP00725,2025-04-18,1.9,1.7,1.7,1.8
SUR02465,EMP00725,2025-07-10,3.8,4.4,4.5,3.8
SUR02466,EMP00725,2025-10-06,2.8,3.1,3.8,3.7
SUR02467,EMP00725,2026-01-02,3.3,3.5,3.3,3.0
SUR02468,EMP00725,2026-04-21,3.3,2.9,4.6,4.2
SUR02469,EMP00726,2025-04-28,,3.5,3.1,3.4
SUR02470,EMP00726,2025-07-29,2.1,2.5,2.2,2.6
SUR02471,EMP00726,2025-11-15,2.3,2.5,1.9,3.2
SUR02472,EMP00726,2026-02-04,2.6,2.0,2.4,3.0
SUR02473,EMP00727,2026-05-29,3.1,2.8,3.4,3.7
SUR02474,EMP00728,2024-05-03,3.3,3.4,4.1,3.9
SUR02475,EMP00728,2024-07-24,3.1,3.2,1.9,3.0
SUR02476,EMP00728,2024-10-23,3.7,3.3,,3.6
SUR02477,EMP00728,2025-01-24,2.8,2.7,2.2,3.6
SUR02478,EMP00728,2025-04-25,1.6,1.6,1.2,1.2
SUR02479,EMP00728,2025-07-28,2.2,1.6,1.6,2.5
SUR02480,EMP00728,2025-11-13,3.2,3.3,3.7,2.9
SUR02481,EMP00729,2024-09-23,4.1,4.2,3.9,4.2
SUR02482,EMP00729,2025-01-10,,4.9,4.1,4.1
SUR02483,EMP00729,2025-04-03,2.9,2.7,2.3,3.7
SUR02484,EMP00729,2025-07-12,2.7,2.2,1.7,2.9
SUR02485,EMP00729,2025-10-12,3.5,3.6,2.4,3.9
SUR02486,EMP00729,2026-01-23,3.6,3.4,3.7,4.3
SUR02487,EMP00729,2026-04-21,3.6,3.8,3.1,4.0
SUR02488,EMP00729,2026-07-18,3.5,2.4,3.5,4.1
SUR02489,EMP00730,2026-03-15,1.9,1.5,1.3,2.4
SUR02490,EMP00730,2026-06-23,3.7,4.2,2.5,4.1
SUR02491,EMP00731,2026-03-07,4.8,4.9,4.7,4.1
SUR02492,EMP00731,2026-06-15,4.0,4.4,3.8,4.6
SUR02493,EMP00732,2025-12-14,3.4,3.2,3.2,3.9
SUR02494,EMP00732,2026-03-05,3.5,3.2,3.7,3.3
SUR02495,EMP00732,2026-06-06,3.5,3.7,2.7,2.9
SUR02496,EMP00733,2026-02-03,2.8,2.1,3.3,3.2
SUR02497,EMP00733,2026-05-04,2.1,1.8,1.0,2.7
SUR02498,EMP00734,2025-09-20,3.7,3.5,2.8,3.8
SUR02499,EMP00734,2025-12-30,,5.0,4.4,5.0
SUR02500,EMP00734,2026-04-13,4.2,4.0,3.6,4.2
SUR02501,EMP00734,2026-07-06,3.5,3.9,4.2,3.5
SUR02502,EMP00735,2024-10-07,1.7,1.7,2.4,2.2
SUR02503,EMP00735,2024-12-29,2.0,2.4,1.3,2.4
SUR02504,EMP00736,2025-02-02,3.5,3.1,3.7,4.0
SUR02505,EMP00736,2025-05-04,4.0,4.7,4.5,5.0
SUR02506,EMP00736,2025-07-29,4.7,4.1,5.0,4.0
SUR02507,EMP00736,2025-10-24,3.1,3.1,4.0,3.7
SUR02508,EMP00736,2026-02-08,5.0,5.0,5.0,5.0
SUR02509,EMP00736,2026-05-05,3.2,2.7,2.9,3.6
SUR02510,EMP00737,2024-06-18,2.2,3.1,3.1,2.9
SUR02511,EMP00737,2024-10-04,3.8,4.5,2.9,3.0
SUR02512,EMP00737,2025-01-02,4.1,3.8,4.5,4.9
SUR02513,EMP00737,2025-04-02,2.3,2.3,2.0,3.2
SUR02514,EMP00737,2025-07-10,4.0,4.0,3.9,4.0
SUR02515,EMP00737,2025-10-24,2.4,2.7,3.1,2.8
SUR02516,EMP00737,2026-01-21,3.2,3.3,3.3,4.0
SUR02517,EMP00737,2026-05-02,3.7,3.9,3.0,4.1
SUR02518,EMP00739,2025-10-13,2.1,1.8,2.5,1.8
SUR02519,EMP00739,2026-01-10,2.7,2.9,3.0,2.3
SUR02520,EMP00739,2026-04-13,3.2,2.5,2.8,2.4
SUR02521,EMP00739,2026-07-23,2.6,2.7,3.4,1.1
SUR02522,EMP00740,2025-04-28,2.7,2.4,2.4,2.2
SUR02523,EMP00740,2025-07-23,3.4,3.2,4.2,2.5
SUR02524,EMP00740,2025-11-02,3.2,2.9,2.7,3.0
SUR02525,EMP00740,2026-02-07,3.3,3.5,3.0,2.4
SUR02526,EMP00740,2026-04-30,3.7,4.0,3.3,3.7
SUR02527,EMP00741,2025-07-20,3.0,3.6,2.3,3.5
SUR02528,EMP00743,2024-05-26,3.7,3.7,4.9,4.3
SUR02529,EMP00743,2024-09-10,3.2,2.5,3.6,3.8
SUR02530,EMP00743,2024-12-26,3.5,3.4,4.2,4.0
SUR02531,EMP00743,2025-04-13,4.1,4.4,4.3,3.9
SUR02532,EMP00743,2025-07-02,4.5,4.5,4.1,3.9
SUR02533,EMP00743,2025-09-30,4.2,4.2,4.6,4.0
SUR02534,EMP00743,2025-12-31,3.5,4.2,3.0,2.7
SUR02535,EMP00743,2026-04-12,3.5,4.3,4.4,3.8
SUR02536,EMP00743,2026-07-18,4.1,4.2,4.7,4.3
SUR02537,EMP00744,2025-11-07,3.4,3.5,2.7,3.7
SUR02538,EMP00745,2025-08-23,2.3,2.3,2.1,2.7
SUR02539,EMP00746,2025-11-13,3.9,4.0,4.2,4.1
SUR02540,EMP00746,2026-02-25,3.5,3.4,3.3,3.6
SUR02541,EMP00746,2026-05-31,4.4,4.2,3.4,3.7
SUR02542,EMP00748,2026-07-06,2.8,2.8,3.2,3.5
SUR02543,EMP00750,2025-10-21,4.3,4.5,4.3,4.6
SUR02544,EMP00750,2026-02-06,4.4,4.7,4.5,4.0
SUR02545,EMP00750,2026-05-20,3.1,2.9,3.0,3.9
SUR02546,EMP00751,2026-02-15,4.0,4.2,3.4,4.0
SUR02547,EMP00751,2026-05-07,3.2,3.1,3.1,3.5
SUR02548,EMP00753,2026-02-18,,2.7,2.3,3.0
SUR02549,EMP00754,2024-05-15,,2.7,2.8,2.6
SUR02550,EMP00754,2024-08-27,2.5,2.9,3.5,2.8
SUR02551,EMP00754,2024-11-20,2.4,1.8,2.7,3.1
SUR02552,EMP00754,2025-03-03,,3.6,3.0,4.0
SUR02553,EMP00754,2025-06-09,3.6,4.1,4.0,4.0
SUR02554,EMP00754,2025-09-22,2.6,2.0,2.8,3.2
SUR02555,EMP00754,2025-12-24,3.4,3.7,3.0,3.3
SUR02556,EMP00754,2026-03-22,3.1,2.8,3.6,3.6
SUR02557,EMP00754,2026-07-08,3.9,4.2,2.6,4.0
SUR02558,EMP00755,2025-10-18,4.2,4.0,3.9,5.0
SUR02559,EMP00755,2026-01-19,3.2,3.1,3.9,4.1
SUR02560,EMP00755,2026-04-10,3.3,3.8,3.1,3.2
SUR02561,EMP00755,2026-07-11,3.5,3.6,3.0,4.1
SUR02562,EMP00756,2025-11-02,3.8,4.0,4.1,4.6
SUR02563,EMP00756,2026-02-08,3.9,3.6,4.0,4.9
SUR02564,EMP00756,2026-05-22,3.9,5.0,3.5,4.3
SUR02565,EMP00757,2025-05-12,4.0,4.0,3.5,3.8
SUR02566,EMP00757,2025-08-17,4.1,5.0,3.9,4.3
SUR02567,EMP00757,2025-11-18,4.4,4.5,3.4,4.9
SUR02568,EMP00757,2026-03-04,3.8,4.4,3.7,3.9
SUR02569,EMP00757,2026-06-11,4.3,4.6,4.1,4.4
SUR02570,EMP00758,2026-03-20,3.1,2.6,3.0,3.1
SUR02571,EMP00758,2026-06-14,3.4,3.4,4.4,3.9
SUR02572,EMP00761,2025-06-19,3.7,4.3,3.7,3.9
SUR02573,EMP00761,2025-09-17,4.2,4.2,4.1,4.7
SUR02574,EMP00761,2025-12-28,3.9,5.0,3.5,4.4
SUR02575,EMP00761,2026-03-23,4.3,4.5,4.1,4.0
SUR02576,EMP00761,2026-06-12,4.7,4.3,4.9,4.7
SUR02577,EMP00762,2024-02-12,3.6,3.4,3.2,4.0
SUR02578,EMP00762,2024-05-25,3.8,3.7,3.9,4.3
SUR02579,EMP00762,2024-08-26,4.8,4.5,4.6,4.6
SUR02580,EMP00762,2024-12-08,3.8,3.2,4.3,4.7
SUR02581,EMP00762,2025-03-07,3.4,3.2,4.0,3.9
SUR02582,EMP00762,2025-05-31,4.2,4.3,3.9,4.7
SUR02583,EMP00762,2025-09-07,3.4,3.7,4.8,4.0
SUR02584,EMP00762,2025-12-19,2.8,2.7,3.5,3.0
SUR02585,EMP00762,2026-04-04,,4.3,3.4,4.5
SUR02586,EMP00762,2026-07-04,4.3,4.3,4.1,4.5
SUR02587,EMP00764,2026-06-13,2.8,3.4,3.7,3.6
SUR02588,EMP00765,2024-03-09,2.2,2.7,1.9,1.8
SUR02589,EMP00765,2024-06-13,2.6,2.3,2.6,2.9
SUR02590,EMP00765,2024-09-29,2.3,2.1,2.4,3.6
SUR02591,EMP00768,2025-09-22,2.0,2.0,1.4,2.4
SUR02592,EMP00768,2025-12-15,3.1,3.2,3.7,3.3
SUR02593,EMP00768,2026-03-30,,3.0,2.5,4.0
SUR02594,EMP00768,2026-07-14,2.8,2.8,2.0,2.8
SUR02595,EMP00769,2025-11-24,3.1,3.1,3.6,3.5
SUR02596,EMP00769,2026-03-10,3.3,3.0,4.0,3.8
SUR02597,EMP00769,2026-06-10,3.5,3.1,3.0,4.3
SUR02598,EMP00770,2025-04-29,2.6,2.4,2.3,2.4
SUR02599,EMP00770,2025-07-19,3.6,3.9,3.3,4.0
SUR02600,EMP00770,2025-10-20,2.5,2.3,2.5,3.4
SUR02601,EMP00770,2026-01-22,2.0,1.7,1.9,2.6
SUR02602,EMP00770,2026-04-25,2.6,3.1,2.3,1.9
SUR02603,EMP00771,2023-06-18,2.7,2.8,,3.0
SUR02604,EMP00771,2023-09-28,2.6,2.4,2.7,4.0
SUR02605,EMP00772,2025-02-14,2.0,2.2,1.7,2.3
SUR02606,EMP00772,2025-05-30,2.3,3.1,3.5,2.2
SUR02607,EMP00772,2025-08-20,2.2,2.7,2.7,2.6
SUR02608,EMP00772,2025-12-01,1.8,2.0,2.2,2.8
SUR02609,EMP00772,2026-02-23,2.0,1.9,1.0,1.8
SUR02610,EMP00773,2026-05-22,3.8,3.9,,3.9
SUR02611,EMP00774,2022-11-13,,3.1,2.2,3.8
SUR02612,EMP00774,2023-02-16,1.8,1.8,1.1,2.2
SUR02613,EMP00774,2023-05-18,3.0,2.9,3.3,3.7
SUR02614,EMP00774,2023-08-13,2.5,2.8,3.1,3.2
SUR02615,EMP00774,2023-11-03,3.2,2.7,2.1,3.8
SUR02616,EMP00775,2025-01-23,3.6,3.8,3.5,4.1
SUR02617,EMP00775,2025-04-30,3.3,3.5,2.9,3.3
SUR02618,EMP00775,2025-08-05,,4.1,4.5,5.0
SUR02619,EMP00775,2025-10-30,2.4,1.9,2.2,3.2
SUR02620,EMP00775,2026-02-09,3.6,3.6,3.1,3.6
SUR02621,EMP00775,2026-05-29,3.4,3.9,2.8,3.7
SUR02622,EMP00776,2025-04-07,1.7,1.2,1.0,2.3
SUR02623,EMP00776,2025-07-01,3.2,2.7,2.7,3.8
SUR02624,EMP00777,2025-09-20,4.6,4.5,3.9,5.0
SUR02625,EMP00777,2025-12-26,,4.3,4.1,4.3
SUR02626,EMP00777,2026-04-12,,4.1,4.8,4.2
SUR02627,EMP00777,2026-07-11,3.4,3.4,3.5,4.6
SUR02628,EMP00779,2025-02-03,2.6,2.5,2.5,2.2
SUR02629,EMP00779,2025-05-06,3.1,3.4,3.0,2.4
SUR02630,EMP00779,2025-07-30,3.9,3.7,4.5,5.0
SUR02631,EMP00779,2025-11-16,3.7,3.8,3.4,4.7
SUR02632,EMP00779,2026-02-25,3.2,3.6,3.4,4.0
SUR02633,EMP00779,2026-06-02,3.3,2.8,2.9,3.0
SUR02634,EMP00780,2025-02-07,3.3,2.2,4.2,3.2
SUR02635,EMP00780,2025-04-29,2.6,2.0,3.5,2.1
SUR02636,EMP00780,2025-08-02,1.9,1.0,2.0,3.1
SUR02637,EMP00781,2026-03-18,3.7,4.1,3.4,4.2
SUR02638,EMP00781,2026-06-10,3.0,3.6,3.4,3.4
SUR02639,EMP00782,2025-06-29,3.1,3.1,4.0,3.5
SUR02640,EMP00782,2025-09-21,3.9,4.6,4.1,4.7
SUR02641,EMP00782,2025-12-26,4.1,4.5,3.5,3.8
SUR02642,EMP00782,2026-03-16,2.7,2.3,3.5,3.8
SUR02643,EMP00782,2026-06-18,3.9,4.7,3.0,4.0
SUR02644,EMP00784,2025-05-31,4.1,4.9,3.4,3.9
SUR02645,EMP00784,2025-09-13,4.5,4.3,3.5,5.0
SUR02646,EMP00784,2025-12-18,3.3,4.0,2.6,3.2
SUR02647,EMP00784,2026-04-02,4.1,4.3,3.8,4.3
SUR02648,EMP00784,2026-06-22,3.9,4.6,3.4,4.3
SUR02649,EMP00785,2024-04-24,4.6,4.7,5.0,4.2
SUR02650,EMP00785,2024-08-02,2.4,3.1,3.3,2.3
SUR02651,EMP00785,2024-10-31,3.4,3.0,3.4,2.9
SUR02652,EMP00785,2025-02-02,2.5,3.6,2.9,3.2
SUR02653,EMP00785,2025-05-17,2.6,2.3,2.8,2.7
SUR02654,EMP00786,2024-06-19,3.8,4.3,3.0,4.4
SUR02655,EMP00786,2024-09-15,3.6,3.7,2.8,3.9
SUR02656,EMP00786,2024-12-12,3.9,4.3,4.2,4.1
SUR02657,EMP00786,2025-03-03,3.6,3.5,3.7,3.7
SUR02658,EMP00786,2025-06-20,2.9,2.9,3.2,2.7
SUR02659,EMP00786,2025-09-29,4.1,4.2,4.5,5.0
SUR02660,EMP00786,2026-01-10,3.9,3.3,4.2,4.2
SUR02661,EMP00786,2026-04-04,3.9,4.2,3.6,4.0
SUR02662,EMP00786,2026-07-15,3.4,3.6,3.1,3.8
SUR02663,EMP00787,2025-08-24,3.6,4.2,3.6,3.8
SUR02664,EMP00787,2025-11-27,2.8,3.2,2.0,3.4
SUR02665,EMP00787,2026-03-06,4.3,3.6,4.8,4.1
SUR02666,EMP00788,2025-05-16,4.4,4.3,4.6,4.5
SUR02667,EMP00788,2025-09-01,3.5,3.4,3.1,4.2
SUR02668,EMP00788,2025-11-20,3.5,2.9,3.2,3.4
SUR02669,EMP00788,2026-02-14,3.8,3.5,3.2,4.1
SUR02670,EMP00788,2026-06-03,3.7,3.8,3.7,4.4
SUR02671,EMP00790,2025-03-22,2.2,2.2,2.3,2.9
SUR02672,EMP00791,2025-10-02,2.7,2.8,2.8,2.4
SUR02673,EMP00791,2026-01-16,2.6,2.8,2.5,2.2
SUR02674,EMP00791,2026-04-15,2.9,2.6,2.8,2.4
SUR02675,EMP00791,2026-07-18,3.1,3.2,2.5,2.2
SUR02676,EMP00792,2025-12-09,4.7,4.6,4.1,3.3
SUR02677,EMP00792,2026-03-05,2.2,2.4,2.6,2.8
SUR02678,EMP00792,2026-06-13,3.0,2.6,2.8,2.6
SUR02679,EMP00793,2023-01-26,3.2,3.2,3.9,4.4
SUR02680,EMP00793,2023-04-21,3.5,4.0,3.3,3.7
SUR02681,EMP00793,2023-07-18,3.7,3.3,3.9,4.0
SUR02682,EMP00793,2023-10-28,3.5,3.5,3.5,4.0
SUR02683,EMP00793,2024-01-30,4.1,4.2,3.9,3.8
SUR02684,EMP00793,2024-04-23,2.7,2.3,2.9,3.5
SUR02685,EMP00793,2024-07-22,4.2,3.9,4.6,3.9
SUR02686,EMP00793,2024-10-19,4.7,4.9,4.6,4.0
SUR02687,EMP00793,2025-02-05,2.4,2.1,1.8,3.0
SUR02688,EMP00793,2025-05-04,4.2,4.4,3.1,4.0
SUR02689,EMP00793,2025-08-10,3.7,4.0,4.1,4.3
SUR02690,EMP00793,2025-11-21,4.4,4.4,3.1,4.7
SUR02691,EMP00793,2026-03-06,3.6,3.1,3.2,3.4
SUR02692,EMP00793,2026-06-10,4.1,4.1,4.1,4.2
SUR02693,EMP00794,2026-01-13,4.2,4.4,4.7,4.0
SUR02694,EMP00794,2026-04-06,4.1,4.0,3.8,5.0
SUR02695,EMP00794,2026-07-23,3.4,3.3,3.9,4.1
SUR02696,EMP00795,2024-06-29,2.9,3.1,3.9,3.2
SUR02697,EMP00795,2024-10-02,3.1,3.3,,3.6
SUR02698,EMP00795,2025-01-19,4.4,3.5,3.6,4.0
SUR02699,EMP00795,2025-05-07,3.8,3.6,4.0,4.3
SUR02700,EMP00795,2025-07-31,5.0,4.9,5.0,5.0
SUR02701,EMP00795,2025-11-13,3.0,3.5,4.2,3.4
SUR02702,EMP00795,2026-02-14,3.1,3.4,3.9,4.0
SUR02703,EMP00795,2026-05-07,4.1,4.0,3.9,4.6
SUR02704,EMP00797,2024-04-04,3.9,3.4,4.4,4.9
SUR02705,EMP00797,2024-06-25,2.8,2.8,3.0,2.7
SUR02706,EMP00797,2024-09-28,3.5,3.3,2.7,4.1
SUR02707,EMP00797,2025-01-13,3.1,2.5,3.2,2.8
SUR02708,EMP00797,2025-04-26,4.1,4.3,3.1,4.3
SUR02709,EMP00797,2025-07-16,2.1,2.5,2.4,2.6
SUR02710,EMP00797,2025-10-06,2.0,2.3,2.6,2.0
SUR02711,EMP00797,2026-01-23,2.1,2.4,2.0,3.0
SUR02712,EMP00797,2026-04-19,3.1,2.9,2.7,4.1
SUR02713,EMP00797,2026-07-16,2.2,1.8,2.6,2.1
SUR02714,EMP00798,2025-05-29,3.5,3.4,4.0,3.9
SUR02715,EMP00798,2025-09-11,3.1,2.5,3.8,4.0
SUR02716,EMP00798,2025-12-25,3.7,3.3,4.5,4.1
SUR02717,EMP00798,2026-03-26,3.6,3.1,3.5,3.8
SUR02718,EMP00798,2026-06-17,3.0,3.2,4.1,4.0
SUR02719,EMP00799,2023-10-03,3.2,3.4,3.5,3.2
SUR02720,EMP00799,2023-12-23,3.6,3.5,3.3,3.7
SUR02721,EMP00799,2024-03-17,4.0,3.8,4.5,4.2
SUR02722,EMP00799,2024-06-14,3.2,3.3,3.9,3.0
SUR02723,EMP00799,2024-09-04,3.5,3.5,4.2,4.0
SUR02724,EMP00799,2024-12-15,3.3,3.0,3.0,3.4
SUR02725,EMP00799,2025-03-15,4.0,4.6,4.2,3.8
SUR02726,EMP00799,2025-06-10,2.8,2.9,2.6,3.6
SUR02727,EMP00799,2025-09-20,2.4,2.3,2.5,2.7
SUR02728,EMP00799,2025-12-23,2.3,2.5,2.1,2.0
SUR02729,EMP00801,2025-08-01,4.0,4.6,5.0,4.0
SUR02730,EMP00801,2025-11-12,3.6,3.6,4.0,4.4
SUR02731,EMP00801,2026-02-09,3.2,3.1,4.1,4.6
SUR02732,EMP00801,2026-05-09,3.5,3.5,4.3,4.3
SUR02733,EMP00803,2023-08-28,3.3,3.5,3.3,3.0
SUR02734,EMP00803,2023-11-23,2.7,2.0,2.6,3.2
SUR02735,EMP00803,2024-03-03,3.5,4.0,3.4,4.2
SUR02736,EMP00803,2024-06-10,2.8,2.3,3.7,3.5
SUR02737,EMP00803,2024-09-11,1.8,2.0,1.6,3.2
SUR02738,EMP00803,2024-12-09,2.5,2.3,2.6,2.9
SUR02739,EMP00803,2025-03-11,1.8,1.7,1.9,2.6
SUR02740,EMP00803,2025-05-31,1.6,1.6,1.8,1.8
SUR02741,EMP00804,2026-04-15,3.7,3.9,3.8,3.7
SUR02742,EMP00805,2024-08-21,3.5,3.7,4.3,3.7
SUR02743,EMP00805,2024-11-24,,3.1,3.0,3.5
SUR02744,EMP00805,2025-02-15,4.4,5.0,4.1,3.8
SUR02745,EMP00805,2025-05-16,4.2,4.4,3.8,4.5
SUR02746,EMP00805,2025-08-12,3.4,3.4,4.1,3.9
SUR02747,EMP00805,2025-11-25,,3.4,2.8,3.1
SUR02748,EMP00805,2026-03-10,2.5,2.8,3.0,2.9
SUR02749,EMP00805,2026-06-26,4.1,4.2,4.2,4.0
SUR02750,EMP00807,2024-07-24,3.2,3.3,3.1,3.5
SUR02751,EMP00807,2024-10-25,,3.2,3.1,3.6
SUR02752,EMP00807,2025-01-28,2.5,2.7,2.9,2.4
SUR02753,EMP00807,2025-05-04,4.2,4.2,3.7,3.9
SUR02754,EMP00807,2025-08-05,2.5,2.1,3.0,2.7
SUR02755,EMP00807,2025-10-26,2.3,2.7,2.2,2.2
SUR02756,EMP00808,2024-07-23,3.4,3.3,4.1,3.6
SUR02757,EMP00808,2024-10-16,3.8,3.4,3.3,4.1
SUR02758,EMP00808,2025-01-26,3.6,3.6,3.9,3.6
SUR02759,EMP00808,2025-05-14,4.4,3.9,3.2,4.1
SUR02760,EMP00808,2025-08-25,4.1,4.0,3.5,4.2
SUR02761,EMP00808,2025-11-15,3.7,3.8,4.0,4.4
SUR02762,EMP00808,2026-02-07,4.2,4.1,3.7,4.5
SUR02763,EMP00808,2026-05-18,3.3,3.1,3.4,3.8
SUR02764,EMP00809,2023-04-17,2.4,2.1,3.2,2.5
SUR02765,EMP00809,2023-07-24,3.0,3.8,3.0,2.9
SUR02766,EMP00809,2023-11-09,2.7,2.8,3.7,2.9
SUR02767,EMP00809,2024-02-06,2.9,3.2,3.6,2.8
SUR02768,EMP00809,2024-05-06,3.3,3.1,2.9,2.6
SUR02769,EMP00809,2024-07-28,2.7,2.4,3.2,2.7
SUR02770,EMP00809,2024-10-30,2.8,2.8,2.9,2.3
SUR02771,EMP00809,2025-01-28,2.5,3.3,2.1,2.0
SUR02772,EMP00809,2025-05-10,3.0,2.4,3.9,2.0
SUR02773,EMP00809,2025-08-09,2.7,2.5,2.7,2.8
SUR02774,EMP00809,2025-11-23,3.6,3.7,2.0,2.2
SUR02775,EMP00809,2026-02-12,3.8,3.9,3.7,3.0
SUR02776,EMP00809,2026-05-07,2.9,2.5,3.3,3.1
SUR02777,EMP00810,2025-07-29,4.1,4.3,3.7,4.1
SUR02778,EMP00810,2025-10-17,4.4,5.0,3.6,4.6
SUR02779,EMP00810,2026-01-23,3.2,3.0,3.3,3.2
SUR02780,EMP00810,2026-05-11,2.4,1.6,3.1,2.5
SUR02781,EMP00811,2025-10-29,3.4,3.1,3.0,3.5
SUR02782,EMP00811,2026-01-25,3.5,3.5,3.9,4.3
SUR02783,EMP00812,2023-08-16,3.6,3.6,2.8,4.1
SUR02784,EMP00812,2023-11-18,5.0,4.8,3.9,5.0
SUR02785,EMP00812,2024-02-26,4.4,3.9,3.1,4.3
SUR02786,EMP00812,2024-06-08,3.3,3.8,2.7,4.0
SUR02787,EMP00812,2024-09-11,4.0,4.0,3.7,4.0
SUR02788,EMP00812,2024-12-13,4.6,4.8,4.2,5.0
SUR02789,EMP00812,2025-03-10,4.1,3.9,4.3,4.6
SUR02790,EMP00812,2025-06-25,3.2,2.9,2.0,2.9
SUR02791,EMP00812,2025-10-11,2.8,2.0,2.4,2.6
SUR02792,EMP00812,2026-01-17,4.9,4.9,4.3,5.0
SUR02793,EMP00812,2026-04-14,3.3,3.4,4.1,4.2
SUR02794,EMP00812,2026-07-18,4.0,4.1,,4.4
SUR02795,EMP00813,2026-04-17,2.3,1.8,2.7,2.4
SUR02796,EMP00814,2025-06-29,3.3,4.1,3.9,2.8
SUR02797,EMP00814,2025-09-29,3.3,2.7,2.5,2.7
SUR02798,EMP00814,2026-01-08,3.8,3.5,3.6,2.8
SUR02799,EMP00814,2026-04-27,3.0,3.8,3.0,2.0
SUR02800,EMP00815,2025-09-11,3.6,3.3,3.5,3.5
SUR02801,EMP00815,2025-12-18,3.0,3.2,2.9,3.5
SUR02802,EMP00815,2026-03-13,3.5,3.7,3.4,3.9
SUR02803,EMP00815,2026-06-27,3.5,3.6,3.9,3.2
SUR02804,EMP00816,2025-06-02,2.9,3.0,3.1,3.6
SUR02805,EMP00816,2025-08-25,2.5,2.5,2.7,3.0
SUR02806,EMP00816,2025-11-18,3.1,3.4,3.7,3.9
SUR02807,EMP00816,2026-02-18,,2.5,3.5,2.8
SUR02808,EMP00816,2026-05-28,4.6,5.0,3.7,4.3
SUR02809,EMP00817,2025-04-12,3.6,4.5,3.0,3.8
SUR02810,EMP00817,2025-07-25,3.6,4.1,,3.3
SUR02811,EMP00817,2025-10-24,2.6,2.7,2.5,3.3
SUR02812,EMP00817,2026-01-23,4.5,4.6,5.0,4.6
SUR02813,EMP00817,2026-05-08,3.4,2.8,3.5,4.1
SUR02814,EMP00818,2025-10-13,3.5,4.0,5.0,4.2
SUR02815,EMP00818,2026-01-22,3.9,4.2,4.3,4.1
SUR02816,EMP00818,2026-04-20,4.3,4.8,3.7,5.0
SUR02817,EMP00818,2026-07-21,4.7,4.3,4.0,4.4
SUR02818,EMP00819,2024-05-19,3.3,2.8,2.4,3.7
SUR02819,EMP00819,2024-08-10,2.3,3.1,2.8,3.2
SUR02820,EMP00819,2024-11-02,2.7,3.2,2.6,3.4
SUR02821,EMP00820,2024-06-20,2.7,2.7,2.2,2.2
SUR02822,EMP00820,2024-09-09,4.0,4.0,3.4,4.8
SUR02823,EMP00820,2024-12-27,3.6,3.3,3.4,3.8
SUR02824,EMP00820,2025-04-11,1.9,2.5,2.8,2.7
SUR02825,EMP00820,2025-07-18,2.8,2.5,2.1,2.8
SUR02826,EMP00821,2026-07-21,3.9,3.8,,4.3
SUR02827,EMP00823,2025-03-17,1.9,2.3,1.8,1.7
SUR02828,EMP00823,2025-06-23,1.5,1.0,1.6,2.6
SUR02829,EMP00823,2025-10-02,1.6,1.0,2.1,2.8
SUR02830,EMP00824,2024-11-19,3.0,3.0,2.6,3.3
SUR02831,EMP00824,2025-02-26,3.7,3.7,3.1,3.6
SUR02832,EMP00824,2025-06-02,2.5,3.3,2.1,2.8
SUR02833,EMP00824,2025-09-13,3.1,3.6,3.6,3.6
SUR02834,EMP00824,2025-12-28,2.4,2.9,2.3,3.1
SUR02835,EMP00824,2026-04-04,2.5,2.6,2.7,2.4
SUR02836,EMP00825,2026-01-04,4.2,4.1,3.8,3.8
SUR02837,EMP00825,2026-04-07,3.2,3.0,4.2,4.3
SUR02838,EMP00825,2026-07-12,3.0,3.5,3.1,3.1
SUR02839,EMP00826,2025-05-05,2.7,3.2,3.1,2.8
SUR02840,EMP00826,2025-07-30,2.9,4.0,2.3,3.4
SUR02841,EMP00826,2025-11-05,4.3,4.0,4.8,3.9
SUR02842,EMP00826,2026-01-29,,3.5,4.2,3.8
SUR02843,EMP00826,2026-05-01,3.1,3.3,3.1,2.9
SUR02844,EMP00827,2023-03-13,3.0,2.9,2.7,1.9
SUR02845,EMP00827,2023-06-25,2.9,3.3,2.8,2.7
SUR02846,EMP00827,2023-10-10,2.6,2.8,3.2,2.3
SUR02847,EMP00827,2024-01-05,2.7,2.8,3.0,1.9
SUR02848,EMP00827,2024-04-14,2.7,2.7,2.3,2.0
SUR02849,EMP00827,2024-08-02,1.6,1.6,1.9,1.4
SUR02850,EMP00827,2024-11-18,2.0,2.1,2.0,1.5
SUR02851,EMP00827,2025-02-17,2.7,2.7,2.9,3.4
SUR02852,EMP00827,2025-05-16,1.2,1.5,1.7,1.0
SUR02853,EMP00827,2025-08-30,1.6,2.1,2.4,1.2
SUR02854,EMP00827,2025-11-21,1.4,1.0,1.7,1.4
SUR02855,EMP00829,2026-03-22,3.2,2.0,2.8,2.7
SUR02856,EMP00829,2026-06-25,3.5,4.1,3.8,2.5
SUR02857,EMP00830,2026-01-28,3.9,3.7,5.0,4.7
SUR02858,EMP00830,2026-05-09,3.5,3.4,3.0,4.7
SUR02859,EMP00831,2023-03-10,3.0,3.2,3.8,3.8
SUR02860,EMP00832,2024-08-28,3.7,3.6,3.9,3.9
SUR02861,EMP00832,2024-11-28,5.0,5.0,4.6,5.0
SUR02862,EMP00832,2025-02-21,3.4,3.3,3.3,2.7
SUR02863,EMP00832,2025-06-07,3.0,2.8,3.4,3.1
SUR02864,EMP00832,2025-09-13,2.8,3.2,,2.2
SUR02865,EMP00832,2025-12-28,3.2,3.9,3.4,3.5
SUR02866,EMP00832,2026-04-11,3.5,3.6,3.2,3.6
SUR02867,EMP00832,2026-07-19,3.3,4.1,3.2,4.1
SUR02868,EMP00833,2024-09-08,1.1,1.0,1.0,1.0
SUR02869,EMP00833,2024-12-14,2.2,1.9,2.5,2.8
SUR02870,EMP00833,2025-03-31,2.8,2.0,2.5,3.3
SUR02871,EMP00834,2026-01-03,2.8,3.7,3.4,3.8
SUR02872,EMP00834,2026-04-20,3.9,3.4,3.3,4.0
SUR02873,EMP00834,2026-07-23,3.2,3.6,2.9,2.2
SUR02874,EMP00835,2023-02-02,2.0,1.5,1.7,3.2
SUR02875,EMP00836,2024-01-16,,2.7,2.3,3.1
SUR02876,EMP00836,2024-04-26,3.1,3.4,2.0,3.2
SUR02877,EMP00836,2024-07-19,,2.7,3.9,3.3
SUR02878,EMP00837,2026-05-04,2.6,2.3,1.7,2.3
SUR02879,EMP00839,2025-12-31,2.9,3.3,3.2,2.9
SUR02880,EMP00839,2026-03-30,5.0,5.0,5.0,5.0
SUR02881,EMP00839,2026-07-03,4.4,5.0,4.6,4.9
SUR02882,EMP00841,2023-12-13,3.2,3.4,2.7,3.0
SUR02883,EMP00842,2024-09-22,4.3,3.9,3.7,5.0
SUR02884,EMP00842,2025-01-03,3.4,3.3,3.4,3.6
SUR02885,EMP00842,2025-04-04,,4.5,4.3,4.3
SUR02886,EMP00842,2025-07-14,2.8,2.6,2.8,3.7
SUR02887,EMP00842,2025-10-24,3.7,3.7,3.6,4.8
SUR02888,EMP00842,2026-01-26,4.2,4.3,4.6,4.0
SUR02889,EMP00842,2026-04-18,4.0,4.0,4.4,4.2
SUR02890,EMP00842,2026-07-14,3.6,3.4,2.6,4.7
SUR02891,EMP00843,2026-03-16,3.2,2.7,2.1,3.0
SUR02892,EMP00843,2026-06-29,4.2,4.1,4.2,4.5
SUR02893,EMP00844,2026-07-08,3.5,2.6,3.3,4.2
SUR02894,EMP00845,2026-06-11,2.1,2.3,2.4,2.5
SUR02895,EMP00846,2025-04-23,2.2,2.1,2.3,2.6
SUR02896,EMP00847,2026-01-11,4.1,4.5,2.6,3.4
SUR02897,EMP00847,2026-04-26,3.3,3.6,3.0,3.9
SUR02898,EMP00849,2024-12-15,2.3,2.5,2.5,2.5
SUR02899,EMP00849,2025-03-09,3.1,2.1,2.7,3.0
SUR02900,EMP00849,2025-06-17,3.2,3.3,3.9,3.0
SUR02901,EMP00849,2025-10-04,2.2,2.0,1.8,1.2
SUR02902,EMP00849,2025-12-30,2.8,2.2,3.2,2.9
SUR02903,EMP00849,2026-04-18,3.2,3.0,3.2,2.8
SUR02904,EMP00849,2026-07-14,1.9,1.7,2.2,1.9
SUR02905,EMP00851,2023-01-08,3.2,3.1,3.6,4.2
SUR02906,EMP00851,2023-04-18,2.4,2.5,2.5,1.4
SUR02907,EMP00851,2023-07-18,3.6,4.0,4.0,4.0
SUR02908,EMP00851,2023-10-22,3.5,3.4,2.6,3.8
SUR02909,EMP00852,2023-11-18,3.3,2.4,4.1,4.2
SUR02910,EMP00852,2024-02-10,3.8,3.4,4.6,4.2
SUR02911,EMP00852,2024-05-23,2.2,2.1,2.5,2.7
SUR02912,EMP00852,2024-08-15,4.0,3.2,3.7,3.7
SUR02913,EMP00852,2024-11-11,3.4,2.9,2.6,3.5
SUR02914,EMP00852,2025-02-21,4.6,4.5,3.7,4.4
SUR02915,EMP00852,2025-05-27,3.2,3.6,3.5,4.1
SUR02916,EMP00852,2025-09-01,3.1,2.6,3.5,4.0
SUR02917,EMP00852,2025-11-24,4.4,4.4,4.2,3.7
SUR02918,EMP00852,2026-02-18,3.5,4.1,4.2,4.4
SUR02919,EMP00852,2026-06-05,3.2,3.2,3.3,2.9
SUR02920,EMP00853,2024-08-25,3.1,3.4,3.0,3.8
SUR02921,EMP00853,2024-11-16,3.1,3.0,3.0,4.2
SUR02922,EMP00853,2025-02-18,3.0,2.3,3.5,3.4
SUR02923,EMP00853,2025-05-18,3.2,3.1,3.5,3.4
SUR02924,EMP00853,2025-08-14,2.7,3.1,3.0,4.3
SUR02925,EMP00853,2025-11-25,3.0,4.0,3.5,3.1
SUR02926,EMP00853,2026-02-27,3.6,3.7,3.1,4.3
SUR02927,EMP00853,2026-05-22,3.3,2.6,3.0,3.3
SUR02928,EMP00854,2023-03-21,,3.6,3.2,3.8
SUR02929,EMP00854,2023-07-04,3.9,4.5,4.2,4.9
SUR02930,EMP00854,2023-10-09,4.3,4.2,3.6,4.2
SUR02931,EMP00854,2024-01-10,3.8,4.0,,4.3
SUR02932,EMP00854,2024-04-17,3.6,3.3,4.7,3.9
SUR02933,EMP00854,2024-07-25,4.2,4.2,4.2,4.5
SUR02934,EMP00854,2024-10-29,3.4,3.4,3.8,3.4
SUR02935,EMP00854,2025-01-28,4.4,4.5,4.8,4.4
SUR02936,EMP00854,2025-05-03,3.5,3.7,3.3,3.6
SUR02937,EMP00854,2025-08-06,3.7,4.0,4.0,4.3
SUR02938,EMP00854,2025-10-31,3.6,3.3,4.0,4.5
SUR02939,EMP00854,2026-01-25,3.9,4.0,4.0,4.5
SUR02940,EMP00854,2026-05-09,4.3,5.0,3.7,4.7
SUR02941,EMP00855,2024-06-28,2.5,2.4,2.1,2.2
SUR02942,EMP00855,2024-09-20,3.5,3.7,3.3,2.6
SUR02943,EMP00855,2024-12-30,3.4,3.0,3.5,4.1
SUR02944,EMP00855,2025-04-17,3.8,3.7,3.2,2.3
SUR02945,EMP00855,2025-07-26,3.3,3.1,2.9,2.8
SUR02946,EMP00855,2025-10-27,2.1,2.0,2.5,2.2
SUR02947,EMP00855,2026-01-26,3.9,3.8,3.0,2.7
SUR02948,EMP00855,2026-05-15,3.0,3.2,3.8,4.0
SUR02949,EMP00856,2025-10-21,4.4,4.2,4.6,4.3
SUR02950,EMP00856,2026-01-22,2.9,3.0,3.6,3.3
SUR02951,EMP00856,2026-05-01,2.6,3.0,2.4,2.5
SUR02952,EMP00857,2025-05-10,3.4,3.4,2.6,3.9
SUR02953,EMP00857,2025-07-29,4.2,3.6,3.9,4.3
SUR02954,EMP00857,2025-10-23,4.9,4.9,5.0,4.9
SUR02955,EMP00857,2026-01-25,4.3,4.6,4.7,4.8
SUR02956,EMP00857,2026-05-05,3.0,2.6,2.6,3.0
SUR02957,EMP00859,2026-06-18,3.9,4.0,4.2,4.3
SUR02958,EMP00860,2025-02-05,4.0,3.5,3.8,4.1
SUR02959,EMP00860,2025-05-04,4.2,4.3,3.9,3.5
SUR02960,EMP00860,2025-08-18,4.9,5.0,4.8,4.2
SUR02961,EMP00860,2025-11-12,4.6,5.0,4.5,3.9
SUR02962,EMP00860,2026-02-24,3.0,1.7,4.0,4.3
SUR02963,EMP00860,2026-05-21,3.0,3.0,4.4,3.4
SUR02964,EMP00861,2024-10-19,4.1,4.3,3.9,4.3
SUR02965,EMP00861,2025-01-27,3.6,4.3,4.6,4.1
SUR02966,EMP00861,2025-04-27,3.9,3.8,4.4,4.6
SUR02967,EMP00861,2025-08-14,3.6,3.3,3.2,3.4
SUR02968,EMP00861,2025-11-15,3.3,3.5,3.7,4.0
SUR02969,EMP00861,2026-02-22,4.5,4.6,4.3,4.4
SUR02970,EMP00861,2026-06-07,3.3,2.9,2.2,3.0
SUR02971,EMP00862,2025-03-26,,2.3,,3.6
SUR02972,EMP00862,2025-06-20,4.1,3.7,4.1,4.8
SUR02973,EMP00862,2025-09-12,4.0,3.8,3.8,5.0
SUR02974,EMP00862,2025-12-20,3.2,3.2,3.6,3.6
SUR02975,EMP00862,2026-03-17,3.9,2.7,3.5,4.1
SUR02976,EMP00862,2026-06-10,3.0,2.9,3.1,3.5
SUR02977,EMP00863,2025-11-28,2.2,2.5,2.4,2.3
SUR02978,EMP00863,2026-03-12,3.0,3.1,3.5,2.5
SUR02979,EMP00863,2026-06-11,1.7,1.9,1.4,2.0
SUR02980,EMP00864,2024-11-18,3.8,4.2,3.1,4.4
SUR02981,EMP00864,2025-03-06,4.5,4.4,4.5,4.2
SUR02982,EMP00864,2025-06-18,3.1,3.2,3.3,3.3
SUR02983,EMP00864,2025-10-04,3.1,3.2,4.2,4.3
SUR02984,EMP00864,2026-01-15,3.0,2.6,3.1,3.5
SUR02985,EMP00864,2026-04-25,3.8,3.5,3.7,4.7
SUR02986,EMP00865,2025-12-04,2.3,2.3,2.1,2.2
SUR02987,EMP00865,2026-03-16,2.5,3.3,1.6,3.1
SUR02988,EMP00866,2025-05-25,2.4,2.6,2.1,2.9
SUR02989,EMP00866,2025-08-14,3.6,3.4,3.2,4.4
SUR02990,EMP00866,2025-11-17,2.6,2.6,3.1,3.6
SUR02991,EMP00866,2026-02-07,4.4,4.1,3.2,3.6
SUR02992,EMP00866,2026-05-14,3.0,3.3,2.3,3.7
SUR02993,EMP00867,2025-09-06,2.8,2.5,2.8,3.0
SUR02994,EMP00867,2025-12-22,4.0,3.9,3.4,2.8
SUR02995,EMP00867,2026-04-07,2.8,2.6,3.0,3.2
SUR02996,EMP00867,2026-07-08,3.6,3.5,4.3,4.1
SUR02997,EMP00868,2025-06-27,3.8,3.3,3.9,4.4
SUR02998,EMP00868,2025-09-28,4.6,4.3,5.0,4.2
SUR02999,EMP00868,2025-12-26,3.2,3.1,3.6,3.0
SUR03000,EMP00868,2026-04-14,3.5,3.4,2.8,3.7
SUR03001,EMP00868,2026-07-24,4.2,3.3,5.0,4.1
SUR03002,EMP00869,2024-12-28,3.5,3.4,2.9,4.8
SUR03003,EMP00869,2025-03-28,4.2,4.3,4.7,3.9
SUR03004,EMP00869,2025-07-06,3.6,4.0,3.3,4.0
SUR03005,EMP00869,2025-10-20,3.7,3.9,3.4,4.7
SUR03006,EMP00869,2026-01-27,4.7,4.1,3.8,4.2
SUR03007,EMP00869,2026-04-19,4.4,3.9,4.0,4.7
SUR03008,EMP00871,2026-04-23,3.8,4.1,2.5,3.7
SUR03009,EMP00872,2024-04-12,2.6,2.5,2.6,3.1
SUR03010,EMP00872,2024-07-14,3.6,3.1,3.6,3.4
SUR03011,EMP00872,2024-10-25,3.3,3.7,2.8,2.6
SUR03012,EMP00872,2025-01-22,2.8,2.7,2.7,2.4
SUR03013,EMP00872,2025-04-17,2.3,2.3,2.3,2.4
SUR03014,EMP00872,2025-07-17,2.7,2.3,1.8,2.8
SUR03015,EMP00873,2026-07-13,3.2,3.6,3.2,3.4
SUR03016,EMP00874,2025-08-02,2.1,2.3,2.7,2.9
SUR03017,EMP00874,2025-11-04,2.1,2.5,3.1,2.8
SUR03018,EMP00874,2026-02-21,2.4,2.6,2.6,3.1
SUR03019,EMP00874,2026-05-14,2.8,2.6,2.3,4.0
SUR03020,EMP00876,2026-05-14,3.2,3.1,3.9,3.2
SUR03021,EMP00877,2025-05-04,2.8,3.0,4.2,3.4
SUR03022,EMP00877,2025-08-14,3.8,3.6,,3.7
SUR03023,EMP00877,2025-11-09,3.5,3.1,2.6,3.6
SUR03024,EMP00877,2026-02-23,3.4,2.6,3.9,4.2
SUR03025,EMP00877,2026-06-12,3.5,2.7,3.9,3.5
SUR03026,EMP00878,2023-02-23,3.9,3.9,2.5,2.8
SUR03027,EMP00878,2023-05-15,3.5,3.9,4.4,3.5
SUR03028,EMP00878,2023-08-15,4.3,4.1,3.9,3.5
SUR03029,EMP00878,2023-11-12,4.1,3.5,4.3,4.2
SUR03030,EMP00878,2024-02-14,3.2,3.7,2.8,3.9
SUR03031,EMP00878,2024-05-31,2.5,2.6,2.7,3.2
SUR03032,EMP00878,2024-08-29,2.8,2.6,2.7,3.5
SUR03033,EMP00878,2024-11-19,3.1,2.6,3.2,3.7
SUR03034,EMP00878,2025-03-03,3.7,4.0,3.9,4.7
SUR03035,EMP00878,2025-05-28,3.4,3.9,3.2,3.8
SUR03036,EMP00878,2025-08-27,4.2,4.3,3.5,4.5
SUR03037,EMP00878,2025-11-29,3.2,3.3,4.6,4.9
SUR03038,EMP00878,2026-02-21,3.3,3.6,3.0,3.3
SUR03039,EMP00878,2026-05-31,4.1,4.1,3.0,4.0
SUR03040,EMP00879,2024-11-01,,3.2,3.7,3.7
SUR03041,EMP00879,2025-01-22,3.0,3.1,4.5,2.7
SUR03042,EMP00879,2025-04-23,3.1,4.1,4.1,4.2
SUR03043,EMP00879,2025-07-19,3.1,2.9,3.8,3.2
SUR03044,EMP00879,2025-10-24,3.0,2.9,4.2,4.2
SUR03045,EMP00879,2026-01-23,1.7,1.5,1.2,2.2
SUR03046,EMP00879,2026-05-04,3.6,3.3,,3.9
SUR03047,EMP00880,2025-09-26,2.3,2.5,1.7,1.8
SUR03048,EMP00881,2025-12-23,3.1,3.4,2.3,3.5
SUR03049,EMP00881,2026-03-14,4.3,4.3,4.0,4.6
SUR03050,EMP00881,2026-06-23,4.0,4.0,3.1,3.5
SUR03051,EMP00883,2024-04-01,4.9,5.0,4.4,4.6
SUR03052,EMP00883,2024-07-19,3.7,4.0,3.4,3.8
SUR03053,EMP00883,2024-10-26,4.0,3.7,4.2,4.2
SUR03054,EMP00883,2025-02-11,3.7,3.3,3.5,3.8
SUR03055,EMP00883,2025-05-09,3.6,3.2,2.9,3.0
SUR03056,EMP00883,2025-08-10,4.0,4.0,4.8,5.0
SUR03057,EMP00883,2025-11-27,3.3,3.0,3.3,3.7
SUR03058,EMP00883,2026-02-27,3.8,4.3,4.7,5.0
SUR03059,EMP00883,2026-05-26,4.3,4.1,4.8,4.2
SUR03060,EMP00884,2026-06-07,3.3,3.7,3.0,3.3
SUR03061,EMP00886,2025-09-05,3.0,2.8,3.9,3.4
SUR03062,EMP00886,2025-12-10,3.0,2.9,,2.4
SUR03063,EMP00886,2026-03-28,2.4,2.4,3.2,2.5
SUR03064,EMP00886,2026-06-22,3.2,3.3,3.5,3.2
SUR03065,EMP00887,2024-06-05,2.0,2.0,2.2,2.2
SUR03066,EMP00887,2024-09-09,2.0,1.8,3.3,2.4
SUR03067,EMP00888,2024-11-21,3.9,4.4,5.0,4.1
SUR03068,EMP00888,2025-02-19,3.6,4.3,4.6,4.7
SUR03069,EMP00888,2025-05-26,4.0,4.4,4.7,4.4
SUR03070,EMP00888,2025-08-18,3.0,3.4,3.8,3.9
SUR03071,EMP00888,2025-11-15,3.8,4.1,3.4,3.8
SUR03072,EMP00888,2026-02-22,4.3,4.5,4.5,5.0
SUR03073,EMP00888,2026-06-09,3.3,3.6,3.5,4.3
SUR03074,EMP00889,2023-02-24,2.3,2.3,1.4,2.7
SUR03075,EMP00889,2023-05-17,2.0,2.0,1.9,2.7
SUR03076,EMP00889,2023-08-24,3.0,3.5,3.2,2.7
SUR03077,EMP00891,2024-03-17,4.5,3.9,4.5,4.6
SUR03078,EMP00891,2024-06-28,4.6,4.6,5.0,4.5
SUR03079,EMP00891,2024-10-01,3.3,3.8,4.3,3.2
SUR03080,EMP00891,2025-01-14,4.6,4.4,4.7,4.4
SUR03081,EMP00891,2025-04-15,3.3,3.4,3.2,3.8
SUR03082,EMP00891,2025-07-22,5.0,5.0,4.2,5.0
SUR03083,EMP00891,2025-10-16,3.0,2.4,3.0,2.8
SUR03084,EMP00891,2026-01-17,4.1,4.9,3.5,3.7
SUR03085,EMP00892,2025-10-28,3.1,3.8,2.2,1.9
SUR03086,EMP00892,2026-02-08,2.4,2.9,1.6,1.9
SUR03087,EMP00892,2026-05-14,3.2,2.6,4.2,2.1
SUR03088,EMP00893,2024-11-11,2.9,3.0,2.5,3.5
SUR03089,EMP00893,2025-02-03,3.9,4.7,3.5,3.6
SUR03090,EMP00894,2025-10-05,3.9,3.6,3.9,3.8
SUR03091,EMP00894,2025-12-29,4.0,4.2,3.6,4.2
SUR03092,EMP00894,2026-04-07,2.9,3.0,2.9,2.6
SUR03093,EMP00894,2026-07-08,4.2,4.5,,4.2
SUR03094,EMP00895,2026-01-25,2.7,2.8,3.2,2.3
SUR03095,EMP00895,2026-05-11,2.6,2.2,2.9,3.2
SUR03096,EMP00897,2024-08-07,4.0,4.0,4.6,5.0
SUR03097,EMP00897,2024-11-18,2.8,2.6,4.0,3.8
SUR03098,EMP00897,2025-02-18,4.2,4.3,2.9,4.0
SUR03099,EMP00897,2025-05-17,3.4,3.3,3.7,3.7
SUR03100,EMP00897,2025-08-17,3.6,3.5,3.2,3.6
SUR03101,EMP00897,2025-11-11,2.8,3.1,2.0,3.7
SUR03102,EMP00897,2026-02-13,4.0,4.2,4.0,4.9
SUR03103,EMP00897,2026-05-19,4.3,4.9,3.2,3.1
SUR03104,EMP00898,2023-01-18,2.8,2.7,2.9,3.5
SUR03105,EMP00898,2023-04-11,3.3,3.2,3.1,4.6
SUR03106,EMP00898,2023-07-06,2.4,2.7,2.9,2.7
SUR03107,EMP00898,2023-09-29,2.5,2.5,2.5,3.1
SUR03108,EMP00898,2024-01-07,3.9,4.0,2.8,4.0
SUR03109,EMP00898,2024-04-09,3.1,3.6,3.5,2.9
SUR03110,EMP00898,2024-07-26,3.7,3.6,4.0,3.9
SUR03111,EMP00898,2024-11-07,3.1,2.6,3.1,3.9
SUR03112,EMP00898,2025-02-10,2.9,3.2,3.5,2.8
SUR03113,EMP00898,2025-05-26,2.5,2.8,1.8,2.7
SUR03114,EMP00898,2025-08-25,2.5,1.8,1.9,2.7
SUR03115,EMP00898,2025-12-07,3.8,3.9,4.2,4.4
SUR03116,EMP00898,2026-03-17,4.0,3.9,,3.8
SUR03117,EMP00898,2026-06-19,2.3,2.6,2.8,3.2
SUR03118,EMP00899,2024-04-28,3.5,3.9,3.8,3.6
SUR03119,EMP00899,2024-08-06,2.0,1.8,1.0,2.1
SUR03120,EMP00899,2024-10-31,2.2,2.6,2.2,2.5
SUR03121,EMP00899,2025-01-31,2.3,2.1,3.3,2.2
SUR03122,EMP00901,2026-07-01,2.6,3.0,3.1,3.3
SUR03123,EMP00902,2025-11-24,3.0,3.4,2.6,2.2
SUR03124,EMP00902,2026-03-02,1.9,1.5,2.2,1.7
SUR03125,EMP00902,2026-05-22,2.7,2.0,1.9,2.4
SUR03126,EMP00903,2025-11-28,1.9,1.7,3.0,2.4
SUR03127,EMP00903,2026-02-26,3.2,3.3,3.6,3.2
SUR03128,EMP00903,2026-05-21,3.5,3.4,2.7,3.1
SUR03129,EMP00904,2026-01-12,,4.6,4.2,4.7
SUR03130,EMP00904,2026-04-14,3.2,3.6,4.1,4.2
SUR03131,EMP00904,2026-07-15,4.1,4.2,4.6,4.5
SUR03132,EMP00905,2024-06-16,2.3,2.5,2.4,3.2
SUR03133,EMP00907,2025-05-10,3.0,2.6,3.4,3.4
SUR03134,EMP00907,2025-08-21,2.7,2.4,2.6,2.7
SUR03135,EMP00907,2025-11-22,3.0,1.6,3.7,3.5
SUR03136,EMP00907,2026-02-18,3.8,4.1,4.0,4.1
SUR03137,EMP00907,2026-05-27,2.5,1.9,3.0,3.4
SUR03138,EMP00908,2025-03-15,3.8,3.7,3.8,4.0
SUR03139,EMP00908,2025-06-23,,2.6,1.8,2.8
SUR03140,EMP00908,2025-09-29,3.9,4.1,4.3,4.6
SUR03141,EMP00908,2026-01-16,3.6,4.4,3.4,3.6
SUR03142,EMP00908,2026-05-05,3.4,3.2,3.6,4.3
SUR03143,EMP00909,2025-09-02,3.0,2.9,3.6,3.0
SUR03144,EMP00909,2025-12-01,3.3,3.6,2.7,3.5
SUR03145,EMP00909,2026-02-23,4.6,4.6,4.6,4.5
SUR03146,EMP00909,2026-06-05,3.3,3.4,4.4,3.6
SUR03147,EMP00910,2023-05-18,3.3,2.9,3.8,4.2
SUR03148,EMP00910,2023-09-02,4.3,4.7,4.7,4.0
SUR03149,EMP00910,2023-11-25,3.9,4.0,3.5,3.9
SUR03150,EMP00910,2024-03-13,3.3,3.6,3.2,3.6
SUR03151,EMP00910,2024-06-13,3.3,3.1,2.5,2.9
SUR03152,EMP00910,2024-09-19,3.8,3.5,4.0,4.9
SUR03153,EMP00910,2025-01-05,3.3,3.4,3.7,4.0
SUR03154,EMP00910,2025-04-11,4.0,4.0,4.0,4.2
SUR03155,EMP00910,2025-07-22,3.9,3.7,5.0,3.5
SUR03156,EMP00910,2025-11-08,,3.9,4.5,4.6
SUR03157,EMP00910,2026-02-21,3.7,3.7,4.3,3.9
SUR03158,EMP00910,2026-05-23,4.0,3.6,3.9,4.9
SUR03159,EMP00911,2024-05-14,,2.1,3.8,2.8
SUR03160,EMP00912,2026-03-21,2.7,2.6,3.5,2.8
SUR03161,EMP00912,2026-06-10,2.4,2.2,2.9,1.8
SUR03162,EMP00913,2023-10-23,2.4,2.4,3.6,3.1
SUR03163,EMP00914,2025-11-16,2.9,3.0,3.1,3.4
SUR03164,EMP00914,2026-02-16,2.6,3.3,3.6,3.5
SUR03165,EMP00914,2026-05-26,3.8,3.9,3.8,4.3
SUR03166,EMP00915,2024-10-12,2.0,1.9,2.6,2.7
SUR03167,EMP00915,2025-01-23,2.2,2.5,2.7,3.3
SUR03168,EMP00915,2025-05-08,2.4,2.2,1.8,2.8
SUR03169,EMP00915,2025-08-22,2.1,2.0,1.3,2.0
SUR03170,EMP00915,2025-11-21,1.6,1.6,2.1,2.4
SUR03171,EMP00915,2026-03-05,2.4,2.5,2.0,2.1
SUR03172,EMP00916,2025-04-30,1.4,1.1,1.4,2.3
SUR03173,EMP00917,2024-12-06,4.3,4.3,3.8,4.7
SUR03174,EMP00917,2025-02-25,2.9,2.5,3.1,3.2
SUR03175,EMP00917,2025-06-07,3.5,2.7,3.9,3.7
SUR03176,EMP00917,2025-09-03,3.4,3.6,3.5,2.9
SUR03177,EMP00917,2025-11-23,3.3,3.2,3.6,2.9
SUR03178,EMP00917,2026-03-06,3.3,2.7,2.9,3.4
SUR03179,EMP00917,2026-06-18,3.4,3.7,4.4,3.8
SUR03180,EMP00918,2025-02-16,3.9,4.0,3.5,4.2
SUR03181,EMP00918,2025-05-29,3.5,3.4,3.6,3.7
SUR03182,EMP00918,2025-08-30,3.9,3.7,3.4,4.8
SUR03183,EMP00918,2025-12-09,3.4,3.6,4.1,4.0
SUR03184,EMP00918,2026-03-09,4.4,4.1,4.2,4.7
SUR03185,EMP00918,2026-06-21,4.1,3.9,3.7,4.7
SUR03186,EMP00919,2026-03-15,2.7,2.3,2.8,2.7
SUR03187,EMP00919,2026-06-04,2.5,2.7,2.8,1.6
SUR03188,EMP00920,2024-12-17,3.2,2.6,2.6,2.8
SUR03189,EMP00920,2025-03-10,3.3,3.6,4.2,4.1
SUR03190,EMP00920,2025-06-22,3.7,3.7,3.7,4.0
SUR03191,EMP00920,2025-09-19,3.2,2.8,3.8,4.1
SUR03192,EMP00920,2025-12-20,2.9,2.7,3.5,3.7
SUR03193,EMP00920,2026-03-16,3.8,3.8,4.0,4.4
SUR03194,EMP00920,2026-06-16,4.0,3.7,3.6,3.9
SUR03195,EMP00921,2025-10-29,2.0,2.1,1.4,2.1
SUR03196,EMP00921,2026-02-11,5.0,4.3,4.0,5.0
SUR03197,EMP00921,2026-05-05,3.3,3.8,3.8,4.3
SUR03198,EMP00922,2025-07-08,3.1,2.7,2.5,3.5
SUR03199,EMP00922,2025-10-17,3.0,3.1,2.7,3.3
SUR03200,EMP00922,2026-01-13,3.1,3.5,3.0,3.8
SUR03201,EMP00922,2026-04-09,2.9,2.5,2.4,3.6
SUR03202,EMP00922,2026-06-28,3.0,2.9,3.0,3.5
SUR03203,EMP00923,2026-01-10,3.7,3.8,3.0,4.6
SUR03204,EMP00923,2026-04-18,2.9,2.3,3.0,3.4
SUR03205,EMP00923,2026-07-08,3.2,3.1,2.5,2.7
SUR03206,EMP00925,2026-03-29,4.2,4.0,4.0,4.1
SUR03207,EMP00925,2026-07-10,3.9,4.1,3.9,3.5
SUR03208,EMP00926,2024-07-31,2.4,2.3,3.2,3.2
SUR03209,EMP00926,2024-11-07,3.4,3.7,3.8,4.6
SUR03210,EMP00926,2025-02-20,,2.8,2.3,2.9
SUR03211,EMP00926,2025-05-29,3.1,2.9,3.7,3.1
SUR03212,EMP00926,2025-08-30,4.2,4.2,3.7,4.1
SUR03213,EMP00926,2025-12-06,3.9,4.3,2.8,3.8
SUR03214,EMP00926,2026-03-06,3.3,3.6,3.9,3.5
SUR03215,EMP00926,2026-06-23,2.6,2.9,2.3,3.6
SUR03216,EMP00927,2023-03-27,2.7,2.9,3.0,3.2
SUR03217,EMP00927,2023-07-03,1.8,1.3,1.3,2.7
SUR03218,EMP00928,2024-10-06,3.0,3.2,3.4,3.8
SUR03219,EMP00928,2025-01-12,2.4,2.6,2.7,2.6
SUR03220,EMP00928,2025-04-24,3.1,2.9,2.4,3.2
SUR03221,EMP00928,2025-07-18,3.1,3.6,3.4,3.2
SUR03222,EMP00928,2025-10-11,3.2,3.2,3.6,3.4
SUR03223,EMP00928,2026-01-20,2.4,2.9,1.8,2.9
SUR03224,EMP00929,2025-11-20,4.2,3.6,4.7,4.1
SUR03225,EMP00929,2026-02-26,4.5,5.0,4.3,4.2
SUR03226,EMP00929,2026-06-15,4.0,3.8,3.3,4.6
SUR03227,EMP00930,2023-06-20,4.4,4.3,3.4,4.8
SUR03228,EMP00930,2023-09-27,3.0,2.8,2.6,4.2
SUR03229,EMP00930,2023-12-17,3.9,4.2,3.7,3.9
SUR03230,EMP00930,2024-03-25,4.5,5.0,4.1,5.0
SUR03231,EMP00930,2024-07-04,,3.7,3.4,3.4
SUR03232,EMP00930,2024-10-20,3.0,2.4,2.6,2.7
SUR03233,EMP00930,2025-01-18,3.7,3.2,3.3,3.9
SUR03234,EMP00930,2025-04-20,3.8,4.1,3.6,4.7
SUR03235,EMP00930,2025-07-22,4.0,3.4,4.1,4.7
SUR03236,EMP00930,2025-10-16,4.1,3.3,3.8,4.2
SUR03237,EMP00930,2026-01-22,3.7,3.5,3.3,4.6
SUR03238,EMP00930,2026-04-21,4.3,4.5,3.6,4.7
SUR03239,EMP00931,2025-08-16,2.2,2.6,2.4,2.0
SUR03240,EMP00931,2025-11-21,2.5,2.9,1.9,2.7
SUR03241,EMP00931,2026-02-18,3.0,2.9,2.4,3.5
SUR03242,EMP00931,2026-05-15,2.8,2.6,2.9,3.5
SUR03243,EMP00932,2025-11-29,2.5,2.7,2.9,1.8
SUR03244,EMP00932,2026-03-07,2.0,2.2,1.9,1.0
SUR03245,EMP00932,2026-06-09,4.3,4.7,3.3,3.3
SUR03246,EMP00933,2025-02-09,3.2,3.0,3.0,3.2
SUR03247,EMP00933,2025-05-22,3.4,3.1,3.4,3.7
SUR03248,EMP00933,2025-08-25,3.3,3.3,4.2,3.7
SUR03249,EMP00933,2025-11-26,4.3,4.5,5.0,5.0
SUR03250,EMP00933,2026-03-08,3.7,3.6,3.5,4.5
SUR03251,EMP00933,2026-06-19,3.3,3.5,3.3,2.5
SUR03252,EMP00934,2026-04-12,3.2,3.2,3.1,2.9
SUR03253,EMP00934,2026-07-08,4.0,3.9,,3.4
SUR03254,EMP00935,2024-01-21,3.0,2.4,3.0,2.0
SUR03255,EMP00935,2024-04-28,2.3,2.6,2.8,2.1
SUR03256,EMP00935,2024-07-25,2.6,2.5,3.3,2.5
SUR03257,EMP00935,2024-10-22,1.5,1.2,1.0,1.3
SUR03258,EMP00935,2025-02-01,2.3,2.7,2.9,2.1
SUR03259,EMP00935,2025-05-16,2.0,2.1,2.1,1.9
SUR03260,EMP00935,2025-08-10,2.8,3.0,2.2,2.9
SUR03261,EMP00935,2025-11-02,2.1,2.0,3.0,1.7
SUR03262,EMP00935,2026-02-19,2.2,1.5,2.0,2.1
SUR03263,EMP00935,2026-05-31,2.4,3.3,3.2,2.4
SUR03264,EMP00937,2026-03-10,3.8,3.3,3.7,4.0
SUR03265,EMP00937,2026-05-29,3.8,3.4,4.0,4.0
SUR03266,EMP00938,2025-08-23,3.1,3.6,1.6,2.5
SUR03267,EMP00938,2025-11-16,2.6,2.4,2.4,3.5
SUR03268,EMP00938,2026-02-13,1.9,1.0,2.8,2.3
SUR03269,EMP00939,2026-02-04,4.0,3.9,4.5,4.1
SUR03270,EMP00939,2026-05-12,3.6,3.2,3.4,4.0
SUR03271,EMP00941,2024-10-08,2.8,3.1,2.7,3.8
SUR03272,EMP00941,2025-01-23,3.7,3.7,3.0,3.5
SUR03273,EMP00941,2025-04-16,3.9,3.4,3.9,4.4
SUR03274,EMP00941,2025-07-21,3.4,3.8,2.9,3.2
SUR03275,EMP00941,2025-10-30,3.8,4.0,5.0,3.9
SUR03276,EMP00941,2026-02-03,4.1,2.9,3.6,3.3
SUR03277,EMP00941,2026-05-20,3.5,3.4,2.7,2.8
SUR03278,EMP00942,2026-06-16,4.3,4.6,4.2,4.3
SUR03279,EMP00944,2026-02-20,3.4,4.0,3.7,3.9
SUR03280,EMP00944,2026-06-07,3.2,3.3,4.3,3.3
SUR03281,EMP00945,2024-11-18,3.1,2.6,2.3,3.3
SUR03282,EMP00945,2025-02-19,1.7,2.3,2.1,1.6
SUR03283,EMP00946,2025-11-26,3.6,3.6,3.4,4.6
SUR03284,EMP00946,2026-02-28,3.0,3.3,3.8,3.9
SUR03285,EMP00946,2026-06-03,3.5,3.4,3.2,4.2
SUR03286,EMP00947,2025-03-08,4.7,4.1,4.6,4.3
SUR03287,EMP00947,2025-05-28,3.7,3.5,4.0,4.1
SUR03288,EMP00947,2025-09-07,4.2,4.2,,4.3
SUR03289,EMP00947,2025-12-13,2.9,2.8,3.0,3.5
SUR03290,EMP00947,2026-03-13,4.2,4.1,4.7,4.3
SUR03291,EMP00947,2026-06-18,4.1,4.4,5.0,4.2
SUR03292,EMP00948,2023-11-22,3.3,2.8,3.9,3.0
SUR03293,EMP00948,2024-03-07,3.9,3.5,4.1,4.2
SUR03294,EMP00948,2024-06-05,2.4,2.9,2.9,3.4
SUR03295,EMP00950,2024-04-07,4.0,3.8,4.3,4.5
SUR03296,EMP00950,2024-07-14,3.3,3.6,2.9,3.2
SUR03297,EMP00950,2024-10-04,3.8,3.8,4.1,3.5
SUR03298,EMP00950,2025-01-11,3.6,3.8,3.3,4.5
SUR03299,EMP00950,2025-04-02,3.1,2.4,3.9,4.9
SUR03300,EMP00950,2025-07-01,3.3,3.4,3.9,3.8
SUR03301,EMP00950,2025-10-08,3.5,4.0,4.7,3.7
SUR03302,EMP00950,2026-01-04,3.8,4.0,3.3,4.4
SUR03303,EMP00950,2026-04-10,4.5,3.8,3.1,3.7
SUR03304,EMP00950,2026-07-16,4.4,4.0,3.7,4.1
SUR03305,EMP00953,2024-07-14,3.8,3.5,3.8,4.2
SUR03306,EMP00953,2024-10-05,2.5,1.9,2.8,2.6
SUR03307,EMP00953,2025-01-19,3.6,3.8,4.1,3.8
SUR03308,EMP00953,2025-05-04,3.3,3.0,3.2,3.7
SUR03309,EMP00953,2025-08-18,3.4,3.8,3.6,3.0
SUR03310,EMP00953,2025-12-03,3.5,3.7,3.4,4.0
SUR03311,EMP00953,2026-02-24,3.1,3.7,3.0,3.3
SUR03312,EMP00953,2026-05-17,3.2,3.5,3.4,4.3
SUR03313,EMP00954,2025-09-18,,4.0,3.1,4.5
SUR03314,EMP00954,2025-12-23,2.8,2.5,3.0,3.0
SUR03315,EMP00954,2026-04-05,3.3,3.5,3.7,3.7
SUR03316,EMP00954,2026-07-21,2.3,1.5,2.7,3.5
SUR03317,EMP00955,2026-07-11,3.5,4.0,2.6,3.6
SUR03318,EMP00956,2026-03-14,3.4,3.3,3.3,3.2
SUR03319,EMP00956,2026-06-26,3.3,2.4,2.2,4.5
SUR03320,EMP00957,2026-05-16,3.1,2.9,2.9,3.9
SUR03321,EMP00958,2026-01-12,3.8,3.7,4.0,4.4
SUR03322,EMP00958,2026-04-05,3.7,3.5,3.7,3.8
SUR03323,EMP00958,2026-07-17,3.7,4.0,3.4,4.3
SUR03324,EMP00959,2026-01-31,3.1,3.4,1.8,3.0
SUR03325,EMP00959,2026-04-22,3.8,3.6,,3.8
SUR03326,EMP00960,2026-07-08,2.8,3.7,3.6,3.6
SUR03327,EMP00961,2024-10-11,2.9,3.4,2.6,3.5
SUR03328,EMP00962,2025-08-18,2.7,2.8,3.5,2.2
SUR03329,EMP00962,2025-12-03,2.9,2.7,3.1,2.8
SUR03330,EMP00962,2026-03-08,2.8,2.4,3.0,1.7
SUR03331,EMP00962,2026-06-20,2.6,2.3,2.7,2.3
SUR03332,EMP00963,2024-08-11,,1.0,1.5,1.0
SUR03333,EMP00963,2024-11-28,1.7,1.6,1.3,1.4
SUR03334,EMP00966,2023-04-30,4.4,4.4,3.8,4.9
SUR03335,EMP00966,2023-07-20,3.9,4.5,3.4,3.9
SUR03336,EMP00966,2023-10-20,3.9,3.7,4.5,4.5
SUR03337,EMP00966,2024-02-01,3.4,3.5,2.7,2.8
SUR03338,EMP00966,2024-04-30,3.3,3.1,3.5,3.4
SUR03339,EMP00966,2024-08-17,2.4,2.3,4.0,2.4
SUR03340,EMP00966,2024-11-17,1.8,1.9,2.1,1.9
SUR03341,EMP00966,2025-02-05,2.6,2.9,2.9,3.0
SUR03342,EMP00966,2025-05-20,2.6,2.7,2.7,3.2
SUR03343,EMP00966,2025-08-27,2.4,2.2,1.1,2.8
SUR03344,EMP00966,2025-11-28,2.4,2.0,,2.5
SUR03345,EMP00966,2026-03-09,2.4,2.2,3.3,2.4
SUR03346,EMP00967,2026-02-20,2.1,2.3,2.2,2.2
SUR03347,EMP00967,2026-06-04,1.4,1.2,2.7,1.9
SUR03348,EMP00969,2024-06-11,3.1,3.3,2.5,3.3
SUR03349,EMP00969,2024-09-25,1.1,1.0,1.0,1.2
SUR03350,EMP00969,2024-12-25,1.4,1.3,1.3,2.1
SUR03351,EMP00969,2025-03-17,3.2,3.1,3.0,3.1
SUR03352,EMP00970,2025-10-28,3.6,3.8,3.9,3.6
SUR03353,EMP00970,2026-02-05,3.8,3.8,4.1,3.6
SUR03354,EMP00970,2026-05-08,3.7,3.2,3.4,4.5
SUR03355,EMP00972,2023-04-02,3.2,3.3,4.0,4.0
SUR03356,EMP00972,2023-06-23,3.7,3.6,4.1,4.2
SUR03357,EMP00972,2023-10-07,3.8,3.9,4.1,4.0
SUR03358,EMP00972,2024-01-07,4.0,4.5,4.1,4.4
SUR03359,EMP00972,2024-04-02,4.2,3.8,4.4,4.6
SUR03360,EMP00972,2024-07-16,2.9,2.8,3.2,3.5
SUR03361,EMP00972,2024-10-08,2.8,3.4,3.3,3.2
SUR03362,EMP00972,2025-01-11,3.5,3.7,3.6,3.7
SUR03363,EMP00972,2025-04-19,2.8,3.1,3.0,3.2
SUR03364,EMP00972,2025-07-18,3.2,3.4,2.1,4.0
SUR03365,EMP00972,2025-10-27,,3.5,4.0,4.1
SUR03366,EMP00972,2026-02-04,4.0,3.9,4.1,4.6
SUR03367,EMP00972,2026-05-06,3.8,4.3,3.7,3.7
SUR03368,EMP00973,2026-02-12,3.4,4.1,3.9,3.7
SUR03369,EMP00973,2026-05-03,4.3,4.4,3.7,3.7
SUR03370,EMP00974,2024-12-26,3.0,2.6,3.3,3.1
SUR03371,EMP00974,2025-03-21,4.2,4.1,3.5,4.5
SUR03372,EMP00974,2025-06-10,4.4,4.3,,3.9
SUR03373,EMP00974,2025-09-13,3.9,4.8,3.4,4.2
SUR03374,EMP00974,2025-12-30,3.9,4.4,3.0,4.0
SUR03375,EMP00978,2025-07-08,4.4,4.6,4.3,4.3
SUR03376,EMP00978,2025-10-06,3.6,3.9,2.8,3.4
SUR03377,EMP00978,2026-01-11,2.4,2.7,2.2,2.4
SUR03378,EMP00978,2026-04-03,3.7,3.1,3.4,3.7
SUR03379,EMP00978,2026-07-07,3.8,3.5,4.0,4.1
SUR03380,EMP00979,2026-07-25,3.2,3.9,3.4,3.7
SUR03381,EMP00980,2026-06-26,3.3,3.4,3.4,4.3
SUR03382,EMP00981,2025-01-13,1.0,1.0,1.6,1.7
SUR03383,EMP00982,2026-06-22,2.6,2.1,3.7,2.7
SUR03384,EMP00983,2023-05-01,3.0,2.9,2.7,3.3
SUR03385,EMP00983,2023-08-01,2.5,2.9,2.7,2.7
SUR03386,EMP00983,2023-10-26,3.6,3.9,2.9,4.8
SUR03387,EMP00983,2024-01-24,4.0,3.6,3.6,4.6
SUR03388,EMP00983,2024-05-08,3.3,2.9,3.5,4.5
SUR03389,EMP00983,2024-08-08,2.7,2.6,3.9,3.6
SUR03390,EMP00983,2024-11-16,2.7,2.6,2.2,2.2
SUR03391,EMP00983,2025-03-05,4.3,3.7,4.5,4.7
SUR03392,EMP00983,2025-05-30,3.5,3.1,3.7,3.8
SUR03393,EMP00983,2025-08-25,3.4,2.9,2.2,4.0
SUR03394,EMP00983,2025-11-24,2.7,2.9,3.3,3.4
SUR03395,EMP00983,2026-03-07,3.1,2.3,3.6,3.8
SUR03396,EMP00983,2026-06-14,3.2,3.5,3.6,4.0
SUR03397,EMP00984,2025-11-12,1.9,1.8,1.9,2.6
SUR03398,EMP00985,2024-09-14,4.3,4.9,4.9,5.0
SUR03399,EMP00985,2024-12-04,3.7,3.4,5.0,4.2
SUR03400,EMP00985,2025-03-02,3.8,4.0,2.3,3.9
SUR03401,EMP00985,2025-05-29,3.4,3.8,4.2,4.1
SUR03402,EMP00985,2025-09-14,3.6,4.0,3.7,4.0
SUR03403,EMP00985,2025-12-25,3.4,3.0,4.0,3.0
SUR03404,EMP00985,2026-03-27,3.8,3.5,4.2,3.9
SUR03405,EMP00985,2026-06-24,3.6,3.8,3.1,4.0
SUR03406,EMP00986,2024-03-23,1.0,1.0,1.5,1.0
SUR03407,EMP00986,2024-06-18,3.0,3.2,2.4,2.4
SUR03408,EMP00986,2024-10-04,2.1,1.6,1.1,1.7
SUR03409,EMP00987,2023-09-16,3.9,3.5,3.6,3.8
SUR03410,EMP00987,2023-12-20,3.9,4.0,4.2,4.0
SUR03411,EMP00987,2024-03-30,3.6,3.1,4.0,5.0
SUR03412,EMP00987,2024-06-26,3.3,4.1,3.2,3.5
SUR03413,EMP00987,2024-09-25,,3.0,,3.2
SUR03414,EMP00987,2024-12-16,2.4,3.2,1.8,2.4
SUR03415,EMP00987,2025-03-25,3.0,3.2,2.3,3.2
SUR03416,EMP00988,2026-02-14,3.3,3.3,3.6,3.4
SUR03417,EMP00988,2026-05-14,3.6,2.2,3.1,4.4
SUR03418,EMP00989,2025-02-19,5.0,5.0,4.7,5.0
SUR03419,EMP00989,2025-05-22,3.1,2.9,3.8,3.7
SUR03420,EMP00989,2025-09-03,4.4,4.4,3.8,4.2
SUR03421,EMP00989,2025-11-30,4.1,4.6,4.1,4.2
SUR03422,EMP00989,2026-03-19,3.2,2.5,3.2,3.0
SUR03423,EMP00989,2026-06-12,2.8,2.6,3.3,3.3
SUR03424,EMP00990,2026-03-19,4.5,4.6,4.9,4.6
SUR03425,EMP00990,2026-06-13,4.0,4.0,4.1,3.9
SUR03426,EMP00991,2023-08-17,3.8,3.5,3.3,3.5
SUR03427,EMP00991,2023-11-16,3.4,3.7,3.5,4.4
SUR03428,EMP00991,2024-02-28,3.3,3.0,2.2,2.7
SUR03429,EMP00991,2024-06-03,3.9,4.5,4.6,4.4
SUR03430,EMP00991,2024-09-03,3.7,3.6,3.0,4.0
SUR03431,EMP00991,2024-11-25,3.9,4.1,3.9,4.6
SUR03432,EMP00991,2025-03-12,4.1,5.0,3.9,4.2
SUR03433,EMP00991,2025-06-25,4.4,5.0,3.2,3.7
SUR03434,EMP00991,2025-09-28,2.5,2.4,2.1,4.0
SUR03435,EMP00991,2025-12-30,3.0,2.8,2.3,3.8
SUR03436,EMP00991,2026-03-31,4.1,4.6,3.9,4.8
SUR03437,EMP00991,2026-06-25,2.6,2.3,2.9,2.9
SUR03438,EMP00992,2025-01-01,,3.2,2.4,3.2
SUR03439,EMP00993,2025-09-03,3.1,3.1,2.7,3.3
SUR03440,EMP00993,2025-12-10,3.3,4.0,3.0,2.9
SUR03441,EMP00993,2026-03-10,3.4,3.0,3.7,3.7
SUR03442,EMP00993,2026-06-15,3.8,4.3,4.3,4.5
SUR03443,EMP00994,2026-05-03,3.7,3.3,4.4,3.6
SUR03444,EMP00995,2025-01-03,4.2,3.8,3.6,4.1
SUR03445,EMP00995,2025-04-03,3.0,2.8,3.1,3.8
SUR03446,EMP00995,2025-07-12,2.4,2.6,2.0,3.5
SUR03447,EMP00995,2025-10-24,3.8,3.3,4.8,3.6
SUR03448,EMP00995,2026-02-02,3.7,3.9,4.4,4.4
SUR03449,EMP00995,2026-05-02,3.9,4.4,4.2,4.5
SUR03450,EMP00995,2026-07-23,4.1,4.6,5.0,4.7
SUR03451,EMP00996,2025-12-18,3.4,3.1,3.0,3.8
SUR03452,EMP00996,2026-04-01,4.0,4.0,3.6,4.4
SUR03453,EMP00996,2026-07-06,4.4,4.7,4.6,4.5
SUR03454,EMP00998,2025-12-19,3.5,3.4,3.2,4.3
SUR03455,EMP00998,2026-03-20,4.1,4.3,4.0,4.9
SUR03456,EMP00998,2026-06-29,3.7,3.6,3.6,4.3
SUR03457,EMP00999,2024-09-14,2.2,2.7,2.8,2.2
SUR03458,EMP00999,2024-12-11,3.0,3.1,2.9,3.2
SUR03459,EMP00999,2025-03-11,2.6,2.6,2.2,3.1
SUR03460,EMP01000,2023-02-27,2.6,2.9,1.8,2.2
SUR03461,EMP01000,2023-06-03,3.2,3.2,3.2,4.0
SUR03462,EMP01001,2026-07-08,4.1,3.8,3.3,3.4
SUR03463,EMP01002,2023-02-19,2.2,1.8,2.4,2.8
SUR03464,EMP01002,2023-06-06,2.2,2.5,1.3,3.3
SUR03465,EMP01003,2026-07-17,3.0,3.1,1.9,3.1
SUR03466,EMP01004,2025-08-31,3.4,2.8,3.8,3.4
SUR03467,EMP01004,2025-11-29,4.0,3.7,5.0,4.0
SUR03468,EMP01004,2026-02-28,3.5,3.7,3.7,3.8
SUR03469,EMP01004,2026-05-28,,3.6,3.7,2.8
SUR03470,EMP01006,2026-05-28,4.1,3.8,3.9,4.7
SUR03471,EMP01008,2025-02-14,3.4,3.8,3.3,3.8
SUR03472,EMP01008,2025-05-29,3.2,3.1,3.1,3.3
SUR03473,EMP01008,2025-09-14,3.3,3.1,3.0,4.3
SUR03474,EMP01009,2026-04-10,3.7,3.1,4.8,4.2
SUR03475,EMP01009,2026-07-04,3.7,3.8,4.0,3.9
SUR03476,EMP01010,2025-04-08,2.3,2.1,2.3,2.4
SUR03477,EMP01011,2025-07-02,3.9,4.1,4.3,3.9
SUR03478,EMP01011,2025-09-24,3.9,3.7,3.9,5.0
SUR03479,EMP01011,2026-01-01,,4.0,3.7,4.6
SUR03480,EMP01011,2026-04-18,4.4,4.1,4.6,5.0
SUR03481,EMP01013,2026-07-09,4.3,4.2,3.4,4.7
SUR03482,EMP01015,2026-04-03,2.7,2.7,2.6,1.7
SUR03483,EMP01015,2026-07-13,2.9,2.9,3.5,1.2
SUR03484,EMP01016,2025-05-21,3.5,3.4,3.5,3.6
SUR03485,EMP01016,2025-09-03,4.2,4.0,3.3,3.9
SUR03486,EMP01016,2025-12-09,3.5,3.8,4.1,3.9
SUR03487,EMP01016,2026-03-10,3.4,3.3,3.3,2.6
SUR03488,EMP01016,2026-06-09,2.9,3.1,2.9,2.6
SUR03489,EMP01017,2025-05-13,3.5,3.4,3.0,3.6
SUR03490,EMP01017,2025-08-09,4.1,3.7,4.3,4.7
SUR03491,EMP01017,2025-11-04,2.8,3.2,3.3,3.5
SUR03492,EMP01017,2026-01-25,4.9,4.4,3.8,5.0
SUR03493,EMP01017,2026-05-04,2.9,2.7,3.7,3.2
SUR03494,EMP01018,2026-03-14,2.7,2.2,2.7,2.2
SUR03495,EMP01018,2026-06-18,3.0,2.7,2.6,2.6
SUR03496,EMP01019,2024-09-09,3.3,3.5,,3.4
SUR03497,EMP01019,2024-12-01,3.5,3.2,3.2,3.6
SUR03498,EMP01019,2025-03-02,2.1,2.9,1.6,2.8
SUR03499,EMP01019,2025-05-25,,2.5,2.4,3.1
SUR03500,EMP01019,2025-09-01,3.1,3.6,3.8,3.2
SUR03501,EMP01020,2024-02-13,2.7,2.9,3.4,3.2
SUR03502,EMP01020,2024-05-15,3.9,4.4,3.2,3.5
SUR03503,EMP01020,2024-08-30,2.6,2.5,3.9,3.0
SUR03504,EMP01020,2024-11-23,2.8,2.1,3.8,3.3
SUR03505,EMP01020,2025-02-22,4.0,3.8,4.3,4.6
SUR03506,EMP01020,2025-05-31,2.8,2.8,3.8,3.2
SUR03507,EMP01020,2025-09-10,3.2,3.4,2.1,3.9
SUR03508,EMP01020,2025-12-23,2.4,1.5,2.4,2.5
SUR03509,EMP01020,2026-04-01,3.5,3.7,3.6,4.4
SUR03510,EMP01020,2026-07-03,4.3,4.7,4.1,5.0
SUR03511,EMP01021,2025-02-17,3.8,3.8,3.1,3.9
SUR03512,EMP01021,2025-05-13,3.6,3.9,4.2,4.3
SUR03513,EMP01021,2025-08-08,,1.2,1.7,1.7
SUR03514,EMP01021,2025-11-11,2.9,3.4,2.4,2.6
SUR03515,EMP01022,2024-12-19,3.6,4.3,2.7,4.2
SUR03516,EMP01022,2025-04-03,3.8,3.7,3.1,3.2
SUR03517,EMP01022,2025-06-24,,4.8,3.1,5.0
SUR03518,EMP01022,2025-09-20,2.9,3.0,3.2,3.5
SUR03519,EMP01022,2026-01-04,3.5,3.6,3.8,3.3
SUR03520,EMP01022,2026-04-19,4.2,4.8,4.2,4.1
SUR03521,EMP01022,2026-07-13,1.5,1.1,1.8,1.8
SUR03522,EMP01024,2024-09-08,3.1,2.9,3.2,3.1
SUR03523,EMP01025,2023-05-27,2.2,1.5,3.0,2.7
SUR03524,EMP01025,2023-08-24,3.6,3.3,3.5,4.2
SUR03525,EMP01025,2023-11-25,3.4,3.5,3.7,4.0
SUR03526,EMP01025,2024-02-26,,3.2,3.0,3.8
SUR03527,EMP01026,2023-02-06,2.2,1.8,2.8,3.8
SUR03528,EMP01029,2025-03-07,2.8,2.7,2.6,3.3
SUR03529,EMP01029,2025-06-06,3.3,3.1,4.0,3.8
SUR03530,EMP01029,2025-09-11,2.9,3.5,3.5,3.3
SUR03531,EMP01029,2025-12-13,1.9,2.5,1.9,2.3
SUR03532,EMP01029,2026-03-12,2.8,2.9,2.9,2.9
SUR03533,EMP01029,2026-06-19,3.4,3.6,2.4,3.2
SUR03534,EMP01030,2026-02-26,5.0,5.0,4.7,4.3
SUR03535,EMP01030,2026-05-27,3.5,3.9,3.0,3.9
SUR03536,EMP01031,2024-08-20,2.9,2.9,2.9,3.0
SUR03537,EMP01031,2024-12-04,2.9,2.8,2.5,3.6
SUR03538,EMP01033,2026-05-08,3.3,2.9,3.4,4.2
SUR03539,EMP01034,2023-11-02,4.6,4.4,3.8,5.0
SUR03540,EMP01034,2024-02-05,3.8,4.5,3.3,3.7
SUR03541,EMP01034,2024-05-03,4.2,4.4,,4.1
SUR03542,EMP01034,2024-08-11,3.6,3.7,3.8,3.7
SUR03543,EMP01034,2024-11-09,3.0,2.5,2.6,3.3
SUR03544,EMP01034,2025-02-06,3.3,3.5,3.1,3.9
SUR03545,EMP01034,2025-05-12,4.5,4.0,4.3,5.0
SUR03546,EMP01034,2025-08-15,3.2,3.1,4.2,3.2
SUR03547,EMP01034,2025-11-17,3.0,3.0,2.9,3.0
SUR03548,EMP01034,2026-02-14,2.7,2.8,1.8,3.9
SUR03549,EMP01034,2026-06-02,3.9,3.9,3.4,4.4
SUR03550,EMP01035,2025-05-18,3.6,3.7,4.5,4.3
SUR03551,EMP01035,2025-09-04,2.7,2.4,3.2,3.6
SUR03552,EMP01035,2025-12-02,3.1,2.8,3.1,3.5
SUR03553,EMP01035,2026-03-10,3.5,3.3,3.7,3.6
SUR03554,EMP01035,2026-06-05,4.0,4.2,3.9,4.4
SUR03555,EMP01038,2025-07-17,4.9,4.4,4.3,4.3
SUR03556,EMP01038,2025-11-03,3.4,2.7,3.6,4.3
SUR03557,EMP01038,2026-02-02,3.5,4.1,4.2,4.0
SUR03558,EMP01038,2026-05-11,3.7,4.2,3.7,3.4
SUR03559,EMP01039,2025-11-08,2.3,2.6,2.1,2.0
SUR03560,EMP01039,2026-02-22,3.6,3.8,2.9,3.1
SUR03561,EMP01039,2026-05-22,4.4,4.1,4.4,4.4
SUR03562,EMP01040,2024-05-13,3.3,3.3,3.6,3.6
SUR03563,EMP01040,2024-08-05,4.4,4.0,4.4,4.6
SUR03564,EMP01040,2024-11-18,4.8,3.9,4.4,5.0
SUR03565,EMP01040,2025-03-07,4.5,4.7,4.5,4.2
SUR03566,EMP01040,2025-06-13,3.7,3.6,2.9,3.2
SUR03567,EMP01040,2025-09-06,2.9,2.9,3.3,3.4
SUR03568,EMP01040,2025-12-22,3.8,3.5,3.0,3.8
SUR03569,EMP01040,2026-04-06,3.3,3.4,3.9,3.4
SUR03570,EMP01040,2026-07-12,2.8,2.6,2.5,3.5
SUR03571,EMP01042,2024-09-10,3.6,3.2,3.9,3.5
SUR03572,EMP01042,2024-12-13,2.9,2.2,3.4,3.7
SUR03573,EMP01042,2025-03-18,4.8,5.0,4.6,5.0
SUR03574,EMP01042,2025-06-08,4.5,5.0,4.5,5.0
SUR03575,EMP01042,2025-09-06,3.2,3.2,3.5,2.8
SUR03576,EMP01042,2025-12-07,3.0,3.4,2.7,2.8
SUR03577,EMP01042,2026-03-15,2.9,3.4,3.9,3.4
SUR03578,EMP01042,2026-06-29,3.9,4.1,4.4,4.2
SUR03579,EMP01045,2025-11-12,,2.8,3.1,3.0
SUR03580,EMP01045,2026-02-16,,3.6,3.6,3.4
SUR03581,EMP01045,2026-05-09,3.1,3.3,3.2,2.5
SUR03582,EMP01046,2025-08-14,3.6,2.9,3.4,4.3
SUR03583,EMP01046,2025-11-10,4.2,4.2,3.8,4.4
SUR03584,EMP01046,2026-02-18,4.1,4.0,4.1,4.7
SUR03585,EMP01046,2026-05-22,4.0,4.0,4.3,4.5
SUR03586,EMP01047,2024-09-25,3.7,3.2,3.4,4.0
SUR03587,EMP01047,2025-01-09,3.4,3.6,3.6,4.1
SUR03588,EMP01047,2025-04-17,3.7,3.8,3.4,3.6
SUR03589,EMP01047,2025-08-01,3.9,3.6,4.6,4.4
SUR03590,EMP01047,2025-10-24,2.5,2.6,2.6,3.5
SUR03591,EMP01048,2024-06-04,3.4,3.1,3.7,3.4
SUR03592,EMP01048,2024-09-12,2.9,3.6,2.6,3.9
SUR03593,EMP01048,2024-12-11,2.9,2.6,3.0,3.3
SUR03594,EMP01048,2025-03-05,2.6,2.4,3.0,3.8
SUR03595,EMP01048,2025-05-27,1.7,2.2,1.0,3.0
SUR03596,EMP01048,2025-09-05,2.1,2.2,2.6,3.2
SUR03597,EMP01048,2025-12-23,2.0,1.7,2.1,2.4
SUR03598,EMP01049,2024-08-20,4.3,4.3,4.6,4.5
SUR03599,EMP01049,2024-12-05,3.8,3.4,3.6,4.4
SUR03600,EMP01049,2025-03-19,2.8,2.6,3.3,3.1
SUR03601,EMP01049,2025-06-10,3.7,4.0,3.8,4.4
SUR03602,EMP01049,2025-09-08,3.8,3.9,2.3,3.3
SUR03603,EMP01049,2025-12-12,3.4,2.9,2.8,3.6
SUR03604,EMP01049,2026-03-08,3.5,3.4,4.4,3.4
SUR03605,EMP01049,2026-05-30,3.9,3.2,3.8,3.6
SUR03606,EMP01050,2024-07-17,3.2,3.2,3.8,2.9
SUR03607,EMP01050,2024-11-01,4.2,5.0,,4.6
SUR03608,EMP01050,2025-01-21,2.3,1.8,1.9,2.6
SUR03609,EMP01050,2025-05-05,2.7,2.7,2.7,2.1
SUR03610,EMP01050,2025-07-29,2.0,2.0,1.5,2.4
SUR03611,EMP01051,2026-05-27,3.8,3.7,4.1,4.6
SUR03612,EMP01052,2025-02-22,2.5,2.2,2.5,2.2
SUR03613,EMP01052,2025-05-20,2.5,2.2,2.4,2.8
SUR03614,EMP01053,2023-06-23,2.2,2.4,2.8,2.7
SUR03615,EMP01053,2023-09-21,1.6,1.9,1.8,2.8
SUR03616,EMP01053,2023-12-24,2.4,2.5,1.5,2.8
SUR03617,EMP01053,2024-03-15,1.2,1.4,2.3,1.5
SUR03618,EMP01059,2025-04-12,2.3,2.5,2.4,2.8
SUR03619,EMP01059,2025-07-26,4.2,4.4,4.4,4.2
SUR03620,EMP01059,2025-10-25,2.2,2.6,2.6,2.1
SUR03621,EMP01059,2026-01-22,2.2,1.9,1.7,2.9
SUR03622,EMP01059,2026-04-21,2.9,3.3,1.7,2.7
SUR03623,EMP01060,2026-04-19,3.5,3.9,3.9,4.3
SUR03624,EMP01061,2026-02-03,5.0,4.6,5.0,5.0
SUR03625,EMP01061,2026-05-03,4.1,4.4,3.6,4.0
SUR03626,EMP01062,2024-05-04,3.7,3.8,3.9,4.2
SUR03627,EMP01062,2024-08-05,3.8,3.9,3.9,4.2
SUR03628,EMP01062,2024-10-31,2.8,2.9,3.4,2.3
SUR03629,EMP01062,2025-02-10,2.8,2.7,3.0,3.8
SUR03630,EMP01062,2025-05-14,3.0,3.1,3.5,3.8
SUR03631,EMP01062,2025-08-17,3.5,3.3,2.3,2.1
SUR03632,EMP01062,2025-11-11,2.6,2.6,2.4,2.6
SUR03633,EMP01062,2026-02-07,2.9,3.4,4.3,2.9
SUR03634,EMP01063,2026-06-12,2.7,2.7,3.0,3.4
SUR03635,EMP01064,2024-09-22,3.7,3.4,5.0,4.1
SUR03636,EMP01064,2024-12-22,2.5,2.5,2.9,3.8
SUR03637,EMP01064,2025-03-27,3.7,4.3,4.8,4.4
SUR03638,EMP01064,2025-06-18,3.6,3.9,3.5,3.3
SUR03639,EMP01064,2025-10-03,3.9,4.0,3.0,3.6
SUR03640,EMP01064,2026-01-11,2.8,2.4,2.8,3.1
SUR03641,EMP01064,2026-04-12,,3.1,3.1,4.2
SUR03642,EMP01066,2025-09-20,3.5,3.6,3.5,4.5
SUR03643,EMP01066,2025-12-12,3.9,3.8,4.1,4.1
SUR03644,EMP01066,2026-03-27,3.6,3.6,3.5,3.4
SUR03645,EMP01066,2026-07-12,4.4,3.9,3.8,5.0
SUR03646,EMP01067,2025-11-05,2.8,2.7,1.4,2.3
SUR03647,EMP01067,2026-02-21,2.1,1.9,2.8,1.7
SUR03648,EMP01067,2026-06-02,1.9,2.1,2.0,1.0
SUR03649,EMP01068,2025-10-25,4.2,4.4,4.0,3.4
SUR03650,EMP01068,2026-01-22,2.5,2.7,2.2,3.8
SUR03651,EMP01068,2026-05-02,4.1,4.2,2.7,4.2
SUR03652,EMP01069,2023-11-29,3.0,3.0,,3.5
SUR03653,EMP01069,2024-02-25,3.9,4.5,3.9,4.8
SUR03654,EMP01069,2024-05-27,1.4,1.4,1.9,2.1
SUR03655,EMP01069,2024-09-07,2.9,2.9,2.7,4.0
SUR03656,EMP01069,2024-12-05,2.1,1.8,1.0,3.3
SUR03657,EMP01071,2024-11-11,2.1,2.0,1.2,1.4
SUR03658,EMP01071,2025-02-17,3.4,3.1,3.2,3.4
SUR03659,EMP01071,2025-05-16,3.5,3.7,2.8,3.7
SUR03660,EMP01071,2025-09-01,3.7,3.3,3.2,2.7
SUR03661,EMP01071,2025-12-02,3.3,3.5,3.7,3.1
SUR03662,EMP01071,2026-02-24,3.1,3.0,3.7,2.6
SUR03663,EMP01071,2026-05-27,1.8,1.8,2.3,1.9
SUR03664,EMP01072,2024-03-02,3.8,4.1,3.8,4.1
SUR03665,EMP01072,2024-05-23,3.5,3.5,3.8,3.7
SUR03666,EMP01072,2024-08-23,,2.8,2.3,2.4
SUR03667,EMP01072,2024-11-23,3.0,3.6,1.9,4.2
SUR03668,EMP01072,2025-02-23,1.5,1.5,1.3,2.4
SUR03669,EMP01072,2025-05-18,3.1,3.6,3.8,4.1
SUR03670,EMP01072,2025-09-01,2.9,3.3,2.8,3.9
SUR03671,EMP01076,2026-06-11,2.9,3.1,2.9,4.0
SUR03672,EMP01077,2026-01-14,3.5,3.5,3.1,3.3
SUR03673,EMP01077,2026-04-12,3.0,2.6,2.8,3.3
SUR03674,EMP01077,2026-07-25,3.4,3.7,3.0,4.1
SUR03675,EMP01078,2025-09-08,2.5,2.4,2.0,3.6
SUR03676,EMP01078,2025-12-04,3.2,3.3,3.4,3.5
SUR03677,EMP01078,2026-03-01,3.2,3.6,3.3,3.6
SUR03678,EMP01078,2026-06-07,2.8,3.1,3.4,4.0
SUR03679,EMP01079,2023-11-22,2.9,3.4,2.6,3.2
SUR03680,EMP01079,2024-03-09,2.2,2.3,1.9,2.3
SUR03681,EMP01079,2024-06-07,2.1,1.4,1.1,2.4
SUR03682,EMP01080,2025-05-10,2.6,2.8,2.2,3.6
SUR03683,EMP01080,2025-08-22,2.0,1.7,1.7,3.1
SUR03684,EMP01081,2025-03-12,4.2,4.0,4.8,4.1
SUR03685,EMP01081,2025-06-02,3.4,4.0,3.9,4.1
SUR03686,EMP01081,2025-08-23,3.4,3.3,2.8,3.2
SUR03687,EMP01081,2025-11-24,4.0,3.8,3.2,3.7
SUR03688,EMP01081,2026-02-27,3.7,4.1,3.6,5.0
SUR03689,EMP01081,2026-06-12,4.2,4.1,4.3,4.5
SUR03690,EMP01082,2024-10-15,4.0,4.1,2.8,3.2
SUR03691,EMP01082,2025-02-01,3.0,2.8,2.8,2.6
SUR03692,EMP01082,2025-05-05,2.0,2.0,2.8,2.5
SUR03693,EMP01082,2025-07-26,2.8,2.8,2.7,2.8
SUR03694,EMP01082,2025-10-23,2.2,2.2,1.6,1.6
SUR03695,EMP01083,2026-03-27,3.1,2.9,2.4,3.1
SUR03696,EMP01083,2026-07-11,3.3,3.0,4.3,3.1
SUR03697,EMP01084,2025-08-26,,4.2,5.0,5.0
SUR03698,EMP01084,2025-11-20,2.8,2.5,3.6,3.2
SUR03699,EMP01084,2026-03-01,4.3,4.8,4.5,5.0
SUR03700,EMP01084,2026-06-18,4.0,4.4,4.7,4.3
SUR03701,EMP01085,2023-10-24,4.4,4.1,4.3,5.0
SUR03702,EMP01085,2024-01-30,3.9,4.4,2.6,4.1
SUR03703,EMP01085,2024-05-01,3.3,3.4,3.7,3.8
SUR03704,EMP01085,2024-07-23,,4.3,4.6,4.4
SUR03705,EMP01085,2024-11-01,4.9,5.0,5.0,5.0
SUR03706,EMP01085,2025-02-02,3.6,3.9,4.0,3.4
SUR03707,EMP01085,2025-05-15,2.4,1.9,1.6,2.9
SUR03708,EMP01085,2025-08-13,4.1,3.8,5.0,3.9
SUR03709,EMP01085,2025-11-19,3.6,3.1,3.4,4.5
SUR03710,EMP01085,2026-03-03,3.4,3.0,3.1,3.7
SUR03711,EMP01085,2026-06-12,2.6,2.3,4.3,3.7
SUR03712,EMP01086,2024-08-21,4.0,4.2,4.6,4.7
SUR03713,EMP01086,2024-11-29,3.8,4.3,3.3,4.5
SUR03714,EMP01086,2025-02-21,3.4,3.0,4.0,3.6
SUR03715,EMP01086,2025-05-16,2.7,3.0,3.6,4.2
SUR03716,EMP01086,2025-08-30,3.3,3.3,3.3,2.9
SUR03717,EMP01086,2025-12-13,3.6,3.6,3.3,4.3
SUR03718,EMP01086,2026-03-19,3.2,3.3,4.5,3.6
SUR03719,EMP01086,2026-06-29,3.4,3.1,2.5,3.4
SUR03720,EMP01088,2023-09-27,2.9,3.4,3.4,3.0
SUR03721,EMP01088,2024-01-13,3.3,3.2,3.1,3.9
SUR03722,EMP01088,2024-04-26,3.2,3.0,3.3,3.3
SUR03723,EMP01088,2024-07-25,3.1,2.8,3.4,2.9
SUR03724,EMP01088,2024-10-15,2.1,2.0,1.9,2.0
SUR03725,EMP01088,2025-01-10,3.0,3.1,2.6,2.5
SUR03726,EMP01088,2025-04-04,2.3,2.0,1.8,3.0
SUR03727,EMP01088,2025-07-04,1.0,1.5,1.4,1.6
SUR03728,EMP01088,2025-10-15,2.3,2.5,1.5,3.0
SUR03729,EMP01088,2026-01-07,1.2,1.0,1.7,1.9
SUR03730,EMP01089,2026-07-01,,3.4,3.5,4.7
SUR03731,EMP01090,2025-08-23,3.8,3.5,3.1,3.9
SUR03732,EMP01090,2025-12-08,4.1,4.5,4.2,3.8
SUR03733,EMP01090,2026-03-20,4.2,4.4,4.0,5.0
SUR03734,EMP01090,2026-06-16,4.0,4.0,4.3,4.5
SUR03735,EMP01091,2025-07-07,4.5,4.0,5.0,5.0
SUR03736,EMP01091,2025-10-21,4.1,3.7,4.0,3.6
SUR03737,EMP01091,2026-02-01,3.1,3.5,4.0,3.6
SUR03738,EMP01091,2026-04-23,2.9,3.5,3.0,3.7
SUR03739,EMP01091,2026-07-22,3.7,2.7,3.9,4.6
SUR03740,EMP01092,2025-11-01,3.0,3.1,3.0,4.1
SUR03741,EMP01093,2026-06-23,3.7,3.5,4.5,3.8
SUR03742,EMP01094,2025-02-27,3.9,4.6,2.6,4.3
SUR03743,EMP01094,2025-06-15,3.0,2.1,3.3,3.6
SUR03744,EMP01094,2025-09-18,3.8,3.7,3.0,3.9
SUR03745,EMP01094,2025-12-15,3.4,3.6,3.7,4.0
SUR03746,EMP01094,2026-03-13,3.7,3.7,,4.5
SUR03747,EMP01094,2026-06-04,4.0,3.8,2.8,4.2
SUR03748,EMP01095,2026-01-04,1.8,1.2,2.4,2.8
SUR03749,EMP01095,2026-04-12,3.0,3.3,2.3,2.3
SUR03750,EMP01095,2026-07-15,3.1,2.9,,3.3
SUR03751,EMP01096,2025-10-06,4.0,3.9,4.3,4.0
SUR03752,EMP01096,2026-01-21,4.2,4.4,3.1,2.9
SUR03753,EMP01096,2026-04-27,4.3,4.1,4.2,4.0
SUR03754,EMP01096,2026-07-17,3.4,3.3,2.9,3.6
SUR03755,EMP01097,2024-11-03,2.6,2.7,2.8,3.0
SUR03756,EMP01097,2025-02-15,2.7,2.1,3.9,2.9
SUR03757,EMP01097,2025-05-18,1.8,1.7,2.0,2.2
SUR03758,EMP01098,2026-07-05,4.2,4.9,3.6,3.8
SUR03759,EMP01100,2025-12-31,5.0,5.0,4.6,4.8
SUR03760,EMP01100,2026-04-16,3.1,3.3,,3.3
SUR03761,EMP01100,2026-07-24,4.1,4.1,4.4,4.2
SUR03762,EMP01101,2026-07-01,,4.1,3.6,4.4
SUR03763,EMP01102,2026-07-15,3.1,3.0,3.7,2.8
SUR03764,EMP01103,2026-02-19,5.0,4.9,4.7,5.0
SUR03765,EMP01103,2026-05-12,2.8,2.5,3.0,3.2
SUR03766,EMP01104,2026-06-18,4.5,4.8,4.2,4.7
SUR03767,EMP01105,2026-02-28,2.8,2.8,3.2,2.9
SUR03768,EMP01105,2026-06-12,3.2,3.3,3.1,3.2
SUR03769,EMP01106,2026-02-09,3.7,3.7,3.2,3.4
SUR03770,EMP01106,2026-05-03,2.9,3.1,3.8,3.5
SUR03771,EMP01107,2025-12-28,2.8,2.7,3.4,2.9
SUR03772,EMP01108,2026-04-19,4.8,5.0,3.6,4.5
SUR03773,EMP01109,2024-05-29,2.2,2.1,3.1,2.9
SUR03774,EMP01110,2026-07-03,1.9,2.6,2.6,3.1
SUR03775,EMP01111,2026-07-11,2.2,1.8,1.6,2.6
SUR03776,EMP01112,2023-03-16,2.6,2.4,2.9,2.2
SUR03777,EMP01112,2023-06-17,1.8,1.8,1.9,1.6
SUR03778,EMP01112,2023-09-24,2.6,2.5,3.1,2.6
SUR03779,EMP01112,2024-01-07,3.3,2.8,2.6,2.3
SUR03780,EMP01112,2024-03-29,3.8,3.7,2.8,2.5
SUR03781,EMP01112,2024-07-04,1.6,1.9,2.2,1.7
SUR03782,EMP01112,2024-10-16,1.6,1.0,1.1,1.5
SUR03783,EMP01112,2025-01-12,2.9,2.8,2.2,2.5
SUR03784,EMP01112,2025-04-06,1.8,1.4,1.8,1.6
SUR03785,EMP01112,2025-07-23,3.4,2.9,2.9,3.0
SUR03786,EMP01112,2025-11-09,3.2,2.3,3.2,1.7
SUR03787,EMP01112,2026-02-19,4.0,3.9,4.6,3.1
SUR03788,EMP01112,2026-05-13,2.7,2.6,2.7,2.2
SUR03789,EMP01113,2026-06-26,4.0,3.9,3.5,4.7
SUR03790,EMP01114,2024-03-30,3.0,2.9,3.4,3.4
SUR03791,EMP01114,2024-07-03,3.0,2.9,3.6,3.5
SUR03792,EMP01114,2024-10-04,3.3,3.9,3.5,4.0
SUR03793,EMP01114,2025-01-06,4.4,4.9,4.3,4.6
SUR03794,EMP01114,2025-04-21,3.6,3.6,2.9,3.7
SUR03795,EMP01114,2025-07-20,3.5,3.1,3.3,3.4
SUR03796,EMP01114,2025-10-24,3.2,3.5,3.4,3.8
SUR03797,EMP01114,2026-02-04,3.6,3.3,4.0,4.2
SUR03798,EMP01114,2026-04-27,3.3,3.2,3.8,3.9
SUR03799,EMP01115,2025-02-10,1.7,1.9,1.0,1.9
SUR03800,EMP01116,2026-04-18,3.6,3.8,3.4,3.6
SUR03801,EMP01117,2024-05-18,2.4,2.6,2.0,2.5
SUR03802,EMP01117,2024-09-02,3.4,2.8,3.6,3.4
SUR03803,EMP01117,2024-11-23,3.1,3.1,2.3,3.4
SUR03804,EMP01117,2025-03-05,2.5,2.6,3.2,1.9
SUR03805,EMP01117,2025-06-18,1.0,1.5,1.6,1.1
SUR03806,EMP01117,2025-09-15,1.6,1.4,1.9,2.0
SUR03807,EMP01117,2025-12-31,1.9,1.5,1.5,1.0
SUR03808,EMP01118,2026-06-05,3.7,3.6,4.4,3.6
SUR03809,EMP01119,2026-06-04,3.4,3.3,3.5,4.7
SUR03810,EMP01121,2022-12-02,3.8,2.9,4.0,4.1
SUR03811,EMP01121,2023-03-21,3.1,2.9,3.2,3.3
SUR03812,EMP01121,2023-06-17,2.4,2.3,2.9,3.0
SUR03813,EMP01121,2023-09-11,4.5,4.0,4.1,4.2
SUR03814,EMP01121,2023-12-29,3.6,4.0,4.0,3.7
SUR03815,EMP01121,2024-04-12,2.8,2.5,3.6,2.7
SUR03816,EMP01121,2024-07-23,2.9,2.9,2.6,3.3
SUR03817,EMP01121,2024-10-30,2.1,1.8,2.4,2.4
SUR03818,EMP01121,2025-02-07,2.1,2.3,2.0,2.3
SUR03819,EMP01121,2025-05-12,2.0,2.3,1.9,2.0
SUR03820,EMP01121,2025-08-09,2.7,2.9,2.8,2.7
SUR03821,EMP01122,2024-12-16,4.6,4.1,4.8,4.7
SUR03822,EMP01122,2025-03-14,3.9,3.9,4.5,4.2
SUR03823,EMP01122,2025-06-25,2.9,3.2,3.6,3.3
SUR03824,EMP01122,2025-09-19,4.7,4.8,3.4,4.5
SUR03825,EMP01122,2025-12-30,3.6,4.2,3.4,4.1
SUR03826,EMP01122,2026-04-07,3.2,3.7,3.5,2.8
SUR03827,EMP01123,2025-12-20,2.5,2.4,2.9,2.3
SUR03828,EMP01123,2026-03-14,3.2,3.2,4.1,3.7
SUR03829,EMP01123,2026-06-25,3.9,4.2,3.4,4.0
SUR03830,EMP01125,2025-12-12,4.1,3.5,4.4,4.2
SUR03831,EMP01125,2026-03-08,3.7,4.3,3.6,4.1
SUR03832,EMP01125,2026-06-06,4.2,3.8,4.9,4.8
SUR03833,EMP01126,2024-10-05,2.5,2.5,2.3,3.0
SUR03834,EMP01126,2025-01-02,3.0,3.1,2.4,2.5
SUR03835,EMP01126,2025-04-16,4.1,3.7,4.3,4.4
SUR03836,EMP01126,2025-07-10,2.3,2.6,3.0,2.8
SUR03837,EMP01126,2025-10-24,3.4,3.3,2.9,4.1
SUR03838,EMP01126,2026-02-03,3.5,4.1,3.6,3.0
SUR03839,EMP01126,2026-05-13,4.1,4.0,3.6,4.5
SUR03840,EMP01127,2025-12-01,3.6,3.6,3.4,3.9
SUR03841,EMP01127,2026-02-26,3.6,3.5,3.8,4.6
SUR03842,EMP01127,2026-05-28,4.3,4.5,4.6,4.5
SUR03843,EMP01128,2025-09-03,3.6,3.0,3.8,3.8
SUR03844,EMP01128,2025-12-14,3.0,2.8,2.8,3.0
SUR03845,EMP01128,2026-03-15,3.3,3.0,3.2,3.9
SUR03846,EMP01128,2026-07-02,4.3,4.2,4.6,4.4
SUR03847,EMP01129,2026-05-19,3.9,3.7,3.5,3.1
SUR03848,EMP01130,2024-01-12,4.3,3.8,3.7,4.2
SUR03849,EMP01130,2024-04-12,3.5,3.8,3.6,4.0
SUR03850,EMP01130,2024-07-17,3.8,3.4,3.3,3.9
SUR03851,EMP01130,2024-10-10,2.6,2.9,2.9,3.2
SUR03852,EMP01130,2025-01-13,3.4,3.8,3.5,4.2
SUR03853,EMP01130,2025-04-16,3.4,3.7,4.7,4.3
SUR03854,EMP01130,2025-07-17,3.5,3.9,3.5,4.0
SUR03855,EMP01130,2025-10-21,3.7,3.4,2.6,4.5
SUR03856,EMP01130,2026-01-23,4.6,4.7,4.3,5.0
SUR03857,EMP01130,2026-04-23,5.0,4.9,4.6,4.8
SUR03858,EMP01131,2026-04-19,3.5,3.7,4.1,4.7
SUR03859,EMP01134,2025-02-23,3.5,4.0,3.8,4.4
SUR03860,EMP01134,2025-06-08,3.9,4.0,4.1,4.3
SUR03861,EMP01134,2025-09-10,4.0,3.3,4.3,5.0
SUR03862,EMP01134,2025-12-02,4.3,4.4,4.2,4.6
SUR03863,EMP01134,2026-03-02,3.5,3.4,3.7,4.4
SUR03864,EMP01134,2026-05-25,3.8,3.5,2.8,4.4
SUR03865,EMP01135,2025-12-27,4.3,4.7,4.8,4.9
SUR03866,EMP01135,2026-04-02,3.9,3.9,4.0,4.0
SUR03867,EMP01135,2026-07-09,4.8,4.5,4.5,3.9
SUR03868,EMP01137,2024-01-10,3.4,3.6,4.1,2.5
SUR03869,EMP01137,2024-04-12,4.7,4.7,5.0,5.0
SUR03870,EMP01137,2024-07-12,2.6,2.8,3.4,2.6
SUR03871,EMP01137,2024-10-10,3.5,3.8,4.3,3.9
SUR03872,EMP01137,2025-01-06,3.9,3.8,3.7,4.3
SUR03873,EMP01137,2025-04-14,,2.3,2.5,2.5
SUR03874,EMP01137,2025-07-17,2.9,2.6,3.4,1.7
SUR03875,EMP01137,2025-11-01,2.0,1.8,1.7,2.6
SUR03876,EMP01139,2026-02-03,,3.1,4.1,3.8
SUR03877,EMP01139,2026-05-04,4.1,4.6,4.8,4.7
SUR03878,EMP01140,2023-08-25,4.6,4.8,4.2,4.9
SUR03879,EMP01140,2023-11-27,2.6,2.9,2.5,3.2
SUR03880,EMP01140,2024-02-25,2.2,1.9,2.9,2.1
SUR03881,EMP01140,2024-06-01,3.1,3.2,2.9,3.9
SUR03882,EMP01140,2024-09-05,2.3,2.5,3.3,3.7
SUR03883,EMP01140,2024-12-03,1.3,1.4,1.3,1.4
SUR03884,EMP01140,2025-03-08,2.1,2.7,2.1,2.7
SUR03885,EMP01141,2024-12-27,3.5,3.5,3.9,3.9
SUR03886,EMP01141,2025-03-22,3.0,2.7,4.3,3.2
SUR03887,EMP01141,2025-06-14,3.8,4.6,2.6,3.6
SUR03888,EMP01141,2025-09-07,4.3,4.6,5.0,4.4
SUR03889,EMP01141,2025-12-24,3.6,3.6,3.3,3.8
SUR03890,EMP01141,2026-03-31,4.1,3.7,3.8,3.8
SUR03891,EMP01141,2026-07-17,3.5,3.4,4.3,4.3
SUR03892,EMP01142,2026-02-13,3.6,2.8,3.5,4.3
SUR03893,EMP01142,2026-05-30,3.7,3.5,2.9,3.6
SUR03894,EMP01145,2025-02-26,4.3,4.1,4.3,4.1
SUR03895,EMP01145,2025-06-15,3.7,4.0,,3.2
SUR03896,EMP01145,2025-10-02,4.3,4.2,3.4,4.2
SUR03897,EMP01145,2026-01-19,4.0,3.7,3.5,3.4
SUR03898,EMP01145,2026-04-20,3.5,3.0,2.7,3.0
SUR03899,EMP01146,2025-12-10,3.0,4.0,2.7,3.3
SUR03900,EMP01146,2026-03-20,,4.3,4.5,4.4
SUR03901,EMP01146,2026-06-28,3.6,3.4,3.0,4.0
SUR03902,EMP01147,2023-05-21,1.8,1.6,1.1,1.7
SUR03903,EMP01147,2023-09-05,2.9,3.2,2.5,2.1
SUR03904,EMP01147,2023-12-22,3.5,3.2,3.1,2.6
SUR03905,EMP01147,2024-03-15,1.7,2.2,1.4,1.3
SUR03906,EMP01147,2024-06-08,2.7,3.1,2.3,1.5
SUR03907,EMP01147,2024-09-07,2.9,3.9,3.2,2.8
SUR03908,EMP01147,2024-12-15,2.6,3.4,2.9,2.2
SUR03909,EMP01147,2025-03-29,1.7,1.0,1.6,2.0
SUR03910,EMP01147,2025-07-08,1.6,1.0,1.0,1.3
SUR03911,EMP01147,2025-10-02,1.0,1.1,1.1,1.0
SUR03912,EMP01147,2026-01-10,,2.1,1.4,2.3
SUR03913,EMP01147,2026-04-11,1.9,1.4,1.8,1.6
SUR03914,EMP01148,2026-07-18,3.3,3.2,3.2,3.5
SUR03915,EMP01151,2026-04-30,3.0,2.8,1.6,3.4
SUR03916,EMP01151,2026-07-23,4.2,4.1,3.6,3.8
SUR03917,EMP01152,2024-03-15,,3.4,3.5,4.1
SUR03918,EMP01153,2026-04-22,3.8,3.2,4.4,3.2
SUR03919,EMP01153,2026-07-13,3.8,4.0,3.3,3.8
SUR03920,EMP01154,2023-02-09,3.5,2.4,2.4,3.1
SUR03921,EMP01154,2023-05-20,3.6,3.6,4.3,5.0
SUR03922,EMP01154,2023-08-23,3.8,3.4,,4.0
SUR03923,EMP01154,2023-11-14,5.0,4.8,4.9,4.7
SUR03924,EMP01154,2024-02-22,3.0,3.3,3.2,4.1
SUR03925,EMP01154,2024-05-20,,3.2,4.4,3.4
SUR03926,EMP01154,2024-08-18,3.6,3.0,4.8,4.1
SUR03927,EMP01154,2024-11-12,4.7,4.4,3.9,4.7
SUR03928,EMP01154,2025-02-22,3.4,2.9,4.0,4.4
SUR03929,EMP01154,2025-05-28,4.3,4.6,4.3,4.6
SUR03930,EMP01154,2025-09-01,3.7,4.0,3.2,3.2
SUR03931,EMP01154,2025-11-20,4.1,4.0,3.7,2.8
SUR03932,EMP01154,2026-03-04,3.0,3.8,3.6,4.2
SUR03933,EMP01154,2026-06-07,3.4,2.6,3.5,4.2
SUR03934,EMP01155,2023-02-04,4.1,4.0,5.0,3.9
SUR03935,EMP01155,2023-04-26,2.9,2.1,2.5,3.3
SUR03936,EMP01155,2023-08-07,4.1,4.7,3.7,4.4
SUR03937,EMP01155,2023-11-11,4.1,3.4,3.6,3.8
SUR03938,EMP01155,2024-02-20,4.4,4.1,3.5,4.4
SUR03939,EMP01155,2024-05-25,3.0,3.1,2.0,3.4
SUR03940,EMP01155,2024-09-11,3.6,3.0,3.3,3.7
SUR03941,EMP01155,2024-12-23,3.8,3.6,2.8,4.5
SUR03942,EMP01155,2025-03-23,2.8,2.7,2.6,3.6
SUR03943,EMP01155,2025-06-29,4.2,4.2,4.5,4.1
SUR03944,EMP01155,2025-10-02,4.3,4.0,4.2,3.7
SUR03945,EMP01155,2026-01-10,2.6,2.7,1.6,2.2
SUR03946,EMP01155,2026-04-10,4.7,5.0,5.0,5.0
SUR03947,EMP01155,2026-07-18,2.7,2.7,3.6,4.0
SUR03948,EMP01157,2025-08-28,3.0,2.8,3.4,2.6
SUR03949,EMP01157,2025-11-18,2.2,1.9,2.4,1.2
SUR03950,EMP01157,2026-02-26,2.3,2.5,1.0,2.2
SUR03951,EMP01157,2026-05-25,1.1,1.1,1.1,1.8
SUR03952,EMP01158,2026-04-06,3.4,3.3,2.6,2.7
SUR03953,EMP01158,2026-07-15,4.0,4.7,3.9,3.0
SUR03954,EMP01159,2026-02-09,4.5,4.2,,4.8
SUR03955,EMP01159,2026-05-15,4.3,4.3,4.6,4.2
SUR03956,EMP01161,2024-11-04,3.1,2.5,3.5,3.3
SUR03957,EMP01161,2025-01-23,2.9,3.0,2.7,3.4
SUR03958,EMP01161,2025-04-22,3.8,3.5,3.6,3.4
SUR03959,EMP01161,2025-07-29,3.4,3.0,3.2,3.5
SUR03960,EMP01161,2025-10-24,3.7,3.4,4.1,3.6
SUR03961,EMP01161,2026-01-27,4.1,3.3,3.9,3.9
SUR03962,EMP01161,2026-05-03,3.8,3.9,3.8,3.9
SUR03963,EMP01163,2025-05-25,,2.3,,3.2
SUR03964,EMP01163,2025-08-21,,3.9,3.5,4.3
SUR03965,EMP01163,2025-12-03,3.0,2.9,2.5,3.6
SUR03966,EMP01163,2026-03-07,4.5,4.3,4.1,4.9
SUR03967,EMP01163,2026-06-23,3.7,4.1,3.9,4.2
SUR03968,EMP01164,2025-06-05,1.4,1.5,1.4,1.5
SUR03969,EMP01164,2025-09-12,2.1,1.9,1.8,2.4
SUR03970,EMP01164,2025-12-21,3.0,2.6,2.5,3.1
SUR03971,EMP01165,2024-05-05,2.3,1.8,2.8,2.3
SUR03972,EMP01165,2024-08-10,2.1,2.0,1.0,2.7
SUR03973,EMP01166,2026-05-20,3.2,2.9,4.0,4.1
SUR03974,EMP01167,2026-02-27,3.6,3.7,2.7,3.3
SUR03975,EMP01167,2026-06-09,2.9,3.6,2.6,2.6
SUR03976,EMP01168,2024-08-08,2.4,2.1,2.1,2.5
SUR03977,EMP01168,2024-11-22,3.3,3.2,3.6,3.8
SUR03978,EMP01168,2025-02-23,3.6,3.1,3.6,3.3
SUR03979,EMP01168,2025-05-27,4.2,4.1,3.5,4.0
SUR03980,EMP01168,2025-08-28,3.6,4.1,3.5,4.0
SUR03981,EMP01168,2025-12-09,4.8,5.0,4.1,3.8
SUR03982,EMP01168,2026-03-23,3.7,4.4,3.8,4.3
SUR03983,EMP01168,2026-06-15,,3.4,3.0,3.6
SUR03984,EMP01169,2023-10-16,,4.4,3.2,4.1
SUR03985,EMP01169,2024-01-10,4.6,4.5,4.3,4.7
SUR03986,EMP01169,2024-04-27,2.6,2.8,3.2,3.7
SUR03987,EMP01169,2024-07-23,4.1,3.2,3.8,4.0
SUR03988,EMP01169,2024-10-21,3.3,3.3,3.1,4.8
SUR03989,EMP01169,2025-01-12,3.3,3.2,3.4,3.2
SUR03990,EMP01169,2025-04-17,4.3,4.6,4.4,4.7
SUR03991,EMP01169,2025-08-01,3.2,2.8,4.2,3.8
SUR03992,EMP01169,2025-11-07,3.7,3.3,3.2,4.0
SUR03993,EMP01169,2026-02-09,4.7,3.8,3.8,3.8
SUR03994,EMP01169,2026-05-04,2.9,2.9,2.4,2.7
SUR03995,EMP01171,2026-01-12,4.0,4.1,3.8,3.6
SUR03996,EMP01171,2026-04-03,4.3,4.0,4.6,4.7
SUR03997,EMP01171,2026-06-30,4.6,4.5,3.9,4.7
SUR03998,EMP01172,2024-11-26,2.6,2.6,2.4,2.4
SUR03999,EMP01172,2025-03-05,2.6,2.6,2.6,2.3
SUR04000,EMP01172,2025-06-04,3.7,2.7,4.1,4.2
SUR04001,EMP01174,2024-05-21,3.2,3.4,3.6,3.6
SUR04002,EMP01174,2024-08-26,2.2,2.2,2.1,2.6
SUR04003,EMP01174,2024-12-03,3.2,3.4,2.7,3.8
SUR04004,EMP01174,2025-03-18,3.6,4.2,3.8,3.3
SUR04005,EMP01174,2025-06-16,1.6,1.3,2.0,2.2
SUR04006,EMP01175,2025-05-19,5.0,4.7,4.9,5.0
SUR04007,EMP01177,2025-05-18,2.9,2.5,2.9,3.6
SUR04008,EMP01177,2025-08-17,2.4,2.4,2.5,2.0
SUR04009,EMP01177,2025-11-19,3.4,4.0,3.6,2.7
SUR04010,EMP01177,2026-02-26,3.4,3.2,2.7,3.3
SUR04011,EMP01177,2026-06-10,3.5,3.4,2.9,3.5
SUR04012,EMP01178,2025-12-22,2.8,2.5,3.4,3.0
SUR04013,EMP01178,2026-04-08,3.3,3.1,2.7,3.4
SUR04014,EMP01178,2026-07-05,2.8,2.2,3.6,3.5
SUR04015,EMP01179,2025-04-05,3.1,3.0,3.2,3.7
SUR04016,EMP01179,2025-07-11,3.0,2.9,2.6,3.3
SUR04017,EMP01179,2025-10-23,2.2,2.2,2.9,3.2
SUR04018,EMP01179,2026-01-16,2.3,3.2,2.8,3.4
SUR04019,EMP01179,2026-04-11,3.4,3.5,4.0,3.3
SUR04020,EMP01179,2026-07-19,3.7,3.9,4.3,3.5
SUR04021,EMP01180,2024-11-04,4.1,4.5,3.9,4.4
SUR04022,EMP01180,2025-02-18,4.3,4.0,4.9,4.7
SUR04023,EMP01180,2025-05-18,,4.9,5.0,5.0
SUR04024,EMP01180,2025-08-19,2.3,2.4,3.3,3.5
SUR04025,EMP01180,2025-11-20,3.4,3.3,2.9,3.3
SUR04026,EMP01180,2026-02-25,3.9,3.6,3.8,4.6
SUR04027,EMP01180,2026-06-07,,3.1,3.1,3.1
SUR04028,EMP01182,2025-05-11,3.3,3.4,3.2,3.1
SUR04029,EMP01185,2024-08-01,2.7,2.7,2.3,3.4
SUR04030,EMP01185,2024-11-08,2.6,3.2,2.5,3.7
SUR04031,EMP01185,2025-02-20,2.5,2.9,2.9,2.8
SUR04032,EMP01186,2023-03-14,3.6,3.3,3.4,4.5
SUR04033,EMP01186,2023-06-25,4.3,4.5,5.0,4.4
SUR04034,EMP01186,2023-10-12,3.9,3.7,4.8,3.7
SUR04035,EMP01186,2024-01-23,3.6,3.3,4.4,4.1
SUR04036,EMP01186,2024-04-26,4.2,3.6,4.5,4.6
SUR04037,EMP01186,2024-07-29,3.9,4.1,4.0,4.0
SUR04038,EMP01186,2024-10-24,3.6,3.7,4.5,4.0
SUR04039,EMP01186,2025-01-13,4.7,4.8,4.6,5.0
SUR04040,EMP01186,2025-04-22,3.2,3.3,4.0,3.8
SUR04041,EMP01186,2025-07-24,4.1,3.7,4.0,4.4
SUR04042,EMP01186,2025-11-07,3.6,2.8,3.4,3.9
SUR04043,EMP01186,2026-01-28,4.4,4.5,5.0,4.3
SUR04044,EMP01186,2026-05-04,3.5,3.3,3.3,3.9
SUR04045,EMP01187,2026-01-21,3.2,2.2,3.1,3.3
SUR04046,EMP01187,2026-05-01,3.9,3.4,3.8,4.3
SUR04047,EMP01188,2025-03-22,3.8,3.6,3.0,3.2
SUR04048,EMP01188,2025-06-21,2.1,1.8,1.2,2.2
SUR04049,EMP01189,2026-07-27,2.6,2.4,3.1,2.0
SUR04050,EMP01190,2025-07-23,4.8,5.0,3.6,5.0
SUR04051,EMP01190,2025-10-12,4.0,4.0,3.7,4.3
SUR04052,EMP01190,2026-01-05,4.3,5.0,3.9,4.0
SUR04053,EMP01190,2026-04-03,2.9,3.0,2.4,3.7
SUR04054,EMP01192,2024-07-03,2.9,3.5,2.0,3.2
SUR04055,EMP01192,2024-10-03,3.6,4.2,4.0,4.0
SUR04056,EMP01192,2025-01-10,4.7,4.8,3.9,5.0
SUR04057,EMP01192,2025-04-10,3.8,3.8,5.0,4.4
SUR04058,EMP01192,2025-07-07,,4.2,3.7,4.6
SUR04059,EMP01192,2025-10-20,4.9,4.8,4.6,5.0
SUR04060,EMP01192,2026-02-02,4.0,4.0,3.8,4.2
SUR04061,EMP01192,2026-05-02,3.7,3.3,4.0,4.3
SUR04062,EMP01193,2026-07-10,2.7,2.6,3.9,3.2
SUR04063,EMP01194,2026-04-03,3.2,3.6,4.2,3.3
SUR04064,EMP01195,2026-04-14,3.2,3.1,3.6,3.4
SUR04065,EMP01196,2026-06-18,2.9,2.6,2.7,3.6
SUR04066,EMP01197,2026-04-27,2.6,3.2,1.8,2.5
SUR04067,EMP01198,2025-12-17,3.9,3.7,4.2,3.9
SUR04068,EMP01198,2026-03-19,4.4,4.4,3.1,4.7
SUR04069,EMP01198,2026-06-27,3.8,3.9,3.3,4.0
SUR04070,EMP01199,2024-03-21,3.3,3.3,2.9,3.3
SUR04071,EMP01199,2024-06-24,3.9,4.4,4.6,4.3
SUR04072,EMP01199,2024-10-07,3.4,3.8,3.2,2.6
SUR04073,EMP01199,2024-12-28,4.1,4.0,4.7,4.8
SUR04074,EMP01199,2025-03-31,2.8,2.6,2.7,3.1
SUR04075,EMP01199,2025-06-21,3.3,4.1,4.1,2.8
SUR04076,EMP01199,2025-09-15,4.2,4.5,4.4,4.2
SUR04077,EMP01199,2025-12-14,4.2,4.3,3.6,3.8
SUR04078,EMP01199,2026-03-27,2.6,2.8,2.9,2.9
SUR04079,EMP01199,2026-06-27,3.6,3.2,3.2,4.0
SUR04080,EMP01200,2023-04-15,2.9,3.3,3.9,2.4
SUR04081,EMP01200,2023-07-14,2.9,2.8,2.5,2.4
SUR04082,EMP01200,2023-10-11,2.5,2.6,1.9,1.8
SUR04083,EMP01200,2024-01-15,3.3,3.5,2.5,2.9
SUR04084,EMP01200,2024-05-03,2.1,3.0,2.1,2.6
SUR04085,EMP01200,2024-08-16,2.7,2.7,2.6,2.0
SUR04086,EMP01200,2024-11-13,3.4,3.7,2.5,2.6
SUR04087,EMP01200,2025-03-01,2.8,2.5,2.7,2.1
SUR04088,EMP01200,2025-06-01,3.6,3.9,4.4,3.6
SUR04089,EMP01200,2025-09-05,2.2,2.2,1.8,2.1
SUR04090,EMP01200,2025-12-11,3.5,2.8,2.9,2.9
SUR04091,EMP01200,2026-03-18,1.7,1.4,2.5,2.3
SUR04092,EMP01200,2026-06-22,2.5,2.7,2.1,2.8
SUR04093,EMP01202,2025-12-21,3.3,3.4,4.1,2.7
SUR04094,EMP01202,2026-03-13,1.6,1.8,1.4,1.3
SUR04095,EMP01202,2026-06-25,2.5,1.8,2.4,2.6
SUR04096,EMP01203,2026-05-14,3.8,3.5,3.6,3.7
SUR04097,EMP01204,2025-07-11,3.1,2.8,3.2,4.2
SUR04098,EMP01204,2025-10-13,3.7,4.1,3.3,2.8
SUR04099,EMP01204,2026-01-11,3.6,3.5,3.6,4.0
SUR04100,EMP01204,2026-04-23,3.7,4.1,4.4,4.2
SUR04101,EMP01204,2026-07-14,3.6,4.0,2.1,4.5
SUR04102,EMP01205,2024-03-07,3.7,3.8,3.9,3.3
SUR04103,EMP01205,2024-06-17,3.0,3.3,2.7,2.6
SUR04104,EMP01205,2024-09-17,3.5,2.9,3.8,3.9
SUR04105,EMP01205,2025-01-03,4.4,4.9,4.5,4.6
SUR04106,EMP01205,2025-04-12,4.7,4.5,3.9,4.9
SUR04107,EMP01205,2025-07-09,3.3,3.2,3.5,3.8
SUR04108,EMP01205,2025-10-21,3.4,3.1,,3.7
SUR04109,EMP01205,2026-02-03,3.4,3.4,3.9,3.2
SUR04110,EMP01205,2026-05-10,3.7,4.2,4.2,3.8
SUR04111,EMP01207,2026-02-18,2.5,2.8,2.3,2.4
SUR04112,EMP01207,2026-05-25,1.9,2.1,1.5,1.0
SUR04113,EMP01208,2025-05-03,3.2,2.6,3.1,3.4
SUR04114,EMP01208,2025-07-31,3.4,3.0,,3.4
SUR04115,EMP01208,2025-11-12,3.7,4.4,3.3,4.1
SUR04116,EMP01208,2026-02-27,2.7,3.1,1.7,2.2
SUR04117,EMP01208,2026-06-14,3.8,3.9,3.2,4.0
SUR04118,EMP01210,2025-08-23,3.7,4.1,3.2,3.5
SUR04119,EMP01210,2025-11-25,3.2,3.3,3.0,3.5
SUR04120,EMP01210,2026-03-07,3.9,4.3,5.0,4.0
SUR04121,EMP01210,2026-06-09,4.0,3.8,4.7,3.9
SUR04122,EMP01211,2023-07-29,4.2,4.1,5.0,4.2
SUR04123,EMP01211,2023-10-31,4.0,4.5,4.7,4.0
SUR04124,EMP01211,2024-02-12,3.3,3.7,4.7,4.6
SUR04125,EMP01211,2024-05-10,4.4,4.6,4.3,4.9
SUR04126,EMP01211,2024-08-09,3.9,4.0,3.8,3.5
SUR04127,EMP01211,2024-10-31,3.9,3.6,3.5,4.0
SUR04128,EMP01211,2025-01-20,,2.7,3.0,3.1
SUR04129,EMP01211,2025-04-20,3.9,4.3,3.2,4.0
SUR04130,EMP01211,2025-07-26,4.1,3.6,5.0,5.0
SUR04131,EMP01211,2025-11-05,4.1,4.3,3.3,3.9
SUR04132,EMP01211,2026-01-30,3.9,4.4,3.1,4.1
SUR04133,EMP01211,2026-04-30,3.1,3.4,3.9,4.0
SUR04134,EMP01212,2025-10-02,3.3,3.2,3.0,2.5
SUR04135,EMP01212,2026-01-07,3.9,4.2,4.2,4.5
SUR04136,EMP01212,2026-03-29,4.6,5.0,5.0,4.7
SUR04137,EMP01212,2026-07-04,3.3,3.4,3.4,3.3
SUR04138,EMP01213,2024-11-12,4.9,5.0,5.0,5.0
SUR04139,EMP01213,2025-02-20,4.1,3.6,4.6,4.2
SUR04140,EMP01213,2025-06-04,4.1,4.5,3.6,4.2
SUR04141,EMP01214,2026-05-17,3.5,3.9,3.2,4.2
SUR04142,EMP01216,2025-06-10,3.6,3.0,3.7,3.9
SUR04143,EMP01216,2025-09-20,4.2,4.1,3.6,4.1
SUR04144,EMP01216,2025-12-17,4.3,4.3,4.2,4.3
SUR04145,EMP01216,2026-03-28,,4.5,5.0,5.0
SUR04146,EMP01216,2026-06-27,4.2,4.9,4.6,4.8
SUR04147,EMP01217,2023-01-03,3.1,2.9,2.1,2.9
SUR04148,EMP01217,2023-04-09,3.4,3.8,4.4,4.5
SUR04149,EMP01217,2023-07-05,3.4,3.7,3.4,3.4
SUR04150,EMP01217,2023-10-05,2.6,2.5,2.5,3.4
SUR04151,EMP01217,2024-01-10,2.8,3.2,3.3,2.8
SUR04152,EMP01217,2024-03-30,2.6,2.2,2.8,3.0
SUR04153,EMP01217,2024-07-09,2.9,3.1,3.1,2.9
SUR04154,EMP01217,2024-10-20,1.9,1.7,2.1,1.9
SUR04155,EMP01217,2025-01-20,1.7,2.0,1.5,1.8
SUR04156,EMP01217,2025-04-22,2.8,2.8,3.4,2.8
SUR04157,EMP01218,2023-09-18,,3.7,3.1,3.3
SUR04158,EMP01218,2023-12-19,3.1,3.6,3.0,3.8
SUR04159,EMP01218,2024-03-27,4.1,3.5,3.9,3.4
SUR04160,EMP01218,2024-07-14,2.9,2.9,2.8,3.4
SUR04161,EMP01218,2024-10-30,4.1,4.1,4.5,3.7
SUR04162,EMP01219,2025-04-30,3.2,3.1,2.6,3.7
SUR04163,EMP01219,2025-08-08,4.0,4.2,3.9,2.9
SUR04164,EMP01219,2025-11-25,1.0,1.0,1.9,2.9
SUR04165,EMP01219,2026-02-15,1.1,1.0,1.9,2.0
SUR04166,EMP01219,2026-06-04,,2.2,2.7,2.6
SUR04167,EMP01220,2025-07-17,2.3,2.7,2.3,2.0
SUR04168,EMP01220,2025-10-12,2.6,3.0,2.2,3.2
SUR04169,EMP01221,2025-11-02,3.8,4.0,4.2,3.7
SUR04170,EMP01221,2026-02-16,4.2,4.4,3.1,4.3
SUR04171,EMP01221,2026-05-21,3.5,3.9,3.1,3.6
SUR04172,EMP01222,2024-12-28,3.5,3.7,3.4,4.6
SUR04173,EMP01222,2025-04-16,2.8,2.6,3.5,2.7
SUR04174,EMP01222,2025-08-02,,2.7,2.0,2.2
SUR04175,EMP01222,2025-11-16,4.4,5.0,5.0,5.0
SUR04176,EMP01222,2026-02-09,3.4,3.5,4.1,3.7
SUR04177,EMP01222,2026-05-18,3.5,4.0,3.0,3.9
SUR04178,EMP01224,2026-07-08,3.6,4.1,4.2,4.4
SUR04179,EMP01225,2026-05-24,3.7,3.7,2.4,2.9
SUR04180,EMP01226,2023-05-27,3.0,2.7,2.4,3.5
SUR04181,EMP01226,2023-08-24,3.4,3.2,3.2,3.5
SUR04182,EMP01226,2023-11-22,3.3,3.4,3.8,3.0
SUR04183,EMP01226,2024-03-04,,4.1,2.6,3.5
SUR04184,EMP01226,2024-06-02,3.6,3.0,4.3,3.6
SUR04185,EMP01226,2024-09-03,3.1,2.9,3.7,3.5
SUR04186,EMP01226,2024-11-28,2.8,3.2,2.4,4.0
SUR04187,EMP01226,2025-03-06,2.6,2.8,2.1,2.6
SUR04188,EMP01226,2025-06-23,2.1,2.4,1.4,1.9
SUR04189,EMP01226,2025-09-18,3.2,3.3,2.5,3.5
SUR04190,EMP01227,2025-07-24,3.3,2.7,2.9,3.7
SUR04191,EMP01228,2024-01-25,1.4,1.4,1.3,1.8
SUR04192,EMP01228,2024-04-24,,1.5,1.0,1.0
SUR04193,EMP01228,2024-07-22,1.8,1.7,2.0,1.5
SUR04194,EMP01228,2024-10-25,2.2,2.3,1.5,1.3
SUR04195,EMP01228,2025-01-24,1.2,1.3,2.2,1.0
SUR04196,EMP01228,2025-05-09,2.2,1.8,2.1,1.1
SUR04197,EMP01229,2024-09-18,3.4,3.5,2.6,2.6
SUR04198,EMP01229,2024-12-31,3.6,3.5,5.0,3.7
SUR04199,EMP01229,2025-03-25,4.5,4.7,4.7,5.0
SUR04200,EMP01229,2025-06-18,3.3,3.6,3.7,3.2
SUR04201,EMP01229,2025-09-22,2.7,2.2,3.1,3.2
SUR04202,EMP01229,2025-12-17,3.1,3.5,3.3,3.2
SUR04203,EMP01229,2026-03-26,2.2,1.8,2.4,2.6
SUR04204,EMP01229,2026-07-09,3.7,3.7,3.5,3.6
SUR04205,EMP01231,2024-04-07,2.3,1.9,2.2,2.7
SUR04206,EMP01232,2025-08-20,3.2,3.2,3.7,3.9
SUR04207,EMP01232,2025-11-29,4.4,3.4,3.8,3.8
SUR04208,EMP01232,2026-02-17,,4.3,4.1,4.7
SUR04209,EMP01232,2026-05-18,4.4,4.1,4.0,4.3
SUR04210,EMP01233,2025-12-08,3.0,2.8,3.7,3.5
SUR04211,EMP01233,2026-03-22,3.4,3.3,3.1,4.5
SUR04212,EMP01233,2026-07-06,3.8,2.7,3.6,4.4
SUR04213,EMP01234,2026-02-27,2.7,2.4,3.4,2.6
SUR04214,EMP01234,2026-05-25,3.4,3.1,3.5,2.4
SUR04215,EMP01235,2025-10-04,4.3,4.3,2.2,4.1
SUR04216,EMP01235,2026-01-13,3.9,4.7,4.4,4.2
SUR04217,EMP01235,2026-04-26,3.5,3.2,3.3,3.8
SUR04218,EMP01235,2026-07-20,3.5,4.2,4.0,3.9
SUR04219,EMP01236,2022-12-17,4.0,3.5,4.1,3.8
SUR04220,EMP01237,2025-01-04,1.7,1.6,2.1,2.1
SUR04221,EMP01237,2025-03-27,4.3,4.3,3.6,2.9
SUR04222,EMP01237,2025-06-20,2.2,1.3,2.6,1.4
SUR04223,EMP01237,2025-09-15,3.9,3.5,3.1,2.6
SUR04224,EMP01237,2025-12-13,4.0,4.0,3.1,3.2
SUR04225,EMP01237,2026-03-20,2.8,2.4,1.0,2.8
SUR04226,EMP01237,2026-06-10,2.1,2.6,2.1,1.7
SUR04227,EMP01238,2025-08-03,3.6,3.8,4.3,3.7
SUR04228,EMP01238,2025-11-18,4.0,3.6,5.0,5.0
SUR04229,EMP01238,2026-02-13,2.8,2.7,3.7,4.0
SUR04230,EMP01238,2026-05-19,3.5,3.3,2.3,3.1
SUR04231,EMP01240,2025-02-18,3.2,2.9,2.6,3.4
SUR04232,EMP01240,2025-06-05,3.3,4.0,3.0,3.8
SUR04233,EMP01240,2025-09-08,3.6,3.5,4.1,3.9
SUR04234,EMP01240,2025-12-22,4.5,4.2,3.8,4.6
SUR04235,EMP01240,2026-03-18,3.4,2.8,4.0,3.8
SUR04236,EMP01240,2026-06-17,3.6,3.4,3.9,3.7
SUR04237,EMP01242,2023-10-20,4.3,4.2,4.3,4.2
SUR04238,EMP01242,2024-02-04,3.6,3.6,2.8,3.8
SUR04239,EMP01242,2024-05-09,3.6,4.3,4.0,4.3
SUR04240,EMP01242,2024-08-22,2.6,2.8,2.0,3.3
SUR04241,EMP01242,2024-11-20,3.1,3.2,3.0,3.8
SUR04242,EMP01242,2025-02-22,4.0,3.7,4.5,4.3
SUR04243,EMP01242,2025-05-29,2.8,2.1,3.0,3.5
SUR04244,EMP01242,2025-09-05,3.5,3.8,3.8,2.6
SUR04245,EMP01242,2025-11-27,4.8,4.7,5.0,5.0
SUR04246,EMP01242,2026-02-20,4.8,4.4,3.7,5.0
SUR04247,EMP01242,2026-06-01,4.1,4.2,5.0,4.3
SUR04248,EMP01243,2025-04-03,3.3,3.9,3.0,3.9
SUR04249,EMP01243,2025-07-17,,2.5,2.9,3.7
SUR04250,EMP01243,2025-10-05,2.6,2.5,3.1,3.6
SUR04251,EMP01243,2026-01-08,3.2,2.8,2.5,3.9
SUR04252,EMP01243,2026-04-01,3.7,4.4,3.6,4.7
SUR04253,EMP01243,2026-07-13,3.5,3.0,2.8,4.1
SUR04254,EMP01244,2024-04-11,3.4,3.7,3.8,2.6
SUR04255,EMP01244,2024-07-15,2.7,2.7,2.7,2.3
SUR04256,EMP01244,2024-10-13,2.4,2.6,2.4,1.4
SUR04257,EMP01244,2025-01-06,3.5,3.5,3.7,3.9
SUR04258,EMP01244,2025-04-13,2.3,1.9,2.6,2.6
SUR04259,EMP01244,2025-07-25,3.5,3.5,3.3,2.7
SUR04260,EMP01244,2025-10-25,2.8,2.3,2.1,2.3
SUR04261,EMP01244,2026-01-29,3.4,3.7,2.5,2.5
SUR04262,EMP01244,2026-04-21,3.5,3.7,3.3,2.6
SUR04263,EMP01244,2026-07-12,3.4,2.7,4.7,3.0
SUR04264,EMP01245,2025-10-21,4.1,4.1,4.1,3.8
SUR04265,EMP01245,2026-01-11,4.9,4.7,5.0,4.7
SUR04266,EMP01245,2026-04-07,3.9,4.0,3.9,3.5
SUR04267,EMP01245,2026-07-01,3.8,3.9,3.4,4.3
SUR04268,EMP01246,2026-02-12,3.8,4.3,3.6,3.5
SUR04269,EMP01246,2026-05-17,4.0,3.7,4.5,5.0
SUR04270,EMP01248,2024-07-12,4.3,4.1,4.3,4.3
SUR04271,EMP01248,2024-10-01,4.2,4.2,3.4,4.1
SUR04272,EMP01248,2024-12-27,4.2,4.1,4.4,5.0
SUR04273,EMP01248,2025-04-02,4.4,4.7,4.2,3.8
SUR04274,EMP01248,2025-06-23,3.4,3.2,4.2,2.6
SUR04275,EMP01248,2025-10-09,3.8,3.8,4.2,4.0
SUR04276,EMP01248,2026-01-26,3.2,2.7,3.6,3.6
SUR04277,EMP01248,2026-05-14,4.1,4.1,4.9,4.6
SUR04278,EMP01249,2024-06-21,2.7,2.2,2.2,1.9
SUR04279,EMP01249,2024-09-18,3.0,2.7,2.5,2.1
SUR04280,EMP01249,2024-12-20,2.5,2.1,4.4,2.9
SUR04281,EMP01249,2025-03-23,,2.9,1.7,2.2
SUR04282,EMP01249,2025-06-25,1.6,1.3,1.5,1.0
SUR04283,EMP01249,2025-10-05,2.5,2.9,3.1,2.6
SUR04284,EMP01249,2026-01-22,,2.3,3.6,2.9
SUR04285,EMP01249,2026-04-18,2.7,2.8,1.7,1.8
SUR04286,EMP01249,2026-07-23,2.4,3.3,2.9,1.7
SUR04287,EMP01250,2024-01-20,2.8,2.8,4.1,3.6
SUR04288,EMP01250,2024-05-01,2.6,2.3,3.4,3.6
SUR04289,EMP01250,2024-07-21,3.2,2.7,3.0,3.2
SUR04290,EMP01250,2024-11-01,2.0,2.3,2.3,2.7
SUR04291,EMP01250,2025-01-22,3.1,3.3,3.4,2.9
SUR04292,EMP01250,2025-04-20,2.3,2.1,1.3,2.5
SUR04293,EMP01250,2025-08-08,3.4,3.4,4.1,3.2
SUR04294,EMP01250,2025-11-13,2.8,2.3,3.4,3.7
SUR04295,EMP01250,2026-02-22,3.1,2.9,4.1,3.2
SUR04296,EMP01250,2026-05-22,3.9,3.6,2.7,3.1
SUR04297,EMP01253,2023-03-08,5.0,4.7,4.6,5.0
SUR04298,EMP01253,2023-06-17,,3.6,3.7,3.2
SUR04299,EMP01253,2023-09-20,3.8,3.7,3.4,3.7
SUR04300,EMP01253,2024-01-02,2.7,3.0,3.0,2.5
SUR04301,EMP01253,2024-03-29,3.9,3.8,3.0,3.7
SUR04302,EMP01253,2024-06-19,,3.8,3.0,3.9
SUR04303,EMP01253,2024-09-09,3.9,3.7,4.8,3.6
SUR04304,EMP01253,2024-12-21,2.8,3.0,3.1,3.2
SUR04305,EMP01253,2025-03-15,4.6,4.9,3.7,3.6
SUR04306,EMP01253,2025-06-16,3.3,2.9,3.6,3.6
SUR04307,EMP01253,2025-09-26,3.7,3.5,2.8,4.0
SUR04308,EMP01253,2026-01-11,,3.6,3.7,2.8
SUR04309,EMP01253,2026-04-24,4.0,4.0,3.3,3.9
SUR04310,EMP01253,2026-07-16,3.8,3.9,5.0,4.2
SUR04311,EMP01255,2023-06-04,3.0,3.0,2.9,3.4
SUR04312,EMP01255,2023-09-04,2.8,2.5,3.0,3.0
SUR04313,EMP01256,2025-09-16,,3.6,2.8,4.4
SUR04314,EMP01256,2025-12-30,4.0,3.8,3.6,3.4
SUR04315,EMP01256,2026-04-12,4.4,4.2,4.4,5.0
SUR04316,EMP01256,2026-07-21,3.6,3.4,4.3,4.0
SUR04317,EMP01257,2026-02-23,2.8,2.6,2.9,1.9
SUR04318,EMP01257,2026-05-21,2.8,2.7,2.7,2.1
SUR04319,EMP01258,2026-07-20,3.6,3.4,3.9,3.8
SUR04320,EMP01259,2026-03-10,2.4,1.8,1.6,3.2
SUR04321,EMP01259,2026-06-19,3.0,3.6,2.8,3.0
SUR04322,EMP01260,2026-05-16,,5.0,4.8,4.8
SUR04323,EMP01261,2025-02-25,3.3,3.9,,2.6
SUR04324,EMP01261,2025-05-24,3.4,3.5,4.3,2.4
SUR04325,EMP01262,2026-06-11,3.4,4.4,3.7,3.5
SUR04326,EMP01263,2023-10-05,3.8,3.1,3.0,4.4
SUR04327,EMP01263,2024-01-21,4.0,4.7,4.1,4.7
SUR04328,EMP01263,2024-04-11,4.5,4.6,3.4,3.7
SUR04329,EMP01263,2024-07-24,4.0,3.3,4.2,4.0
SUR04330,EMP01263,2024-11-01,4.7,4.9,4.9,4.7
SUR04331,EMP01263,2025-02-19,4.7,4.3,5.0,4.9
SUR04332,EMP01263,2025-05-25,3.3,2.8,3.5,4.0
SUR04333,EMP01263,2025-09-04,3.9,3.8,4.3,4.5
SUR04334,EMP01263,2025-11-28,4.2,3.7,4.0,4.2
SUR04335,EMP01263,2026-02-23,4.2,3.5,4.0,3.7
SUR04336,EMP01263,2026-05-16,3.0,2.6,2.6,3.7
SUR04337,EMP01265,2025-09-18,1.6,1.0,1.3,2.2
SUR04338,EMP01265,2025-12-11,1.9,1.6,2.0,2.3
SUR04339,EMP01265,2026-03-09,2.6,2.3,2.4,1.9
SUR04340,EMP01266,2026-06-18,3.9,3.7,4.1,4.8
SUR04341,EMP01267,2025-06-25,2.0,2.0,2.2,1.0
SUR04342,EMP01267,2025-09-27,2.2,2.5,2.2,1.2
SUR04343,EMP01267,2026-01-04,1.4,1.9,2.2,1.7
SUR04344,EMP01268,2025-12-16,4.4,5.0,4.4,5.0
SUR04345,EMP01268,2026-04-01,4.0,4.4,3.3,3.6
SUR04346,EMP01268,2026-07-17,3.4,3.6,2.5,3.8
SUR04347,EMP01269,2025-09-11,4.3,4.5,4.6,5.0
SUR04348,EMP01269,2025-12-21,2.9,2.9,3.4,2.5
SUR04349,EMP01269,2026-03-17,4.2,4.4,4.4,4.9
SUR04350,EMP01269,2026-06-21,3.4,3.0,2.9,3.6
SUR04351,EMP01270,2026-03-13,3.6,3.5,3.8,4.8
SUR04352,EMP01271,2023-10-19,3.1,2.5,3.0,2.9
SUR04353,EMP01271,2024-01-10,2.5,3.1,3.0,2.7
SUR04354,EMP01272,2023-07-06,3.3,3.3,2.4,2.5
SUR04355,EMP01272,2023-10-05,2.2,2.5,1.3,2.0
SUR04356,EMP01272,2024-01-15,2.8,3.0,1.8,1.7
SUR04357,EMP01272,2024-04-29,3.0,2.7,2.2,1.9
SUR04358,EMP01272,2024-08-10,1.5,1.3,1.7,1.1
SUR04359,EMP01272,2024-11-25,2.4,2.5,2.6,1.8
SUR04360,EMP01273,2024-10-22,3.5,3.2,,2.8
SUR04361,EMP01273,2025-02-01,3.7,3.6,4.7,4.5
SUR04362,EMP01273,2025-05-13,3.9,4.1,3.0,3.5
SUR04363,EMP01273,2025-08-07,3.9,3.8,,4.1
SUR04364,EMP01273,2025-10-27,4.3,3.7,4.2,4.0
SUR04365,EMP01273,2026-01-16,3.1,2.6,3.4,2.9
SUR04366,EMP01273,2026-05-03,3.3,3.2,4.1,3.1
SUR04367,EMP01274,2024-05-27,4.5,4.6,4.2,4.2
SUR04368,EMP01274,2024-08-18,4.1,3.8,3.9,3.8
SUR04369,EMP01274,2024-11-11,3.3,3.7,3.6,3.0
SUR04370,EMP01274,2025-02-26,3.7,3.8,4.0,4.5
SUR04371,EMP01274,2025-05-18,4.7,4.7,3.8,4.9
SUR04372,EMP01276,2024-08-05,3.8,4.3,4.2,3.1
SUR04373,EMP01276,2024-10-28,3.6,3.3,3.1,4.0
SUR04374,EMP01276,2025-02-12,4.3,4.4,4.1,4.3
SUR04375,EMP01276,2025-05-18,3.7,3.8,3.3,2.9
SUR04376,EMP01276,2025-08-20,3.5,3.5,3.3,2.9
SUR04377,EMP01276,2025-11-20,3.5,3.3,3.4,3.8
SUR04378,EMP01276,2026-02-20,5.0,4.3,5.0,5.0
SUR04379,EMP01276,2026-05-28,4.1,4.6,3.7,3.7
SUR04380,EMP01278,2025-01-31,3.7,3.9,3.7,3.5
SUR04381,EMP01278,2025-04-29,4.2,3.2,4.2,4.5
SUR04382,EMP01278,2025-07-24,4.5,5.0,5.0,5.0
SUR04383,EMP01278,2025-10-20,3.8,3.7,5.0,5.0
SUR04384,EMP01278,2026-02-01,3.5,3.5,2.1,4.6
SUR04385,EMP01278,2026-05-17,4.1,4.3,4.4,4.4
SUR04386,EMP01279,2024-06-29,3.5,3.3,4.5,3.1
SUR04387,EMP01280,2026-05-26,4.3,4.3,4.1,4.5
SUR04388,EMP01281,2026-01-22,3.4,3.4,4.4,4.1
SUR04389,EMP01281,2026-04-29,4.2,5.0,3.8,3.9
SUR04390,EMP01282,2025-08-14,1.2,1.3,1.7,2.2
SUR04391,EMP01283,2025-10-26,2.1,2.3,2.7,2.9
SUR04392,EMP01284,2026-03-12,2.3,2.7,2.7,2.0
SUR04393,EMP01284,2026-06-01,2.1,2.7,2.0,2.0
SUR04394,EMP01285,2024-09-24,4.3,4.1,3.7,4.2
SUR04395,EMP01285,2024-12-23,4.1,4.6,5.0,5.0
SUR04396,EMP01285,2025-04-02,,5.0,4.9,5.0
SUR04397,EMP01285,2025-06-23,3.4,3.2,3.4,3.4
SUR04398,EMP01285,2025-09-30,3.9,3.8,3.9,4.4
SUR04399,EMP01285,2026-01-04,2.6,3.0,2.6,3.7
SUR04400,EMP01285,2026-04-05,3.4,3.3,3.3,4.1
SUR04401,EMP01285,2026-07-22,4.0,3.6,3.1,4.1
SUR04402,EMP01288,2026-01-16,2.8,1.8,3.2,3.9
SUR04403,EMP01288,2026-05-04,3.8,3.6,3.4,4.2
SUR04404,EMP01289,2024-07-19,2.5,2.4,1.3,2.0
SUR04405,EMP01290,2026-02-20,3.9,2.7,3.6,3.8
SUR04406,EMP01290,2026-05-26,3.2,3.1,4.2,3.3
SUR04407,EMP01291,2023-09-13,4.8,5.0,4.0,4.6
SUR04408,EMP01291,2023-12-09,4.4,4.6,4.2,4.6
SUR04409,EMP01291,2024-03-24,3.9,3.1,4.0,4.4
SUR04410,EMP01291,2024-06-18,4.8,5.0,4.4,4.7
SUR04411,EMP01291,2024-09-25,3.7,3.6,3.8,4.1
SUR04412,EMP01291,2024-12-28,4.1,3.8,4.4,4.8
SUR04413,EMP01291,2025-04-11,4.3,3.7,4.4,4.0
SUR04414,EMP01291,2025-07-08,3.8,4.3,4.3,4.1
SUR04415,EMP01291,2025-10-16,3.7,3.4,3.1,3.5
SUR04416,EMP01291,2026-01-06,3.9,3.9,4.2,4.0
SUR04417,EMP01291,2026-04-20,3.9,4.0,3.8,4.2
SUR04418,EMP01291,2026-07-23,3.9,4.8,3.1,3.9
SUR04419,EMP01292,2023-03-28,3.7,3.9,3.5,3.4
SUR04420,EMP01292,2023-07-06,3.4,3.6,2.4,2.5
SUR04421,EMP01292,2023-10-22,3.2,3.3,2.8,2.9
SUR04422,EMP01292,2024-01-26,2.9,2.7,1.8,1.7
SUR04423,EMP01292,2024-04-22,3.4,3.2,4.3,2.6
SUR04424,EMP01292,2024-08-02,3.0,3.0,2.7,2.1
SUR04425,EMP01292,2024-11-17,4.3,4.3,4.6,3.5
SUR04426,EMP01292,2025-02-21,3.6,3.6,3.1,3.5
SUR04427,EMP01292,2025-05-31,3.0,2.6,2.4,2.4
SUR04428,EMP01292,2025-08-30,3.4,3.8,3.0,2.3
SUR04429,EMP01292,2025-12-09,3.8,4.2,4.4,3.2
SUR04430,EMP01292,2026-03-21,3.0,3.2,3.0,2.8
SUR04431,EMP01292,2026-06-14,3.2,2.6,4.2,3.1
SUR04432,EMP01293,2024-10-17,2.7,2.8,2.7,3.2
SUR04433,EMP01295,2026-07-19,3.6,4.1,3.0,3.9
SUR04434,EMP01296,2026-03-16,3.4,3.3,3.3,3.2
SUR04435,EMP01296,2026-06-27,4.1,3.8,3.9,4.3
SUR04436,EMP01298,2025-05-06,3.6,3.9,4.2,3.5
SUR04437,EMP01298,2025-08-06,2.4,2.4,2.6,2.9
SUR04438,EMP01300,2025-03-14,3.5,3.2,3.5,4.1
SUR04439,EMP01300,2025-06-03,3.1,4.0,3.1,3.6
SUR04440,EMP01300,2025-08-29,3.4,3.3,3.4,4.4
SUR04441,EMP01300,2025-11-27,4.1,4.5,3.4,3.5
SUR04442,EMP01300,2026-02-21,3.2,3.3,4.1,3.7
SUR04443,EMP01300,2026-06-07,3.4,3.7,3.4,3.9
SUR04444,EMP01302,2023-05-18,1.6,1.9,2.6,3.0
SUR04445,EMP01302,2023-09-03,1.8,1.4,1.3,1.0
SUR04446,EMP01302,2023-12-16,2.9,2.9,2.9,2.8
SUR04447,EMP01303,2026-07-09,,3.7,3.3,3.7
SUR04448,EMP01304,2025-10-07,3.3,2.7,3.4,3.6
SUR04449,EMP01304,2025-12-29,1.9,1.7,1.0,1.0
SUR04450,EMP01304,2026-04-04,,2.2,3.0,2.7
SUR04451,EMP01304,2026-07-20,2.1,2.4,1.6,2.3
SUR04452,EMP01305,2025-06-19,4.5,4.1,4.9,5.0
SUR04453,EMP01305,2025-09-13,3.3,3.1,3.4,3.1
SUR04454,EMP01305,2025-12-10,3.2,2.7,3.5,3.6
SUR04455,EMP01305,2026-03-17,3.3,3.1,3.5,2.8
SUR04456,EMP01305,2026-06-14,2.9,2.9,2.6,3.8
SUR04457,EMP01306,2026-03-14,3.9,3.6,4.1,4.3
SUR04458,EMP01306,2026-06-04,3.9,3.5,3.2,4.7
SUR04459,EMP01307,2025-08-16,2.4,2.5,3.6,2.3
SUR04460,EMP01307,2025-11-28,3.1,3.5,2.9,2.5
SUR04461,EMP01307,2026-03-16,3.0,3.2,3.0,2.2
SUR04462,EMP01307,2026-06-05,2.9,2.8,2.8,2.3
SUR04463,EMP01308,2026-07-17,2.6,2.4,3.6,2.6
SUR04464,EMP01310,2025-05-03,3.8,3.2,3.2,3.7
SUR04465,EMP01310,2025-08-12,3.6,3.1,3.6,3.7
SUR04466,EMP01310,2025-11-26,3.7,4.6,3.6,4.4
SUR04467,EMP01310,2026-02-23,,3.8,3.5,3.7
SUR04468,EMP01310,2026-06-01,3.6,3.6,2.8,3.3
SUR04469,EMP01311,2024-11-07,2.5,2.2,4.5,2.8
SUR04470,EMP01311,2025-02-11,3.7,3.5,3.0,4.2
SUR04471,EMP01311,2025-05-06,4.2,4.2,4.3,3.9
SUR04472,EMP01311,2025-07-31,2.9,2.8,3.0,3.8
SUR04473,EMP01311,2025-11-04,3.5,3.7,3.5,4.1
SUR04474,EMP01311,2026-02-01,3.3,3.2,3.2,3.7
SUR04475,EMP01311,2026-04-24,2.7,3.2,3.4,3.4
SUR04476,EMP01311,2026-07-24,4.2,4.0,3.2,4.6
SUR04477,EMP01312,2025-11-18,3.7,3.3,2.6,3.9
SUR04478,EMP01312,2026-03-06,3.3,3.2,3.0,3.8
SUR04479,EMP01312,2026-06-15,3.1,3.4,3.3,3.5
SUR04480,EMP01314,2024-08-02,3.9,4.5,4.0,3.6
SUR04481,EMP01314,2024-11-15,3.8,4.4,4.7,3.9
SUR04482,EMP01314,2025-02-25,3.4,2.9,3.3,4.0
SUR04483,EMP01314,2025-05-17,3.7,3.7,3.2,3.9
SUR04484,EMP01314,2025-08-06,3.0,2.8,3.9,3.7
SUR04485,EMP01314,2025-11-20,,2.8,2.8,3.5
SUR04486,EMP01314,2026-02-19,4.1,3.9,4.5,4.4
SUR04487,EMP01314,2026-06-01,3.8,3.7,3.1,4.5
SUR04488,EMP01315,2025-12-27,3.1,3.4,2.6,3.9
SUR04489,EMP01315,2026-03-19,3.6,3.1,4.3,3.4
SUR04490,EMP01315,2026-06-18,,2.9,2.4,3.4
SUR04491,EMP01316,2025-12-05,3.4,2.9,3.5,3.4
SUR04492,EMP01316,2026-03-10,3.3,3.1,3.5,3.3
SUR04493,EMP01316,2026-06-02,2.0,1.2,1.6,2.4
SUR04494,EMP01317,2026-03-14,2.5,2.6,2.0,2.3
SUR04495,EMP01317,2026-06-05,3.0,2.6,3.3,2.4
SUR04496,EMP01318,2024-03-15,2.1,2.0,2.1,3.1
SUR04497,EMP01318,2024-06-24,1.5,1.4,2.4,1.6
SUR04498,EMP01319,2026-03-15,3.2,3.1,2.2,3.2
SUR04499,EMP01319,2026-06-16,3.9,3.9,3.2,3.3
SUR04500,EMP01321,2024-06-22,3.6,3.1,3.5,4.2
SUR04501,EMP01321,2024-09-24,2.9,2.8,4.0,3.7
SUR04502,EMP01321,2024-12-31,4.3,4.2,4.7,5.0
SUR04503,EMP01321,2025-04-08,4.7,4.1,4.6,4.0
SUR04504,EMP01321,2025-07-13,4.5,4.7,4.7,3.9
SUR04505,EMP01321,2025-10-27,3.7,3.8,4.2,4.1
SUR04506,EMP01321,2026-01-21,3.7,3.7,3.6,3.8
SUR04507,EMP01321,2026-04-28,3.8,4.1,3.6,3.9
SUR04508,EMP01322,2024-09-15,3.5,3.2,3.0,3.0
SUR04509,EMP01322,2024-12-24,4.3,3.9,3.8,4.7
SUR04510,EMP01322,2025-03-28,3.2,3.9,3.7,3.3
SUR04511,EMP01322,2025-06-18,2.1,2.1,2.7,3.3
SUR04512,EMP01322,2025-09-21,3.4,3.5,3.6,3.5
SUR04513,EMP01322,2026-01-04,4.2,4.6,3.9,4.8
SUR04514,EMP01322,2026-04-07,2.6,2.9,3.3,3.2
SUR04515,EMP01322,2026-07-04,4.1,4.9,4.0,4.5
SUR04516,EMP01324,2024-06-21,4.6,5.0,4.5,4.1
SUR04517,EMP01324,2024-09-15,3.1,3.5,4.5,3.6
SUR04518,EMP01324,2024-12-17,5.0,4.7,3.7,4.2
SUR04519,EMP01324,2025-03-23,2.9,3.1,3.3,3.7
SUR04520,EMP01324,2025-06-13,3.5,3.3,3.1,4.1
SUR04521,EMP01324,2025-09-11,,4.0,4.1,4.2
SUR04522,EMP01324,2025-12-09,3.3,3.4,3.2,3.6
SUR04523,EMP01324,2026-03-24,3.6,3.3,4.5,3.8
SUR04524,EMP01324,2026-07-06,2.2,2.7,2.2,2.9
SUR04525,EMP01327,2024-10-10,4.3,4.5,4.6,5.0
SUR04526,EMP01327,2025-01-02,3.7,3.2,4.0,5.0
SUR04527,EMP01327,2025-04-18,3.2,3.1,3.9,3.6
SUR04528,EMP01327,2025-07-23,4.5,4.7,4.1,4.4
SUR04529,EMP01327,2025-10-21,3.7,3.5,3.7,3.9
SUR04530,EMP01327,2026-01-10,3.6,3.6,4.7,4.5
SUR04531,EMP01327,2026-04-24,4.0,3.7,4.0,3.8
SUR04532,EMP01327,2026-07-27,3.1,2.6,3.4,3.9
SUR04533,EMP01328,2026-07-03,1.3,1.4,2.2,1.1
SUR04534,EMP01329,2025-06-21,2.2,2.2,2.3,2.7
SUR04535,EMP01329,2025-09-26,4.1,4.1,3.6,4.7
SUR04536,EMP01329,2026-01-07,3.6,3.7,3.1,4.8
SUR04537,EMP01329,2026-04-06,3.8,4.0,3.0,3.6
SUR04538,EMP01329,2026-07-09,,2.9,3.7,4.4
SUR04539,EMP01330,2025-08-09,3.7,3.7,3.7,4.1
SUR04540,EMP01330,2025-10-29,3.7,3.9,3.3,4.1
SUR04541,EMP01330,2026-02-02,4.3,4.5,4.3,4.5
SUR04542,EMP01330,2026-04-28,4.0,4.5,4.1,4.2
SUR04543,EMP01331,2025-03-11,3.0,2.4,4.1,4.7
SUR04544,EMP01331,2025-05-31,3.3,3.3,3.2,3.3
SUR04545,EMP01331,2025-08-25,4.3,4.2,3.8,4.6
SUR04546,EMP01331,2025-12-07,4.1,4.7,4.2,3.9
SUR04547,EMP01331,2026-03-08,3.3,3.4,4.3,3.5
SUR04548,EMP01331,2026-06-11,2.9,2.5,3.3,4.0
SUR04549,EMP01332,2025-11-29,3.8,3.3,3.6,4.3
SUR04550,EMP01332,2026-03-07,4.2,3.9,4.2,4.4
SUR04551,EMP01332,2026-05-28,3.3,4.2,3.8,3.6
SUR04552,EMP01333,2024-05-22,4.3,3.8,5.0,5.0
SUR04553,EMP01333,2024-09-06,3.3,3.0,3.4,3.8
SUR04554,EMP01333,2024-12-23,2.9,2.5,3.4,3.4
SUR04555,EMP01333,2025-04-04,2.8,1.9,3.3,3.7
SUR04556,EMP01333,2025-06-24,4.5,4.4,5.0,5.0
SUR04557,EMP01333,2025-10-04,4.5,4.9,4.5,4.7
SUR04558,EMP01333,2026-01-15,3.8,3.7,3.4,3.9
SUR04559,EMP01333,2026-04-11,3.8,3.8,4.1,4.5
SUR04560,EMP01333,2026-07-01,3.4,3.5,3.1,3.8
SUR04561,EMP01334,2025-04-17,3.4,3.1,3.7,3.8
SUR04562,EMP01334,2025-07-12,2.3,2.6,3.5,3.7
SUR04563,EMP01334,2025-10-21,3.9,4.0,3.4,4.4
SUR04564,EMP01334,2026-01-16,2.9,3.3,2.6,3.0
SUR04565,EMP01334,2026-04-29,3.5,4.0,3.1,4.1
SUR04566,EMP01334,2026-07-20,3.7,3.7,3.6,4.8
SUR04567,EMP01337,2026-01-08,3.1,2.9,3.1,2.8
SUR04568,EMP01337,2026-04-24,4.4,4.5,4.4,4.1
SUR04569,EMP01337,2026-07-14,3.1,3.0,2.8,2.8
SUR04570,EMP01338,2025-01-23,4.1,4.0,4.0,4.1
SUR04571,EMP01338,2025-04-28,,3.5,2.3,1.7
SUR04572,EMP01338,2025-07-25,3.7,3.1,3.4,3.2
SUR04573,EMP01338,2025-11-12,3.1,3.2,2.8,3.2
SUR04574,EMP01338,2026-02-10,3.3,3.2,3.3,3.9
SUR04575,EMP01338,2026-05-14,,2.9,3.2,3.4
SUR04576,EMP01339,2026-04-04,3.4,3.1,4.1,4.3
SUR04577,EMP01339,2026-07-17,2.8,2.1,3.4,4.0
SUR04578,EMP01342,2025-06-29,3.7,3.5,3.5,4.7
SUR04579,EMP01342,2025-09-17,3.7,3.2,3.5,4.1
SUR04580,EMP01342,2026-01-02,3.2,2.6,2.9,3.7
SUR04581,EMP01342,2026-03-24,3.9,3.9,3.8,3.9
SUR04582,EMP01342,2026-06-18,4.2,3.7,3.3,3.5
SUR04583,EMP01343,2024-09-14,3.0,2.8,2.7,3.6
SUR04584,EMP01343,2024-12-22,1.0,1.0,1.1,2.1
SUR04585,EMP01343,2025-03-15,1.2,1.2,1.2,1.2
SUR04586,EMP01343,2025-06-24,1.8,1.7,2.3,2.0
SUR04587,EMP01343,2025-09-20,2.4,2.5,2.9,2.2
SUR04588,EMP01344,2023-09-02,3.7,3.4,3.8,3.2
SUR04589,EMP01344,2023-11-26,3.6,3.1,2.9,3.7
SUR04590,EMP01344,2024-02-17,4.7,4.9,4.4,4.9
SUR04591,EMP01344,2024-05-22,3.8,3.0,4.0,3.7
SUR04592,EMP01344,2024-09-04,3.9,3.9,4.6,3.7
SUR04593,EMP01344,2024-12-03,3.7,4.2,4.3,4.1
SUR04594,EMP01344,2025-02-23,2.9,3.7,3.3,3.5
SUR04595,EMP01344,2025-05-22,3.2,3.2,2.8,2.8
SUR04596,EMP01344,2025-08-12,4.4,4.8,3.7,4.4
SUR04597,EMP01344,2025-11-07,3.0,2.7,3.4,3.5
SUR04598,EMP01344,2026-02-05,5.0,5.0,4.2,5.0
SUR04599,EMP01344,2026-05-13,4.0,3.8,4.1,4.4
SUR04600,EMP01345,2024-06-18,3.2,2.9,2.1,3.2
SUR04601,EMP01345,2024-09-09,4.0,3.9,3.9,4.4
SUR04602,EMP01345,2024-12-06,3.5,2.9,4.0,4.4
SUR04603,EMP01345,2025-02-28,3.9,4.7,3.4,3.8
SUR04604,EMP01345,2025-05-23,3.4,3.0,4.3,4.4
SUR04605,EMP01345,2025-08-25,3.0,3.0,2.9,3.3
SUR04606,EMP01345,2025-12-09,3.0,3.2,2.8,2.7
SUR04607,EMP01345,2026-03-13,2.5,3.1,2.8,2.4
SUR04608,EMP01345,2026-06-04,3.4,3.1,3.0,2.9
SUR04609,EMP01346,2025-09-17,4.4,4.5,3.9,4.4
SUR04610,EMP01346,2025-12-12,3.9,3.5,3.9,4.2
SUR04611,EMP01346,2026-03-17,3.8,3.5,4.0,3.5
SUR04612,EMP01346,2026-06-30,4.5,4.9,5.0,4.8
SUR04613,EMP01347,2025-02-07,3.2,2.9,3.2,3.6
SUR04614,EMP01347,2025-05-08,3.3,3.3,3.6,3.5
SUR04615,EMP01347,2025-08-12,,3.5,3.4,3.5
SUR04616,EMP01347,2025-11-24,2.5,3.0,2.4,2.0
SUR04617,EMP01347,2026-02-24,4.0,3.3,3.6,4.1
SUR04618,EMP01347,2026-06-02,3.5,3.7,4.1,3.4
SUR04619,EMP01348,2026-06-25,4.0,4.4,3.8,4.2
SUR04620,EMP01349,2025-05-19,3.0,2.8,3.0,3.0
SUR04621,EMP01349,2025-09-02,3.4,3.3,2.9,4.3
SUR04622,EMP01349,2025-11-22,4.4,4.7,3.8,4.0
SUR04623,EMP01349,2026-02-17,3.7,2.6,4.0,4.0
SUR04624,EMP01349,2026-06-04,3.1,2.2,3.1,3.5
SUR04625,EMP01350,2024-10-07,4.0,4.2,4.4,4.8
SUR04626,EMP01350,2024-12-27,5.0,4.8,5.0,4.8
SUR04627,EMP01350,2025-04-05,3.7,3.5,3.9,4.0
SUR04628,EMP01350,2025-06-29,3.7,3.9,4.7,4.2
SUR04629,EMP01350,2025-09-21,2.3,1.8,3.4,2.6
SUR04630,EMP01350,2025-12-23,2.3,3.2,2.7,2.2
SUR04631,EMP01350,2026-03-30,2.9,2.7,3.2,3.8
SUR04632,EMP01351,2025-12-07,3.0,2.9,2.6,2.8
SUR04633,EMP01351,2026-03-09,3.1,2.5,3.5,3.7
SUR04634,EMP01351,2026-06-14,3.6,3.8,3.3,4.8
SUR04635,EMP01352,2026-02-06,3.6,3.7,4.2,4.0
SUR04636,EMP01352,2026-05-20,3.6,3.4,4.4,4.6
SUR04637,EMP01353,2024-05-04,3.2,2.8,1.6,3.3
SUR04638,EMP01354,2024-05-31,2.6,2.9,2.9,3.4
SUR04639,EMP01354,2024-08-26,3.4,3.5,3.6,3.5
SUR04640,EMP01354,2024-11-28,4.1,4.3,4.0,4.6
SUR04641,EMP01354,2025-02-20,3.3,3.2,4.0,5.0
SUR04642,EMP01354,2025-05-20,3.1,3.4,3.1,3.5
SUR04643,EMP01354,2025-08-22,2.7,3.2,3.0,3.2
SUR04644,EMP01354,2025-12-08,3.1,2.9,3.0,2.8
SUR04645,EMP01354,2026-03-01,3.6,3.2,4.0,4.2
SUR04646,EMP01354,2026-06-17,3.8,3.7,4.3,4.3
SUR04647,EMP01355,2023-04-05,1.4,1.6,1.8,2.0
SUR04648,EMP01355,2023-07-04,2.4,3.0,2.0,2.9
SUR04649,EMP01355,2023-10-16,2.8,2.6,3.6,2.9
SUR04650,EMP01356,2026-03-26,2.7,2.1,3.3,3.2
SUR04651,EMP01356,2026-07-06,3.5,4.2,,4.0
SUR04652,EMP01357,2026-01-04,3.8,3.6,3.7,3.8
SUR04653,EMP01357,2026-03-31,3.7,3.8,4.1,4.2
SUR04654,EMP01357,2026-07-08,2.3,2.1,3.1,2.8
SUR04655,EMP01358,2025-07-01,3.3,3.1,2.9,2.9
SUR04656,EMP01358,2025-09-30,3.5,3.4,3.5,3.2
SUR04657,EMP01358,2026-01-02,3.7,3.2,3.4,4.0
SUR04658,EMP01358,2026-03-27,3.8,3.6,3.7,4.1
SUR04659,EMP01358,2026-06-27,3.8,3.3,2.5,4.4
SUR04660,EMP01359,2026-06-14,3.7,3.3,4.5,3.2
SUR04661,EMP01360,2026-05-07,4.0,4.7,,4.1
SUR04662,EMP01361,2025-10-12,3.2,3.4,3.2,3.2
SUR04663,EMP01361,2026-01-24,2.0,2.0,2.5,3.0
SUR04664,EMP01362,2026-07-08,3.1,3.5,1.9,2.1
SUR04665,EMP01363,2024-08-07,3.2,3.5,3.0,4.0
SUR04666,EMP01363,2024-11-19,3.3,3.4,2.8,3.6
SUR04667,EMP01363,2025-02-18,2.5,2.0,1.8,2.8
SUR04668,EMP01363,2025-05-25,2.7,2.2,3.6,3.2
SUR04669,EMP01363,2025-08-23,2.1,2.1,3.3,3.6
SUR04670,EMP01363,2025-11-13,2.0,1.7,2.0,2.7
SUR04671,EMP01364,2024-02-04,2.6,2.8,2.4,2.5
SUR04672,EMP01365,2024-11-27,1.9,2.8,2.0,1.2
SUR04673,EMP01365,2025-03-03,2.3,1.9,1.7,2.2
SUR04674,EMP01365,2025-06-19,3.2,3.7,2.3,2.2
SUR04675,EMP01365,2025-10-05,3.2,3.0,3.2,3.7
SUR04676,EMP01365,2026-01-10,3.9,3.7,4.3,3.9
SUR04677,EMP01365,2026-04-04,3.0,2.0,2.8,2.5
SUR04678,EMP01365,2026-07-18,4.0,3.6,3.7,2.9
SUR04679,EMP01366,2023-06-08,3.2,3.1,2.5,3.7
SUR04680,EMP01366,2023-09-06,5.0,5.0,5.0,5.0
SUR04681,EMP01366,2023-12-13,3.2,1.8,2.4,2.6
SUR04682,EMP01366,2024-03-10,4.0,3.9,3.2,5.0
SUR04683,EMP01366,2024-06-04,4.0,3.3,3.3,4.0
SUR04684,EMP01366,2024-09-08,3.5,3.6,3.6,4.1
SUR04685,EMP01366,2024-12-02,3.2,3.0,4.5,2.8
SUR04686,EMP01366,2025-03-13,3.7,4.0,4.2,5.0
SUR04687,EMP01366,2025-06-28,4.2,4.9,4.5,4.1
SUR04688,EMP01366,2025-09-20,5.0,4.9,4.9,5.0
SUR04689,EMP01366,2025-12-18,4.5,4.8,5.0,4.5
SUR04690,EMP01366,2026-03-26,3.3,3.7,3.7,3.6
SUR04691,EMP01366,2026-06-29,3.4,3.7,4.1,4.5
SUR04692,EMP01367,2025-08-31,3.3,3.2,3.7,3.4
SUR04693,EMP01367,2025-11-27,3.5,3.6,4.0,4.3
SUR04694,EMP01367,2026-03-02,2.6,3.3,2.8,3.9
SUR04695,EMP01367,2026-05-29,4.2,4.8,4.1,4.8
SUR04696,EMP01369,2023-04-04,3.2,2.9,3.4,3.8
SUR04697,EMP01369,2023-07-04,3.1,2.6,3.4,2.7
SUR04698,EMP01369,2023-09-26,3.4,3.4,5.0,4.4
SUR04699,EMP01369,2023-12-29,3.7,4.0,4.1,3.7
SUR04700,EMP01369,2024-04-04,3.1,3.6,4.2,3.8
SUR04701,EMP01369,2024-07-17,3.3,2.8,3.4,3.9
SUR04702,EMP01369,2024-10-08,3.9,3.1,3.8,4.1
SUR04703,EMP01369,2025-01-09,4.3,4.3,4.8,4.6
SUR04704,EMP01369,2025-04-27,3.4,3.6,3.0,3.3
SUR04705,EMP01369,2025-08-03,,4.6,3.8,4.7
SUR04706,EMP01369,2025-11-05,3.2,3.4,2.9,2.9
SUR04707,EMP01369,2026-02-11,3.7,3.1,2.7,3.5
SUR04708,EMP01369,2026-05-08,3.6,3.3,4.1,4.5
SUR04709,EMP01370,2024-03-02,3.6,3.9,3.5,4.6
SUR04710,EMP01370,2024-05-23,3.1,3.3,2.9,3.6
SUR04711,EMP01370,2024-08-14,2.7,2.4,2.7,4.1
SUR04712,EMP01370,2024-12-01,3.9,4.3,3.6,4.6
SUR04713,EMP01370,2025-02-21,3.1,2.6,3.2,3.6
SUR04714,EMP01370,2025-05-24,3.5,3.5,3.6,4.3
SUR04715,EMP01370,2025-08-17,2.2,2.6,2.1,3.0
SUR04716,EMP01370,2025-12-03,,3.4,3.7,3.7
SUR04717,EMP01370,2026-02-24,3.2,3.7,2.8,4.2
SUR04718,EMP01370,2026-06-05,3.2,3.5,3.7,2.9
SUR04719,EMP01371,2025-06-07,3.3,3.5,3.4,2.4
SUR04720,EMP01371,2025-08-27,3.3,3.2,3.8,3.2
SUR04721,EMP01371,2025-12-05,2.6,2.5,2.8,2.1
SUR04722,EMP01371,2026-03-05,2.6,2.7,2.3,2.1
SUR04723,EMP01371,2026-06-05,3.0,2.8,2.7,3.2
SUR04724,EMP01373,2025-01-08,3.2,3.3,3.1,3.1
SUR04725,EMP01373,2025-04-25,,2.4,2.5,3.4
SUR04726,EMP01373,2025-07-31,4.2,4.6,3.3,4.0
SUR04727,EMP01373,2025-11-02,4.2,4.0,4.9,4.1
SUR04728,EMP01373,2026-02-20,5.0,4.8,4.1,5.0
SUR04729,EMP01373,2026-05-26,2.9,3.4,1.9,3.1
SUR04730,EMP01374,2025-08-01,3.6,3.0,3.3,4.8
SUR04731,EMP01374,2025-10-29,2.1,1.5,1.7,2.6
SUR04732,EMP01374,2026-02-04,3.2,3.1,3.0,3.9
SUR04733,EMP01374,2026-05-23,4.4,3.9,4.4,3.9
SUR04734,EMP01375,2023-05-16,1.8,2.3,2.0,2.3
SUR04735,EMP01375,2023-08-23,2.6,2.9,2.8,2.2
SUR04736,EMP01375,2023-12-04,3.3,3.8,3.7,3.8
SUR04737,EMP01375,2024-03-01,3.4,4.4,5.0,3.8
SUR04738,EMP01375,2024-06-14,2.4,2.2,1.9,2.1
SUR04739,EMP01375,2024-09-10,3.1,2.4,,2.8
SUR04740,EMP01375,2024-12-25,3.3,2.8,3.4,4.3
SUR04741,EMP01375,2025-03-22,2.9,2.6,2.4,3.6
SUR04742,EMP01375,2025-06-26,4.3,4.2,4.8,4.2
SUR04743,EMP01375,2025-09-24,3.7,4.4,3.2,3.3
SUR04744,EMP01375,2026-01-07,3.3,2.8,2.3,2.7
SUR04745,EMP01375,2026-04-04,3.5,3.6,2.7,3.4
SUR04746,EMP01375,2026-07-13,2.7,3.3,2.6,2.9
SUR04747,EMP01376,2024-04-14,2.7,3.0,1.9,2.9
SUR04748,EMP01376,2024-07-15,1.9,1.7,1.6,2.6
SUR04749,EMP01376,2024-10-05,2.6,1.9,,2.1
SUR04750,EMP01379,2022-12-11,3.0,2.8,3.1,3.2
SUR04751,EMP01379,2023-03-28,2.8,2.6,2.2,1.9
SUR04752,EMP01379,2023-07-07,2.4,2.2,2.8,1.8
SUR04753,EMP01379,2023-09-27,,3.8,3.3,2.5
SUR04754,EMP01379,2024-01-08,3.0,2.9,3.5,3.1
SUR04755,EMP01379,2024-04-10,2.5,2.7,2.4,1.3
SUR04756,EMP01379,2024-07-01,2.5,2.7,2.5,1.6
SUR04757,EMP01379,2024-09-24,3.4,3.4,3.0,3.0
SUR04758,EMP01379,2024-12-23,3.2,3.8,2.9,2.6
SUR04759,EMP01379,2025-04-10,3.1,3.1,3.0,3.1
SUR04760,EMP01379,2025-07-25,3.9,3.9,3.7,3.5
SUR04761,EMP01379,2025-10-19,3.2,3.3,2.6,2.9
SUR04762,EMP01379,2026-01-26,3.7,3.5,4.6,4.0
SUR04763,EMP01379,2026-04-21,3.5,3.6,3.0,1.7
SUR04764,EMP01379,2026-07-24,3.3,2.9,2.3,3.0
SUR04765,EMP01381,2025-12-08,4.0,4.5,4.9,3.9
SUR04766,EMP01381,2026-03-10,4.2,4.0,3.4,4.4
SUR04767,EMP01381,2026-06-10,2.4,3.0,2.3,3.3
SUR04768,EMP01382,2026-07-03,2.6,2.9,3.4,3.5
SUR04769,EMP01383,2025-06-13,1.4,1.0,1.1,1.0
SUR04770,EMP01383,2025-09-18,1.8,2.2,1.2,1.4
SUR04771,EMP01383,2025-12-21,2.3,2.5,,2.1
SUR04772,EMP01384,2025-08-27,2.1,2.1,1.6,2.5
SUR04773,EMP01384,2025-11-26,2.7,2.0,3.2,1.7
SUR04774,EMP01384,2026-02-18,2.5,3.0,2.9,2.8
SUR04775,EMP01384,2026-05-25,2.1,1.7,2.7,1.6
SUR04776,EMP01385,2025-08-12,3.3,3.3,2.9,2.1
SUR04777,EMP01385,2025-11-11,2.7,3.6,3.5,2.1
SUR04778,EMP01385,2026-02-23,3.3,3.3,3.2,2.9
SUR04779,EMP01385,2026-06-11,2.5,2.8,2.4,2.6
SUR04780,EMP01386,2026-01-12,3.6,3.7,3.0,4.1
SUR04781,EMP01386,2026-05-01,3.9,4.6,3.4,3.9
SUR04782,EMP01386,2026-07-27,3.5,3.5,4.9,3.9
SUR04783,EMP01387,2024-04-02,1.9,2.2,2.4,3.3
SUR04784,EMP01388,2023-03-14,2.7,2.9,3.4,2.9
SUR04785,EMP01388,2023-06-24,3.5,4.3,3.2,4.3
SUR04786,EMP01389,2024-12-29,3.1,3.2,1.8,2.1
SUR04787,EMP01389,2025-03-25,3.0,3.3,2.7,4.8
SUR04788,EMP01389,2025-07-03,3.6,4.0,3.6,3.2
SUR04789,EMP01389,2025-09-28,3.9,3.9,3.0,3.6
SUR04790,EMP01389,2025-12-22,3.9,3.8,3.6,3.7
SUR04791,EMP01389,2026-04-05,3.1,3.3,3.2,4.0
SUR04792,EMP01389,2026-06-25,3.3,3.5,3.9,4.6
SUR04793,EMP01390,2026-02-18,4.8,5.0,4.6,5.0
SUR04794,EMP01390,2026-05-14,4.0,3.8,4.0,3.9
SUR04795,EMP01391,2024-07-27,,3.4,3.0,3.6
SUR04796,EMP01391,2024-10-17,2.5,2.0,2.1,2.6
SUR04797,EMP01391,2025-02-02,3.5,4.3,3.8,3.4
SUR04798,EMP01391,2025-05-11,2.9,3.3,,3.4
SUR04799,EMP01391,2025-08-26,3.8,4.5,3.1,4.2
SUR04800,EMP01391,2025-11-19,,2.1,3.9,2.8
SUR04801,EMP01391,2026-02-26,3.7,3.0,4.5,3.9
SUR04802,EMP01391,2026-06-10,2.8,3.0,2.3,2.7
SUR04803,EMP01392,2026-01-05,2.9,2.8,1.8,2.1
SUR04804,EMP01394,2023-12-02,4.0,4.0,4.0,4.4
SUR04805,EMP01394,2024-03-07,4.5,5.0,4.7,5.0
SUR04806,EMP01394,2024-06-03,3.4,2.9,3.1,3.1
SUR04807,EMP01394,2024-09-07,3.8,3.9,3.7,3.8
SUR04808,EMP01394,2024-12-07,4.1,4.3,3.7,4.8
SUR04809,EMP01394,2025-03-01,4.0,4.1,3.0,4.9
SUR04810,EMP01394,2025-06-16,3.1,2.2,3.4,3.7
SUR04811,EMP01394,2025-09-06,3.9,3.9,3.1,3.8
SUR04812,EMP01394,2025-12-08,3.8,3.5,3.9,4.5
SUR04813,EMP01394,2026-03-21,3.3,3.6,3.2,4.8
SUR04814,EMP01394,2026-06-15,3.8,4.2,3.7,4.2
SUR04815,EMP01395,2026-01-07,3.2,3.7,3.4,3.5
SUR04816,EMP01395,2026-04-20,3.1,3.1,2.8,3.2
SUR04817,EMP01395,2026-07-11,3.9,4.4,3.8,4.7
SUR04818,EMP01396,2025-06-16,5.0,5.0,4.5,5.0
SUR04819,EMP01396,2025-09-10,3.9,3.7,3.6,3.9
SUR04820,EMP01396,2025-12-19,2.9,2.8,2.8,3.9
SUR04821,EMP01396,2026-03-15,3.6,4.3,3.8,3.9
SUR04822,EMP01396,2026-06-30,3.8,3.7,3.2,3.5
SUR04823,EMP01397,2026-07-23,3.4,3.6,4.0,4.3
SUR04824,EMP01398,2024-06-01,2.9,2.5,3.1,3.6
SUR04825,EMP01398,2024-09-14,4.2,4.2,4.2,3.6
SUR04826,EMP01398,2024-12-12,3.1,2.9,3.9,3.5
SUR04827,EMP01398,2025-03-07,3.1,2.9,3.0,3.4
SUR04828,EMP01398,2025-06-08,3.9,3.9,4.0,4.4
SUR04829,EMP01398,2025-09-15,2.8,2.9,1.5,1.7
SUR04830,EMP01398,2025-12-18,3.6,4.0,3.9,4.0
SUR04831,EMP01400,2026-06-27,2.9,2.4,3.5,3.8
SUR04832,EMP01402,2026-02-05,3.7,3.7,4.1,4.0
SUR04833,EMP01402,2026-04-27,3.3,3.3,3.9,4.3
SUR04834,EMP01403,2025-08-27,3.9,3.9,3.7,3.1
SUR04835,EMP01403,2025-12-13,4.4,4.1,4.9,4.4
SUR04836,EMP01403,2026-03-28,3.9,4.3,2.8,4.3
SUR04837,EMP01403,2026-06-29,3.2,2.6,3.0,3.1
SUR04838,EMP01404,2025-12-02,3.2,3.5,3.5,3.1
SUR04839,EMP01404,2026-03-20,3.9,3.9,3.8,4.6
SUR04840,EMP01404,2026-06-20,4.0,4.7,2.7,4.1
SUR04841,EMP01406,2025-10-25,3.0,3.0,3.0,3.2
SUR04842,EMP01406,2026-01-30,3.1,2.5,2.7,4.0
SUR04843,EMP01406,2026-05-16,4.1,3.7,3.6,3.9
SUR04844,EMP01407,2023-03-14,3.0,3.5,2.8,3.4
SUR04845,EMP01409,2026-02-14,2.7,2.3,3.8,4.1
SUR04846,EMP01410,2026-01-27,4.1,4.0,4.5,4.2
SUR04847,EMP01410,2026-04-25,2.4,2.4,2.4,1.7
SUR04848,EMP01411,2024-08-01,3.5,3.6,4.2,4.0
SUR04849,EMP01411,2024-11-07,3.6,3.6,4.2,4.2
SUR04850,EMP01411,2025-02-15,4.2,4.6,4.4,4.2
SUR04851,EMP01411,2025-05-24,3.3,3.5,2.9,3.0
SUR04852,EMP01411,2025-09-08,3.8,4.1,3.6,3.9
SUR04853,EMP01411,2025-12-21,4.0,3.6,3.7,4.6
SUR04854,EMP01411,2026-03-20,4.6,4.7,3.6,4.7
SUR04855,EMP01411,2026-06-25,5.0,4.9,4.5,5.0
SUR04856,EMP01412,2026-01-06,3.6,3.5,3.6,3.5
SUR04857,EMP01412,2026-04-08,2.2,2.3,2.5,1.9
SUR04858,EMP01412,2026-07-05,2.1,2.6,2.2,2.5
SUR04859,EMP01413,2025-04-04,3.2,3.7,4.3,3.3
SUR04860,EMP01413,2025-07-02,2.6,1.9,2.0,3.2
SUR04861,EMP01413,2025-10-01,1.9,2.4,2.2,2.4
SUR04862,EMP01413,2026-01-01,1.8,1.7,1.2,1.9
SUR04863,EMP01414,2026-01-07,2.6,2.7,3.0,1.8
SUR04864,EMP01414,2026-04-20,2.9,3.4,2.7,2.7
SUR04865,EMP01414,2026-07-24,3.1,3.9,3.1,2.8
SUR04866,EMP01415,2024-01-22,3.5,3.9,2.8,2.9
SUR04867,EMP01415,2024-04-20,2.8,3.3,2.3,1.8
SUR04868,EMP01415,2024-07-13,1.9,1.7,1.7,1.5
SUR04869,EMP01415,2024-10-16,3.5,3.5,,1.5
SUR04870,EMP01415,2025-01-12,3.2,3.0,3.3,1.5
SUR04871,EMP01415,2025-04-08,3.0,2.6,3.4,2.0
SUR04872,EMP01415,2025-07-25,1.9,1.9,2.1,1.6
SUR04873,EMP01415,2025-10-25,2.4,2.5,3.1,3.2
SUR04874,EMP01415,2026-02-02,3.0,2.8,3.0,2.6
SUR04875,EMP01415,2026-05-07,1.7,1.0,2.9,1.4
SUR04876,EMP01416,2026-01-13,2.6,2.6,3.8,2.7
SUR04877,EMP01416,2026-04-23,3.3,3.1,2.8,3.0
SUR04878,EMP01418,2023-06-29,2.1,2.7,2.0,2.1
SUR04879,EMP01418,2023-09-28,2.4,1.7,3.6,3.6
SUR04880,EMP01418,2023-12-20,2.5,2.4,2.1,2.6
SUR04881,EMP01420,2025-04-28,4.0,4.4,4.0,5.0
SUR04882,EMP01420,2025-07-31,2.9,3.2,,3.0
SUR04883,EMP01420,2025-10-24,4.8,4.8,4.4,5.0
SUR04884,EMP01420,2026-02-06,4.0,3.9,3.4,4.8
SUR04885,EMP01420,2026-05-17,3.3,3.5,2.6,4.1
SUR04886,EMP01421,2026-07-22,4.0,3.6,3.5,3.6
SUR04887,EMP01422,2026-05-09,3.9,4.5,2.3,3.3
SUR04888,EMP01423,2025-10-20,3.0,3.1,4.0,3.8
SUR04889,EMP01423,2026-01-11,3.7,3.5,3.1,4.8
SUR04890,EMP01423,2026-04-11,4.2,4.7,3.9,4.6
SUR04891,EMP01423,2026-07-04,4.0,3.7,4.1,3.4
SUR04892,EMP01424,2026-03-08,5.0,4.7,5.0,4.9
SUR04893,EMP01424,2026-06-23,5.0,5.0,5.0,5.0
SUR04894,EMP01425,2026-07-01,2.6,2.5,2.2,1.9
SUR04895,EMP01426,2025-04-18,3.1,3.3,3.6,3.6
SUR04896,EMP01426,2025-08-05,2.9,3.1,2.4,2.8
SUR04897,EMP01426,2025-11-19,4.7,4.4,3.4,4.9
SUR04898,EMP01426,2026-02-09,5.0,4.9,4.9,5.0
SUR04899,EMP01426,2026-05-25,3.4,4.3,3.4,2.7
SUR04900,EMP01427,2025-01-08,3.7,3.7,3.0,4.1
SUR04901,EMP01427,2025-04-10,4.1,4.3,3.8,4.2
SUR04902,EMP01427,2025-07-10,3.7,2.8,3.5,3.5
SUR04903,EMP01427,2025-10-16,3.8,4.0,3.7,4.5
SUR04904,EMP01427,2026-01-07,3.7,3.7,4.2,3.9
SUR04905,EMP01427,2026-04-16,3.9,3.9,5.0,4.8
SUR04906,EMP01428,2026-01-29,3.0,2.8,2.9,2.7
SUR04907,EMP01428,2026-05-10,1.9,2.2,1.0,1.5
SUR04908,EMP01429,2026-05-23,3.5,3.0,3.7,4.1
SUR04909,EMP01430,2026-04-14,3.6,3.3,4.0,3.8
SUR04910,EMP01431,2026-05-23,3.6,3.6,3.5,4.0
SUR04911,EMP01432,2025-06-18,3.7,3.7,2.9,3.6
SUR04912,EMP01432,2025-09-23,3.1,2.6,2.8,3.4
SUR04913,EMP01432,2025-12-31,4.9,5.0,4.6,4.6
SUR04914,EMP01432,2026-04-15,4.1,3.8,3.7,4.4
SUR04915,EMP01432,2026-07-23,2.7,2.8,3.3,3.5
SUR04916,EMP01433,2026-06-20,3.9,4.1,3.6,4.5
SUR04917,EMP01434,2024-03-19,4.3,4.2,4.5,4.4
SUR04918,EMP01434,2024-06-30,4.1,4.3,2.7,4.0
SUR04919,EMP01434,2024-10-02,3.1,3.0,,3.3
SUR04920,EMP01434,2025-01-02,3.4,3.3,4.0,3.1
SUR04921,EMP01434,2025-03-30,4.2,4.4,3.7,3.9
SUR04922,EMP01434,2025-07-01,3.3,3.7,2.8,3.6
SUR04923,EMP01434,2025-09-23,4.6,4.7,3.9,4.9
SUR04924,EMP01434,2025-12-26,4.6,4.9,3.6,3.9
SUR04925,EMP01434,2026-03-21,4.5,4.9,5.0,4.7
SUR04926,EMP01434,2026-07-07,3.5,3.2,3.6,3.4
SUR04927,EMP01435,2025-09-24,3.2,3.5,3.8,3.0
SUR04928,EMP01435,2025-12-20,2.8,3.4,3.0,2.0
SUR04929,EMP01435,2026-03-29,,4.0,3.0,2.8
SUR04930,EMP01435,2026-07-15,2.5,2.5,2.3,2.3
SUR04931,EMP01436,2022-12-25,,3.3,4.4,4.2
SUR04932,EMP01436,2023-04-07,3.0,2.9,2.2,4.0
SUR04933,EMP01436,2023-07-22,3.6,3.1,3.5,4.2
SUR04934,EMP01436,2023-10-17,3.7,3.6,3.5,4.3
SUR04935,EMP01436,2024-01-08,3.8,3.9,3.4,4.1
SUR04936,EMP01436,2024-04-25,4.2,4.5,3.9,4.1
SUR04937,EMP01436,2024-07-31,3.0,3.5,3.8,3.9
SUR04938,EMP01436,2024-10-31,3.3,3.5,3.9,3.0
SUR04939,EMP01436,2025-01-21,,3.8,3.8,4.2
SUR04940,EMP01436,2025-05-10,,5.0,4.8,4.5
SUR04941,EMP01436,2025-07-31,,2.6,1.8,3.3
SUR04942,EMP01436,2025-11-04,3.7,3.4,4.2,3.5
SUR04943,EMP01436,2026-01-24,4.1,4.2,4.3,4.3
SUR04944,EMP01436,2026-04-20,4.2,4.1,3.6,4.3
SUR04945,EMP01436,2026-07-21,3.5,3.7,3.3,4.4
SUR04946,EMP01437,2025-01-21,2.6,2.5,3.1,2.9
SUR04947,EMP01437,2025-05-04,2.4,2.4,2.2,3.1
SUR04948,EMP01438,2025-03-18,2.9,2.7,3.1,3.4
SUR04949,EMP01438,2025-06-20,2.6,2.6,2.1,2.1
SUR04950,EMP01438,2025-10-07,,2.7,2.0,2.1
SUR04951,EMP01438,2025-12-29,2.0,1.3,2.5,2.3
SUR04952,EMP01439,2025-04-24,2.8,3.2,2.3,3.0
SUR04953,EMP01439,2025-07-28,4.0,3.4,3.6,4.5
SUR04954,EMP01439,2025-10-20,4.2,3.8,4.3,3.7
SUR04955,EMP01439,2026-02-04,3.0,2.8,4.0,3.4
SUR04956,EMP01439,2026-05-12,3.8,4.1,2.7,4.2
SUR04957,EMP01440,2026-02-22,2.5,2.6,1.5,1.5
SUR04958,EMP01440,2026-05-25,2.8,2.1,2.8,1.9
SUR04959,EMP01441,2025-05-01,1.4,1.3,2.1,2.3
SUR04960,EMP01441,2025-08-09,2.2,3.1,2.8,3.2
SUR04961,EMP01442,2025-06-09,1.8,1.4,1.8,2.0
SUR04962,EMP01443,2024-09-09,4.0,4.6,3.8,4.2
SUR04963,EMP01443,2024-12-08,3.1,3.9,3.3,4.0
SUR04964,EMP01443,2025-02-28,3.7,4.2,3.9,3.7
SUR04965,EMP01443,2025-05-26,3.2,3.4,3.1,4.0
SUR04966,EMP01443,2025-08-31,3.0,2.7,3.6,3.1
SUR04967,EMP01443,2025-12-15,3.8,3.5,4.3,3.5
SUR04968,EMP01443,2026-03-30,4.1,5.0,3.3,4.6
SUR04969,EMP01443,2026-06-29,3.5,4.1,3.8,3.4
SUR04970,EMP01444,2025-03-05,4.5,5.0,3.3,4.4
SUR04971,EMP01444,2025-05-25,3.3,2.9,3.1,3.9
SUR04972,EMP01444,2025-08-14,4.6,4.2,4.1,4.1
SUR04973,EMP01444,2025-11-22,4.2,4.0,4.4,4.4
SUR04974,EMP01444,2026-02-22,2.6,2.8,2.3,2.9
SUR04975,EMP01444,2026-05-22,,3.7,3.9,3.6
SUR04976,EMP01445,2024-09-07,2.7,2.9,2.7,2.5
SUR04977,EMP01445,2024-12-20,3.6,3.3,4.1,4.2
SUR04978,EMP01445,2025-03-24,4.4,5.0,3.1,3.9
SUR04979,EMP01445,2025-06-23,4.5,5.0,4.6,3.7
SUR04980,EMP01445,2025-09-16,4.3,4.1,3.0,4.3
SUR04981,EMP01445,2025-12-09,2.5,2.3,3.6,3.8
SUR04982,EMP01445,2026-03-01,3.1,3.4,3.0,3.6
SUR04983,EMP01445,2026-06-08,2.6,1.8,3.3,3.1
SUR04984,EMP01446,2023-09-21,2.5,3.1,2.7,1.7
SUR04985,EMP01446,2024-01-07,3.9,3.1,3.8,3.2
SUR04986,EMP01446,2024-04-09,2.3,2.2,2.5,1.1
SUR04987,EMP01446,2024-07-10,3.3,3.4,4.3,2.8
SUR04988,EMP01447,2025-11-19,3.4,3.5,2.5,3.1
SUR04989,EMP01447,2026-03-06,4.0,3.4,,4.0
SUR04990,EMP01447,2026-06-20,3.4,4.2,3.5,4.6
SUR04991,EMP01449,2025-12-18,2.4,2.0,3.0,4.0
SUR04992,EMP01449,2026-03-23,2.8,2.8,2.6,3.9
SUR04993,EMP01449,2026-07-04,2.3,2.1,2.7,3.1
SUR04994,EMP01450,2025-07-14,2.1,1.9,1.9,1.9
SUR04995,EMP01451,2025-03-19,1.4,1.2,1.5,1.0
SUR04996,EMP01453,2025-09-13,3.2,2.9,2.5,3.5
SUR04997,EMP01453,2025-12-03,3.8,3.7,3.4,4.3
SUR04998,EMP01453,2026-02-26,3.7,3.7,3.5,3.0
SUR04999,EMP01453,2026-06-07,4.0,3.9,4.0,4.6
SUR05000,EMP01454,2025-07-20,1.9,2.4,2.7,1.8
SUR05001,EMP01455,2023-03-22,4.1,4.3,4.0,4.8
SUR05002,EMP01456,2025-02-23,5.0,5.0,,5.0
SUR05003,EMP01456,2025-06-07,3.8,4.4,,4.3
SUR05004,EMP01456,2025-09-23,3.5,4.6,3.5,3.1
SUR05005,EMP01456,2026-01-06,3.5,3.1,4.9,4.1
SUR05006,EMP01456,2026-03-30,3.3,3.4,3.5,4.1
SUR05007,EMP01456,2026-07-02,4.2,4.3,3.6,4.4
SUR05008,EMP01458,2025-04-23,2.2,2.4,1.8,2.8
SUR05009,EMP01458,2025-08-07,1.7,1.8,1.3,2.4
SUR05010,EMP01458,2025-10-27,2.3,2.8,,3.5
SUR05011,EMP01459,2025-10-29,3.8,4.2,4.6,4.3
SUR05012,EMP01459,2026-02-08,4.3,4.4,3.6,4.7
SUR05013,EMP01459,2026-05-21,2.8,3.1,2.8,2.7
SUR05014,EMP01460,2025-09-03,1.9,1.8,1.0,1.3
SUR05015,EMP01460,2025-11-24,2.5,2.3,2.2,2.7
SUR05016,EMP01460,2026-02-23,3.4,2.8,3.5,3.0
SUR05017,EMP01460,2026-05-20,3.1,3.5,2.6,2.8
SUR05018,EMP01461,2025-11-12,4.4,4.6,3.8,5.0
SUR05019,EMP01461,2026-02-05,2.9,2.2,3.7,3.7
SUR05020,EMP01461,2026-04-30,3.6,3.4,2.2,2.7
SUR05021,EMP01462,2026-04-28,2.2,2.2,2.3,2.2
SUR05022,EMP01464,2026-03-09,3.3,3.3,2.8,3.3
SUR05023,EMP01464,2026-05-30,2.8,2.7,3.9,3.6
SUR05024,EMP01466,2023-02-11,2.7,2.3,1.9,3.0
SUR05025,EMP01466,2023-05-29,1.5,1.6,1.2,2.4
SUR05026,EMP01467,2024-07-23,2.1,1.9,1.8,1.5
SUR05027,EMP01468,2022-12-14,3.6,3.1,4.0,3.3
SUR05028,EMP01468,2023-03-05,2.7,3.0,2.4,2.5
SUR05029,EMP01468,2023-06-18,3.6,3.6,4.2,3.9
SUR05030,EMP01468,2023-09-21,3.0,3.0,3.0,3.3
SUR05031,EMP01468,2023-12-17,3.3,3.0,2.7,3.1
SUR05032,EMP01468,2024-03-29,2.0,2.8,2.1,2.3
SUR05033,EMP01468,2024-06-28,1.6,2.4,2.2,1.3
SUR05034,EMP01469,2026-01-01,2.8,3.1,2.3,3.2
SUR05035,EMP01469,2026-03-28,2.4,2.9,2.5,3.1
SUR05036,EMP01469,2026-06-28,4.8,4.9,5.0,5.0
SUR05037,EMP01473,2023-07-11,3.3,3.4,3.6,3.1
SUR05038,EMP01473,2023-10-16,2.4,2.8,2.7,2.4
SUR05039,EMP01473,2024-01-13,3.0,2.9,2.7,3.2
SUR05040,EMP01473,2024-04-23,2.1,2.4,2.4,1.9
SUR05041,EMP01475,2025-02-11,3.1,4.1,3.2,3.7
SUR05042,EMP01475,2025-05-02,3.5,3.3,3.0,3.0
SUR05043,EMP01475,2025-08-10,3.5,3.3,3.5,3.9
SUR05044,EMP01475,2025-11-09,4.0,3.9,3.6,3.3
SUR05045,EMP01475,2026-02-04,3.0,2.4,3.2,3.4
SUR05046,EMP01475,2026-05-16,3.1,2.9,2.9,3.4
SUR05047,EMP01476,2024-01-16,3.4,3.3,4.5,3.4
SUR05048,EMP01476,2024-04-09,2.7,3.1,2.7,2.0
SUR05049,EMP01476,2024-07-01,3.4,2.8,2.7,3.4
SUR05050,EMP01476,2024-10-09,2.7,2.6,2.5,2.1
SUR05051,EMP01476,2025-01-03,3.6,3.5,3.3,3.1
SUR05052,EMP01476,2025-04-08,2.9,2.2,3.1,2.9
SUR05053,EMP01476,2025-07-06,2.0,2.1,2.4,2.6
SUR05054,EMP01476,2025-09-25,2.8,3.3,3.6,2.8
SUR05055,EMP01476,2025-12-24,3.4,3.8,3.9,3.0
SUR05056,EMP01476,2026-03-22,2.9,2.8,3.1,2.6
SUR05057,EMP01476,2026-06-12,3.1,3.4,3.6,2.3
SUR05058,EMP01477,2025-08-14,3.2,3.1,3.4,3.6
SUR05059,EMP01477,2025-11-27,4.5,3.9,4.5,4.8
SUR05060,EMP01477,2026-03-15,3.3,3.7,3.3,3.7
SUR05061,EMP01477,2026-06-22,3.5,3.8,2.1,3.4
SUR05062,EMP01478,2024-10-24,2.0,2.1,2.0,1.8
SUR05063,EMP01478,2025-02-06,3.2,2.5,2.8,3.3
SUR05064,EMP01478,2025-05-10,2.7,3.1,2.3,3.6
SUR05065,EMP01478,2025-08-23,3.6,4.0,3.5,4.1
SUR05066,EMP01478,2025-11-17,4.0,3.7,,4.2
SUR05067,EMP01478,2026-03-04,3.4,3.3,2.6,3.3
SUR05068,EMP01478,2026-06-17,3.2,3.5,3.8,3.8
SUR05069,EMP01479,2024-11-16,4.1,4.7,3.8,4.4
SUR05070,EMP01479,2025-02-27,2.7,3.0,1.9,2.6
SUR05071,EMP01479,2025-05-29,3.2,3.3,3.3,3.3
SUR05072,EMP01479,2025-09-06,2.9,3.0,2.1,3.0
SUR05073,EMP01480,2024-12-26,3.7,4.1,4.4,3.9
SUR05074,EMP01480,2025-03-28,3.8,4.0,3.6,3.9
SUR05075,EMP01480,2025-07-15,3.3,3.5,3.1,3.3
SUR05076,EMP01480,2025-10-06,4.0,3.7,3.5,4.8
SUR05077,EMP01480,2025-12-28,2.9,3.1,2.6,2.6
SUR05078,EMP01480,2026-04-01,4.3,3.7,3.9,5.0
SUR05079,EMP01480,2026-07-02,2.9,2.4,2.8,3.8
SUR05080,EMP01482,2025-09-17,4.0,3.8,4.2,3.3
SUR05081,EMP01482,2026-01-04,2.1,2.4,2.7,2.2
SUR05082,EMP01482,2026-04-21,2.4,2.1,2.2,2.3
SUR05083,EMP01482,2026-07-12,3.6,3.0,3.1,1.9
SUR05084,EMP01483,2024-12-22,3.4,3.8,2.5,3.6
SUR05085,EMP01483,2025-03-15,1.5,1.3,2.3,2.2
SUR05086,EMP01484,2025-11-05,3.7,3.7,3.2,4.9
SUR05087,EMP01484,2026-02-07,3.1,2.9,2.4,3.1
SUR05088,EMP01484,2026-05-22,3.0,2.5,3.7,3.4
SUR05089,EMP01485,2026-03-18,2.7,2.6,3.4,3.5
SUR05090,EMP01485,2026-06-15,3.3,2.8,2.9,3.2
SUR05091,EMP01486,2024-11-22,2.0,2.3,2.2,2.9
SUR05092,EMP01486,2025-02-21,3.2,3.8,3.3,3.5
SUR05093,EMP01487,2025-05-26,4.1,3.7,3.9,3.9
SUR05094,EMP01488,2024-03-18,4.3,4.2,4.7,4.8
SUR05095,EMP01488,2024-06-10,2.0,1.6,2.7,2.5
SUR05096,EMP01489,2024-06-07,1.0,1.0,1.1,1.8
SUR05097,EMP01489,2024-09-02,2.5,2.5,,3.0
SUR05098,EMP01489,2024-11-28,1.9,1.7,2.5,3.0
SUR05099,EMP01490,2026-02-08,4.3,4.5,3.6,4.4
SUR05100,EMP01490,2026-05-11,3.1,3.7,3.5,3.7
SUR05101,EMP01491,2024-06-05,3.0,3.1,3.2,4.1
SUR05102,EMP01491,2024-09-15,4.1,3.9,4.5,4.3
SUR05103,EMP01491,2024-12-15,4.2,4.1,4.0,4.8
SUR05104,EMP01491,2025-03-26,5.0,5.0,5.0,5.0
SUR05105,EMP01491,2025-06-30,4.6,4.7,4.6,4.5
SUR05106,EMP01491,2025-10-07,3.7,3.7,4.7,4.4
SUR05107,EMP01491,2025-12-27,4.2,4.4,4.1,4.2
SUR05108,EMP01491,2026-04-14,3.7,3.5,4.2,4.2
SUR05109,EMP01491,2026-07-04,4.8,4.8,5.0,4.4
SUR05110,EMP01492,2025-09-04,4.4,4.1,5.0,4.6
SUR05111,EMP01492,2025-12-20,3.0,2.8,3.8,3.7
SUR05112,EMP01492,2026-04-03,3.8,3.4,4.5,3.9
SUR05113,EMP01492,2026-06-23,4.3,5.0,4.5,4.0
SUR05114,EMP01493,2026-02-11,4.2,3.9,4.0,4.3
SUR05115,EMP01493,2026-05-13,3.4,3.2,2.7,4.4
SUR05116,EMP01494,2024-01-24,,2.8,3.7,4.0
SUR05117,EMP01494,2024-05-04,4.2,3.5,4.4,4.5
SUR05118,EMP01494,2024-08-19,4.3,4.0,5.0,4.9
SUR05119,EMP01494,2024-12-01,3.7,3.8,4.4,4.6
SUR05120,EMP01494,2025-02-28,2.8,3.2,,3.2
SUR05121,EMP01494,2025-06-15,3.7,3.2,3.8,3.8
SUR05122,EMP01494,2025-09-17,3.1,2.7,3.2,2.9
SUR05123,EMP01494,2025-12-31,3.4,3.5,2.9,3.9
SUR05124,EMP01494,2026-04-10,3.8,3.4,4.4,4.6
SUR05125,EMP01494,2026-07-21,4.3,3.5,4.3,4.4
SUR05126,EMP01495,2025-10-28,3.3,2.8,2.5,3.8
SUR05127,EMP01495,2026-01-30,2.6,2.6,3.4,4.2
SUR05128,EMP01495,2026-05-04,3.6,3.5,3.7,4.1
SUR05129,EMP01498,2025-07-25,3.0,2.4,2.3,3.4
SUR05130,EMP01498,2025-11-05,2.4,2.0,2.3,2.1
SUR05131,EMP01498,2026-02-19,3.1,3.2,3.2,3.0
SUR05132,EMP01498,2026-06-03,2.6,2.4,2.5,2.5
SUR05133,EMP01499,2026-05-03,3.7,3.5,3.5,4.0
SUR05134,EMP01500,2025-09-10,3.2,2.6,2.9,2.9
SUR05135,EMP01500,2025-11-30,2.6,3.0,2.5,2.7
SUR05136,EMP01500,2026-02-20,3.9,4.3,3.6,4.3
SUR05137,EMP01500,2026-05-31,3.5,3.1,2.7,3.0
SUR05138,EMP01501,2023-05-21,2.6,2.9,2.9,3.0
SUR05139,EMP01502,2025-12-09,4.9,4.7,3.7,5.0
SUR05140,EMP01502,2026-03-17,4.3,4.3,3.9,5.0
SUR05141,EMP01502,2026-06-15,3.8,3.8,3.8,2.8
SUR05142,EMP01504,2025-11-01,2.8,2.6,2.9,2.9
SUR05143,EMP01504,2026-02-15,2.6,1.7,3.2,2.2
SUR05144,EMP01504,2026-05-17,3.5,4.5,3.3,1.6
SUR05145,EMP01505,2026-06-11,3.5,3.9,2.9,4.4
SUR05146,EMP01507,2024-09-03,3.5,3.6,2.7,3.9
SUR05147,EMP01507,2024-12-02,3.4,3.0,3.6,3.7
SUR05148,EMP01507,2025-02-27,4.4,3.8,4.8,4.0
SUR05149,EMP01507,2025-06-07,3.2,3.2,4.0,3.8
SUR05150,EMP01507,2025-09-13,3.7,4.1,3.8,4.1
SUR05151,EMP01507,2025-12-14,,4.5,3.5,4.3
SUR05152,EMP01507,2026-03-23,5.0,5.0,4.6,5.0
SUR05153,EMP01507,2026-06-24,3.7,4.2,3.0,4.0
SUR05154,EMP01508,2024-08-17,3.4,3.5,3.4,3.8
SUR05155,EMP01508,2024-11-14,3.8,4.0,3.1,3.4
SUR05156,EMP01508,2025-02-13,4.3,4.2,4.3,4.9
SUR05157,EMP01508,2025-05-05,3.9,4.5,3.6,3.6
SUR05158,EMP01508,2025-07-28,3.8,3.8,3.6,4.4
SUR05159,EMP01508,2025-11-04,3.4,3.7,3.7,4.1
SUR05160,EMP01508,2026-02-06,3.6,4.1,3.3,3.9
SUR05161,EMP01508,2026-05-01,4.2,4.3,4.6,4.8
SUR05162,EMP01508,2026-07-27,3.9,3.7,2.9,4.1
SUR05163,EMP01509,2025-11-14,4.0,3.9,3.7,4.8
SUR05164,EMP01509,2026-02-13,3.1,3.6,3.6,3.5
SUR05165,EMP01509,2026-05-26,4.1,4.7,3.8,3.6
SUR05166,EMP01510,2025-05-21,2.1,1.6,1.4,2.5
SUR05167,EMP01510,2025-09-03,2.3,2.1,2.2,2.8
SUR05168,EMP01511,2026-06-12,,4.6,3.7,4.1
SUR05169,EMP01513,2025-02-16,3.1,3.0,3.2,4.3
SUR05170,EMP01513,2025-05-24,3.6,3.5,4.4,4.3
SUR05171,EMP01513,2025-08-31,3.3,3.1,3.8,4.3
SUR05172,EMP01513,2025-12-17,2.8,2.9,2.9,3.5
SUR05173,EMP01513,2026-03-31,3.9,3.3,3.5,3.5
SUR05174,EMP01513,2026-07-18,3.8,3.7,3.6,3.7
SUR05175,EMP01514,2024-09-05,4.1,4.7,4.8,4.8
SUR05176,EMP01514,2024-12-19,3.4,3.3,2.2,3.8
SUR05177,EMP01514,2025-03-22,3.7,3.8,4.4,4.1
SUR05178,EMP01514,2025-07-09,2.3,1.5,2.7,3.1
SUR05179,EMP01514,2025-10-07,1.9,1.4,2.4,2.6
SUR05180,EMP01514,2025-12-27,2.3,2.1,1.4,2.3
SUR05181,EMP01517,2026-06-11,4.8,4.4,4.1,4.8
SUR05182,EMP01518,2025-05-21,2.9,2.8,3.4,3.6
SUR05183,EMP01518,2025-08-29,1.5,1.0,1.0,1.2
SUR05184,EMP01518,2025-12-16,1.9,2.4,2.5,2.9
SUR05185,EMP01518,2026-03-11,2.3,2.8,2.6,2.4
SUR05186,EMP01519,2026-01-04,2.5,2.3,1.8,2.4
SUR05187,EMP01520,2023-12-17,1.4,1.6,2.5,1.6
SUR05188,EMP01521,2025-12-26,4.3,4.1,4.6,4.4
SUR05189,EMP01521,2026-04-09,3.9,4.5,3.8,4.5
SUR05190,EMP01521,2026-07-23,4.1,5.0,3.7,4.3
SUR05191,EMP01522,2025-06-22,2.7,2.3,2.4,2.5
SUR05192,EMP01522,2025-09-12,3.7,4.1,4.0,4.2
SUR05193,EMP01522,2025-12-19,3.3,2.9,2.8,3.1
SUR05194,EMP01522,2026-04-02,3.7,3.9,3.7,3.2
SUR05195,EMP01522,2026-07-17,3.2,2.9,4.1,3.6
SUR05196,EMP01523,2025-11-25,4.1,4.4,3.6,3.6
SUR05197,EMP01523,2026-02-21,3.1,3.7,3.0,3.4
SUR05198,EMP01523,2026-05-22,3.6,3.5,3.8,4.3
SUR05199,EMP01524,2024-06-28,3.3,3.4,3.1,3.6
SUR05200,EMP01524,2024-10-07,2.5,2.5,1.9,2.4
SUR05201,EMP01524,2025-01-23,4.4,3.5,3.8,4.3
SUR05202,EMP01524,2025-04-30,2.8,2.7,3.1,4.1
SUR05203,EMP01524,2025-07-21,3.7,3.5,3.5,4.1
SUR05204,EMP01524,2025-10-19,3.6,3.2,,3.9
SUR05205,EMP01524,2026-01-29,1.9,1.7,2.9,2.7
SUR05206,EMP01524,2026-05-04,2.8,2.9,3.6,3.0
SUR05207,EMP01525,2026-03-02,3.4,3.6,3.4,3.7
SUR05208,EMP01525,2026-06-14,3.6,4.2,3.1,4.0
SUR05209,EMP01527,2024-08-26,3.5,4.1,3.1,3.7
SUR05210,EMP01527,2024-11-23,4.5,5.0,3.7,5.0
SUR05211,EMP01527,2025-02-13,3.7,3.5,3.8,4.1
SUR05212,EMP01527,2025-05-05,4.4,4.8,4.3,5.0
SUR05213,EMP01527,2025-07-29,3.3,3.0,2.9,3.6
SUR05214,EMP01527,2025-11-07,3.1,3.4,3.2,2.6
SUR05215,EMP01527,2026-01-30,3.5,3.5,3.3,2.8
SUR05216,EMP01527,2026-04-23,3.7,3.2,3.5,3.9
SUR05217,EMP01528,2023-12-25,4.6,4.8,3.6,4.4
SUR05218,EMP01528,2024-04-08,4.2,4.2,3.9,5.0
SUR05219,EMP01528,2024-07-02,3.4,3.0,2.9,3.1
SUR05220,EMP01528,2024-09-30,3.9,3.6,4.2,3.7
SUR05221,EMP01528,2024-12-27,3.6,4.6,3.6,3.6
SUR05222,EMP01528,2025-04-14,2.8,3.4,2.5,3.6
SUR05223,EMP01528,2025-07-24,3.9,4.1,,4.2
SUR05224,EMP01528,2025-11-03,3.3,2.8,3.0,3.8
SUR05225,EMP01528,2026-02-15,4.0,4.1,3.2,4.0
SUR05226,EMP01528,2026-05-11,5.0,5.0,4.5,4.7
SUR05227,EMP01530,2025-12-23,4.1,3.8,3.3,3.9
SUR05228,EMP01530,2026-04-11,3.9,4.2,4.1,4.5
SUR05229,EMP01530,2026-07-03,2.7,2.3,2.1,3.6
SUR05230,EMP01531,2025-11-09,3.2,3.2,3.4,2.8
SUR05231,EMP01531,2026-02-14,3.2,3.3,,3.7
SUR05232,EMP01531,2026-05-07,4.3,4.3,3.9,4.1
SUR05233,EMP01532,2025-09-14,4.1,4.3,4.6,4.0
SUR05234,EMP01532,2025-12-10,4.4,3.9,4.3,4.1
SUR05235,EMP01532,2026-03-19,4.1,4.1,4.6,4.9
SUR05236,EMP01532,2026-07-07,3.1,3.1,3.6,3.9
SUR05237,EMP01533,2024-09-22,3.2,3.6,3.3,3.1
SUR05238,EMP01533,2024-12-30,3.9,3.6,3.4,3.8
SUR05239,EMP01533,2025-04-09,3.6,3.9,4.1,4.6
SUR05240,EMP01533,2025-07-17,4.3,4.1,5.0,4.9
SUR05241,EMP01533,2025-10-14,3.7,3.4,3.5,3.6
SUR05242,EMP01533,2026-01-25,3.6,3.7,3.6,4.0
SUR05243,EMP01533,2026-04-16,4.4,4.3,3.3,4.0
SUR05244,EMP01534,2025-04-22,4.0,3.5,3.3,4.8
SUR05245,EMP01534,2025-07-14,3.6,4.0,2.6,3.0
SUR05246,EMP01534,2025-10-11,2.1,1.8,1.9,3.0
SUR05247,EMP01534,2026-01-15,4.8,5.0,4.5,5.0
SUR05248,EMP01534,2026-04-18,3.6,3.3,2.5,2.8
SUR05249,EMP01534,2026-07-19,3.1,3.3,4.1,3.4
SUR05250,EMP01535,2025-11-20,4.0,3.9,5.0,4.3
SUR05251,EMP01535,2026-02-18,2.5,2.6,2.9,3.5
SUR05252,EMP01536,2025-08-10,4.0,3.8,3.3,3.7
SUR05253,EMP01536,2025-11-26,3.2,3.2,3.5,3.7
SUR05254,EMP01536,2026-02-27,3.3,3.2,3.3,4.4
SUR05255,EMP01536,2026-05-20,2.6,3.4,2.7,3.2
SUR05256,EMP01538,2024-04-05,4.0,4.7,3.4,4.2
SUR05257,EMP01538,2024-06-29,3.7,3.3,4.5,5.0
SUR05258,EMP01538,2024-09-21,4.1,3.8,3.7,4.1
SUR05259,EMP01538,2024-12-26,3.7,3.4,3.1,4.7
SUR05260,EMP01538,2025-03-20,2.8,3.4,2.3,3.1
SUR05261,EMP01538,2025-06-27,3.3,2.7,3.0,3.3
SUR05262,EMP01538,2025-10-02,3.9,3.7,3.9,4.2
SUR05263,EMP01538,2026-01-07,2.4,1.8,,2.7
SUR05264,EMP01538,2026-04-14,3.4,3.3,2.2,3.4
SUR05265,EMP01539,2026-01-31,4.1,4.4,3.8,4.2
SUR05266,EMP01539,2026-05-09,3.0,2.8,3.6,2.9
SUR05267,EMP01540,2025-04-25,2.3,2.4,2.4,3.2
SUR05268,EMP01540,2025-08-07,3.7,3.5,3.4,3.8
SUR05269,EMP01540,2025-11-17,4.1,4.6,3.5,4.4
SUR05270,EMP01540,2026-03-01,3.0,3.0,2.9,3.8
SUR05271,EMP01540,2026-06-13,3.7,3.3,3.4,3.7
SUR05272,EMP01542,2026-03-12,4.3,4.0,3.5,4.4
SUR05273,EMP01542,2026-06-02,2.8,2.8,2.9,3.6
SUR05274,EMP01543,2026-02-16,5.0,5.0,4.8,5.0
SUR05275,EMP01543,2026-05-28,3.2,2.9,3.4,3.4
SUR05276,EMP01545,2024-03-15,1.9,2.0,1.9,2.0
SUR05277,EMP01545,2024-06-10,2.2,1.9,2.1,1.7
SUR05278,EMP01545,2024-09-04,1.5,1.2,2.2,1.3
SUR05279,EMP01546,2024-01-24,1.6,1.9,1.7,2.0
SUR05280,EMP01546,2024-05-09,2.0,2.1,2.3,2.1
SUR05281,EMP01547,2026-03-31,3.7,4.1,3.2,3.8
SUR05282,EMP01547,2026-06-20,3.9,2.8,3.6,3.4
SUR05283,EMP01548,2025-10-08,3.7,4.0,3.4,3.8
SUR05284,EMP01548,2026-01-04,3.6,3.8,4.4,3.9
SUR05285,EMP01548,2026-04-07,4.0,3.9,3.3,4.0
SUR05286,EMP01548,2026-07-07,3.8,4.7,3.4,4.0
SUR05287,EMP01549,2024-11-20,3.6,3.4,3.8,3.9
SUR05288,EMP01549,2025-02-25,3.9,4.1,3.3,3.9
SUR05289,EMP01549,2025-06-06,3.9,4.5,3.6,4.0
SUR05290,EMP01549,2025-09-13,4.5,5.0,4.4,4.3
SUR05291,EMP01549,2025-12-29,3.5,2.9,3.3,3.5
SUR05292,EMP01549,2026-04-15,3.8,3.7,3.5,4.4
SUR05293,EMP01549,2026-07-08,3.8,4.1,3.8,3.6
SUR05294,EMP01551,2023-11-18,3.2,3.1,2.8,3.7
SUR05295,EMP01551,2024-02-22,2.9,3.2,2.3,2.9
SUR05296,EMP01551,2024-06-04,3.1,3.9,3.0,4.4
SUR05297,EMP01551,2024-08-31,4.4,4.9,5.0,4.1
SUR05298,EMP01551,2024-12-15,3.8,3.9,3.8,4.3
SUR05299,EMP01551,2025-03-27,3.7,2.7,2.8,3.6
SUR05300,EMP01551,2025-07-02,3.4,2.9,3.4,3.9
SUR05301,EMP01551,2025-10-16,4.1,4.4,3.9,4.8
SUR05302,EMP01551,2026-01-13,2.7,2.9,1.9,2.9
SUR05303,EMP01551,2026-04-11,,2.6,2.1,2.8
SUR05304,EMP01551,2026-07-19,2.5,2.3,1.6,2.3
SUR05305,EMP01553,2024-07-12,3.5,3.5,3.3,4.1
SUR05306,EMP01553,2024-10-13,2.1,1.7,1.6,2.6
SUR05307,EMP01553,2025-01-29,2.9,2.3,2.6,3.3
SUR05308,EMP01553,2025-04-24,3.6,4.2,2.3,2.9
SUR05309,EMP01553,2025-07-31,1.7,2.4,2.2,3.0
SUR05310,EMP01554,2025-01-04,3.5,3.9,3.8,3.7
SUR05311,EMP01554,2025-04-03,3.3,3.7,2.9,3.9
SUR05312,EMP01554,2025-06-29,2.9,4.0,3.4,2.5
SUR05313,EMP01555,2024-09-09,3.5,4.1,2.7,3.6
SUR05314,EMP01555,2024-12-03,2.0,1.7,2.4,2.7
SUR05315,EMP01555,2025-03-05,2.0,2.2,2.1,2.8
SUR05316,EMP01555,2025-06-15,3.7,3.9,3.0,4.5
SUR05317,EMP01555,2025-09-10,3.9,4.3,4.4,3.7
SUR05318,EMP01555,2025-12-04,3.5,2.6,4.1,4.6
SUR05319,EMP01555,2026-03-10,2.6,2.3,2.5,3.0
SUR05320,EMP01555,2026-06-27,3.3,3.4,3.6,2.7
SUR05321,EMP01557,2023-08-04,,2.9,3.7,3.5
SUR05322,EMP01557,2023-10-26,4.3,4.5,3.8,4.8
SUR05323,EMP01557,2024-01-18,,3.6,3.2,4.5
SUR05324,EMP01557,2024-04-15,3.1,3.3,2.8,3.4
SUR05325,EMP01557,2024-07-26,3.7,3.6,3.2,4.3
SUR05326,EMP01557,2024-10-16,2.4,1.8,3.8,3.0
SUR05327,EMP01557,2025-01-22,2.7,3.5,3.4,3.7
SUR05328,EMP01557,2025-05-05,2.4,2.4,,2.7
SUR05329,EMP01557,2025-08-10,3.0,2.8,2.2,3.1
SUR05330,EMP01557,2025-11-27,1.9,1.6,1.6,2.2
SUR05331,EMP01557,2026-02-21,2.6,2.2,2.7,3.1
SUR05332,EMP01557,2026-06-05,2.7,2.9,2.8,2.3
SUR05333,EMP01558,2025-09-21,,1.7,2.0,3.5
SUR05334,EMP01558,2025-12-29,3.8,4.1,4.6,4.3
SUR05335,EMP01558,2026-04-09,3.6,3.3,3.8,3.5
SUR05336,EMP01558,2026-07-08,4.1,4.4,4.0,4.4
SUR05337,EMP01559,2023-08-15,3.5,3.4,3.5,3.3
SUR05338,EMP01559,2023-11-27,2.2,2.8,2.1,2.3
SUR05339,EMP01560,2026-05-09,2.4,2.1,1.9,2.6
SUR05340,EMP01562,2025-09-08,3.9,4.3,3.1,4.4
SUR05341,EMP01562,2025-12-20,3.3,3.8,2.8,3.7
SUR05342,EMP01562,2026-03-16,,4.9,4.7,4.9
SUR05343,EMP01562,2026-06-22,4.0,4.0,2.6,3.7
SUR05344,EMP01563,2026-07-03,2.2,2.2,2.6,2.7
SUR05345,EMP01564,2026-01-14,2.9,3.0,2.0,3.5
SUR05346,EMP01564,2026-04-05,3.7,3.9,4.3,3.7
SUR05347,EMP01564,2026-07-09,4.4,3.8,5.0,4.2
SUR05348,EMP01565,2025-09-15,4.2,4.4,3.6,4.2
SUR05349,EMP01565,2025-12-19,4.6,4.5,4.4,3.8
SUR05350,EMP01565,2026-03-27,3.5,3.7,3.4,3.5
SUR05351,EMP01565,2026-07-11,3.5,3.5,3.9,3.5
SUR05352,EMP01566,2025-01-17,3.4,3.9,3.3,3.2
SUR05353,EMP01566,2025-04-23,3.3,3.3,3.2,3.7
SUR05354,EMP01566,2025-07-30,3.4,2.8,3.1,4.3
SUR05355,EMP01566,2025-10-21,,3.3,4.3,4.3
SUR05356,EMP01566,2026-01-09,3.8,3.6,3.2,4.2
SUR05357,EMP01566,2026-04-14,3.2,3.0,4.0,3.7
SUR05358,EMP01566,2026-07-09,3.9,3.8,4.5,4.7
SUR05359,EMP01567,2025-01-13,4.3,4.2,3.4,4.6
SUR05360,EMP01567,2025-04-30,3.5,3.6,3.2,4.3
SUR05361,EMP01567,2025-07-20,3.3,3.9,3.9,4.0
SUR05362,EMP01567,2025-10-19,,4.1,3.8,3.8
SUR05363,EMP01567,2026-01-25,4.0,4.4,3.7,3.8
SUR05364,EMP01567,2026-05-07,3.0,2.3,3.7,3.6
SUR05365,EMP01568,2026-01-02,3.2,2.8,2.7,3.4
SUR05366,EMP01568,2026-04-21,4.5,4.4,4.4,4.5
SUR05367,EMP01568,2026-07-23,3.9,4.1,3.3,4.1
SUR05368,EMP01570,2026-01-08,4.1,3.8,2.4,3.7
SUR05369,EMP01570,2026-04-05,3.8,3.9,3.7,3.8
SUR05370,EMP01570,2026-07-16,2.8,2.8,3.0,3.4
SUR05371,EMP01571,2025-10-27,3.0,2.4,2.9,3.1
SUR05372,EMP01571,2026-01-26,4.0,4.0,3.6,4.6
SUR05373,EMP01571,2026-05-05,4.5,4.9,4.4,4.5
SUR05374,EMP01572,2026-03-08,4.1,4.1,4.9,4.3
SUR05375,EMP01572,2026-06-21,3.8,4.1,4.1,3.9
SUR05376,EMP01573,2025-07-09,3.7,3.0,2.8,3.1
SUR05377,EMP01573,2025-10-03,,3.9,3.8,4.7
SUR05378,EMP01573,2025-12-24,3.3,3.5,2.8,3.4
SUR05379,EMP01573,2026-03-25,2.7,2.2,3.6,3.6
SUR05380,EMP01573,2026-06-17,3.1,3.3,3.4,3.6
SUR05381,EMP01574,2023-07-13,4.4,4.4,4.2,3.8
SUR05382,EMP01574,2023-10-28,3.8,4.3,3.8,4.4
SUR05383,EMP01574,2024-01-30,1.6,1.7,2.1,2.4
SUR05384,EMP01574,2024-04-28,3.3,2.4,3.0,3.6
SUR05385,EMP01574,2024-07-26,3.1,3.8,3.0,3.5
SUR05386,EMP01574,2024-10-25,2.1,1.2,2.1,2.7
SUR05387,EMP01574,2025-02-02,2.4,2.1,1.8,1.9
SUR05388,EMP01574,2025-04-29,1.8,1.6,1.3,1.9
SUR05389,EMP01575,2025-10-17,2.7,2.8,3.6,3.7
SUR05390,EMP01575,2026-02-02,3.7,3.9,4.6,4.7
SUR05391,EMP01575,2026-05-22,4.4,4.8,4.6,3.9
SUR05392,EMP01577,2024-06-12,4.3,4.5,4.3,4.8
SUR05393,EMP01577,2024-09-17,4.1,4.4,3.7,4.6
SUR05394,EMP01577,2024-12-09,3.8,3.5,2.8,3.9
SUR05395,EMP01577,2025-03-18,3.6,3.3,3.2,3.3
SUR05396,EMP01577,2025-07-03,,3.7,4.1,4.2
SUR05397,EMP01577,2025-10-03,4.1,4.3,4.1,4.1
SUR05398,EMP01577,2025-12-31,4.6,4.0,5.0,5.0
SUR05399,EMP01577,2026-04-08,3.6,3.4,4.6,4.6
SUR05400,EMP01577,2026-07-01,3.1,3.3,3.5,3.3
SUR05401,EMP01578,2026-02-03,,3.5,3.3,4.0
SUR05402,EMP01578,2026-04-29,3.7,2.8,3.7,3.5
SUR05403,EMP01580,2025-09-15,2.7,2.4,2.4,3.7
SUR05404,EMP01580,2026-01-02,3.5,3.5,3.2,3.6
SUR05405,EMP01580,2026-04-02,3.2,4.0,3.6,2.8
SUR05406,EMP01580,2026-07-07,2.3,2.5,2.2,2.1
SUR05407,EMP01582,2025-06-08,4.1,3.9,4.6,3.8
SUR05408,EMP01582,2025-09-05,3.4,3.7,3.9,3.9
SUR05409,EMP01582,2025-11-30,3.7,3.6,4.2,4.5
SUR05410,EMP01582,2026-02-24,2.9,3.7,2.2,3.0
SUR05411,EMP01582,2026-06-11,3.7,3.9,3.8,4.3
SUR05412,EMP01583,2026-04-07,2.5,2.3,3.5,2.0
SUR05413,EMP01583,2026-06-26,3.6,3.1,2.6,3.4
SUR05414,EMP01584,2025-02-10,4.4,4.4,3.8,4.7
SUR05415,EMP01584,2025-05-08,3.3,2.9,3.7,4.6
SUR05416,EMP01584,2025-07-28,3.3,3.6,3.9,4.3
SUR05417,EMP01584,2025-11-13,3.1,3.3,3.3,3.8
SUR05418,EMP01584,2026-02-13,3.6,3.6,4.1,4.5
SUR05419,EMP01584,2026-05-16,2.9,3.1,2.3,3.6
SUR05420,EMP01585,2026-01-21,4.1,4.9,3.7,4.5
SUR05421,EMP01585,2026-04-15,3.9,3.9,4.4,4.3
SUR05422,EMP01585,2026-07-23,2.9,2.8,3.1,4.6
SUR05423,EMP01586,2026-05-26,3.3,2.7,2.4,2.2
SUR05424,EMP01588,2024-08-31,3.2,4.2,3.1,3.6
SUR05425,EMP01588,2024-11-26,3.1,3.0,3.5,2.9
SUR05426,EMP01588,2025-02-23,3.7,3.9,3.5,3.0
SUR05427,EMP01588,2025-06-06,3.0,3.2,2.9,2.7
SUR05428,EMP01588,2025-09-07,3.3,4.6,2.6,2.8
SUR05429,EMP01588,2025-12-25,3.2,3.3,,2.8
SUR05430,EMP01588,2026-03-29,2.4,2.1,2.6,1.8
SUR05431,EMP01588,2026-06-25,2.7,2.9,2.4,2.9
SUR05432,EMP01589,2025-04-05,3.5,3.8,3.3,4.1
SUR05433,EMP01589,2025-06-28,4.1,4.4,3.4,4.3
SUR05434,EMP01589,2025-09-16,3.3,3.7,2.9,3.4
SUR05435,EMP01589,2025-12-25,4.9,4.1,4.7,4.7
SUR05436,EMP01589,2026-03-26,2.6,3.0,3.0,4.0
SUR05437,EMP01589,2026-06-20,3.5,3.7,2.5,3.1
SUR05438,EMP01590,2024-05-14,3.0,3.1,2.7,3.4
SUR05439,EMP01590,2024-08-09,3.7,3.4,3.7,4.0
SUR05440,EMP01590,2024-11-06,,2.5,1.9,1.9
SUR05441,EMP01590,2025-02-02,2.5,2.7,3.2,3.2
SUR05442,EMP01590,2025-05-12,,2.1,2.6,3.1
SUR05443,EMP01593,2025-09-12,2.9,2.7,,3.2
SUR05444,EMP01593,2025-12-19,3.1,3.1,3.2,3.4
SUR05445,EMP01593,2026-03-09,2.9,2.8,2.2,1.8
SUR05446,EMP01593,2026-06-07,1.5,1.7,2.5,1.6
SUR05447,EMP01594,2026-06-01,3.8,3.4,4.0,3.8
SUR05448,EMP01595,2025-09-08,3.3,2.7,3.1,3.7
SUR05449,EMP01595,2025-12-01,3.7,4.1,3.8,4.1
SUR05450,EMP01595,2026-03-06,4.3,4.2,4.6,5.0
SUR05451,EMP01595,2026-05-31,4.0,3.8,4.0,4.4
SUR05452,EMP01596,2025-12-24,3.4,2.5,2.3,3.8
SUR05453,EMP01596,2026-03-19,3.5,2.9,3.9,4.4
SUR05454,EMP01596,2026-06-11,3.5,4.2,3.7,3.4
SUR05455,EMP01597,2023-11-07,2.9,3.1,3.7,2.7
SUR05456,EMP01597,2024-01-30,2.8,2.7,3.1,4.4
SUR05457,EMP01597,2024-04-22,3.2,3.2,2.0,2.6
SUR05458,EMP01597,2024-07-25,3.8,3.3,4.0,3.7
SUR05459,EMP01597,2024-10-25,3.8,4.6,3.4,3.8
SUR05460,EMP01597,2025-02-08,3.4,3.4,3.6,4.2
SUR05461,EMP01597,2025-05-10,3.7,3.6,3.8,3.7
SUR05462,EMP01597,2025-08-26,3.1,3.3,3.2,3.7
SUR05463,EMP01597,2025-12-12,3.3,2.8,3.5,3.2
SUR05464,EMP01597,2026-03-19,2.8,3.0,3.7,3.2
SUR05465,EMP01597,2026-06-10,2.4,2.9,2.4,2.4
SUR05466,EMP01598,2026-04-08,3.3,3.2,2.8,3.9
SUR05467,EMP01598,2026-07-26,4.4,4.3,4.4,3.9
SUR05468,EMP01599,2024-03-04,3.6,3.4,1.8,2.2
SUR05469,EMP01599,2024-06-20,3.0,3.4,2.8,1.9
SUR05470,EMP01599,2024-09-27,1.5,1.7,1.0,1.5
SUR05471,EMP01599,2025-01-12,3.8,3.7,3.6,3.3
SUR05472,EMP01599,2025-04-26,2.3,2.1,1.9,2.3
SUR05473,EMP01599,2025-07-17,3.0,2.4,2.7,2.6
SUR05474,EMP01599,2025-10-11,3.6,3.6,3.3,2.2
SUR05475,EMP01599,2026-01-19,3.2,2.5,2.3,2.4
SUR05476,EMP01599,2026-04-16,2.9,2.7,3.3,2.1
SUR05477,EMP01599,2026-07-15,2.7,2.6,2.7,2.1
SUR05478,EMP01600,2026-06-17,2.8,2.2,3.1,3.7
SUR05479,EMP01601,2026-05-05,3.2,3.1,3.7,3.9
SUR05480,EMP01601,2026-07-26,4.3,4.2,3.8,3.7
SUR05481,EMP01602,2026-02-27,3.4,4.1,3.3,2.6
SUR05482,EMP01602,2026-06-06,,3.8,3.8,3.6
SUR05483,EMP01603,2023-04-07,3.6,3.6,4.0,3.6
SUR05484,EMP01603,2023-07-21,2.8,2.9,3.0,3.7
SUR05485,EMP01603,2023-10-15,4.4,4.6,3.3,4.3
SUR05486,EMP01603,2024-01-11,3.2,3.4,3.8,3.3
SUR05487,EMP01603,2024-04-21,,3.4,3.5,3.1
SUR05488,EMP01603,2024-07-14,4.0,3.9,4.0,3.7
SUR05489,EMP01603,2024-10-22,3.7,3.7,2.1,4.7
SUR05490,EMP01603,2025-01-21,4.7,5.0,5.0,4.7
SUR05491,EMP01603,2025-04-18,2.8,3.0,3.6,3.8
SUR05492,EMP01603,2025-07-25,3.2,3.4,2.6,3.7
SUR05493,EMP01603,2025-11-05,4.0,4.0,4.3,3.8
SUR05494,EMP01603,2026-01-25,2.1,1.7,1.6,2.6
SUR05495,EMP01603,2026-04-28,3.7,3.7,4.0,4.5
SUR05496,EMP01604,2024-12-12,3.2,3.7,2.6,3.0
SUR05497,EMP01604,2025-03-09,2.9,2.6,3.5,3.1
SUR05498,EMP01604,2025-06-18,3.7,3.5,4.6,4.6
SUR05499,EMP01604,2025-09-12,3.9,4.4,4.5,3.9
SUR05500,EMP01604,2025-12-07,4.3,4.5,4.1,4.4
SUR05501,EMP01604,2026-03-08,4.1,5.0,4.9,4.7
SUR05502,EMP01604,2026-06-04,3.5,4.5,3.9,3.9
SUR05503,EMP01605,2024-10-11,3.7,3.8,3.2,3.9
SUR05504,EMP01605,2025-01-05,3.2,3.3,4.1,5.0
SUR05505,EMP01605,2025-04-01,3.2,3.8,3.4,3.2
SUR05506,EMP01605,2025-07-02,4.8,4.6,3.9,4.3
SUR05507,EMP01605,2025-10-17,3.6,3.0,4.3,3.9
SUR05508,EMP01605,2026-02-03,3.0,3.6,2.0,3.4
SUR05509,EMP01605,2026-04-25,4.5,3.8,4.9,4.2
SUR05510,EMP01606,2025-03-22,4.7,5.0,4.1,4.7
SUR05511,EMP01606,2025-06-13,3.8,5.0,3.7,4.5
SUR05512,EMP01606,2025-09-06,3.6,3.6,2.3,4.3
SUR05513,EMP01606,2025-12-04,4.4,4.6,4.9,5.0
SUR05514,EMP01606,2026-03-14,3.7,4.1,3.6,4.2
SUR05515,EMP01606,2026-07-01,4.3,4.1,4.2,5.0
SUR05516,EMP01607,2023-11-27,2.0,1.6,1.8,1.9
SUR05517,EMP01607,2024-03-10,2.3,2.4,1.8,1.6
SUR05518,EMP01607,2024-06-05,,2.4,2.1,1.7
SUR05519,EMP01609,2025-10-21,3.4,3.8,2.8,3.4
SUR05520,EMP01609,2026-02-05,3.4,3.9,2.9,2.9
SUR05521,EMP01609,2026-05-18,3.7,3.8,2.4,3.1
SUR05522,EMP01610,2024-12-22,2.3,2.1,1.8,2.8
SUR05523,EMP01610,2025-04-06,,4.6,3.9,4.0
SUR05524,EMP01610,2025-07-24,3.1,2.7,3.7,3.3
SUR05525,EMP01610,2025-10-13,4.0,3.3,3.8,4.9
SUR05526,EMP01610,2026-01-18,3.9,4.0,3.7,3.9
SUR05527,EMP01610,2026-04-23,3.8,3.9,3.9,4.3
SUR05528,EMP01610,2026-07-23,3.3,3.7,3.8,4.0
SUR05529,EMP01611,2025-04-02,3.3,3.3,2.7,3.4
SUR05530,EMP01611,2025-07-14,2.7,2.9,2.7,2.6
SUR05531,EMP01611,2025-10-07,2.3,3.0,2.4,1.5
SUR05532,EMP01611,2026-01-10,1.9,2.3,1.6,2.3
SUR05533,EMP01611,2026-04-20,3.0,3.0,3.0,2.2
SUR05534,EMP01612,2025-06-03,3.4,3.4,2.2,2.9
SUR05535,EMP01612,2025-09-12,3.6,3.7,4.1,4.0
SUR05536,EMP01612,2025-12-11,3.5,4.2,3.2,3.5
SUR05537,EMP01612,2026-03-25,4.2,4.4,3.9,4.0
SUR05538,EMP01612,2026-06-20,2.9,3.2,2.6,2.9
SUR05539,EMP01613,2025-11-20,4.4,4.8,4.2,4.4
SUR05540,EMP01613,2026-02-23,4.5,4.9,5.0,5.0
SUR05541,EMP01613,2026-06-07,4.2,4.3,3.8,3.7
SUR05542,EMP01614,2025-08-27,3.4,3.8,3.3,4.0
SUR05543,EMP01614,2025-11-29,2.8,2.6,2.5,3.3
SUR05544,EMP01614,2026-02-23,,4.2,4.1,4.7
SUR05545,EMP01614,2026-06-06,4.0,3.9,4.2,4.4
SUR05546,EMP01616,2025-08-02,3.0,2.8,2.7,2.8
SUR05547,EMP01618,2026-07-25,3.6,4.1,3.4,3.7
SUR05548,EMP01619,2024-08-16,2.9,3.2,3.9,2.7
SUR05549,EMP01619,2024-11-25,3.0,3.3,2.6,2.4
SUR05550,EMP01619,2025-02-19,2.6,2.6,2.0,2.1
SUR05551,EMP01619,2025-06-05,2.8,2.4,1.6,1.8
SUR05552,EMP01619,2025-09-20,3.1,3.4,2.0,1.9
SUR05553,EMP01619,2025-12-23,,2.9,3.4,3.0
SUR05554,EMP01619,2026-03-27,1.8,1.4,2.2,1.5
SUR05555,EMP01619,2026-06-23,,1.3,2.1,2.4
SUR05556,EMP01621,2024-02-21,3.1,2.0,2.8,3.2
SUR05557,EMP01621,2024-05-17,3.3,3.2,3.5,4.3
SUR05558,EMP01621,2024-08-15,3.8,4.2,3.8,4.4
SUR05559,EMP01621,2024-11-04,,2.8,3.1,3.8
SUR05560,EMP01621,2025-02-19,3.9,4.4,3.9,4.7
SUR05561,EMP01622,2026-06-09,2.8,2.8,3.4,2.8
SUR05562,EMP01623,2025-03-22,2.7,3.3,4.2,3.2
SUR05563,EMP01623,2025-06-15,3.0,3.3,3.1,3.1
SUR05564,EMP01623,2025-09-11,2.1,2.5,1.0,2.6
SUR05565,EMP01624,2026-07-12,2.7,2.7,2.2,3.2
SUR05566,EMP01625,2026-07-15,3.8,4.1,3.3,3.9
SUR05567,EMP01626,2026-05-23,3.3,3.7,2.5,3.1
SUR05568,EMP01627,2026-05-12,3.0,3.1,2.8,2.6
SUR05569,EMP01629,2023-10-12,3.1,3.7,3.4,4.2
SUR05570,EMP01629,2024-01-19,3.9,4.1,3.4,4.0
SUR05571,EMP01629,2024-04-29,3.8,3.6,3.3,3.6
SUR05572,EMP01629,2024-07-28,3.4,3.8,3.6,3.8
SUR05573,EMP01629,2024-10-20,3.5,3.5,4.1,4.2
SUR05574,EMP01629,2025-01-23,3.4,3.4,3.6,4.0
SUR05575,EMP01629,2025-04-30,2.9,2.5,3.5,3.5
SUR05576,EMP01629,2025-08-14,3.5,3.4,4.6,4.1
SUR05577,EMP01629,2025-11-10,3.6,3.6,3.9,4.3
SUR05578,EMP01629,2026-02-08,3.0,3.5,3.6,4.5
SUR05579,EMP01629,2026-05-13,3.9,3.8,4.1,3.7
SUR05580,EMP01630,2025-04-06,2.2,2.5,2.2,2.0
SUR05581,EMP01630,2025-07-23,1.6,1.7,1.3,1.0
SUR05582,EMP01630,2025-10-21,1.8,1.6,2.2,1.4
SUR05583,EMP01630,2026-01-27,1.8,1.9,1.0,1.3
SUR05584,EMP01631,2024-06-05,3.3,3.3,2.9,4.1
SUR05585,EMP01631,2024-09-20,2.8,2.8,3.5,3.9
SUR05586,EMP01631,2024-12-29,3.4,3.6,3.4,4.1
SUR05587,EMP01631,2025-04-11,4.1,4.0,4.4,5.0
SUR05588,EMP01631,2025-07-13,3.5,4.0,3.5,4.0
SUR05589,EMP01631,2025-10-07,3.0,3.4,3.3,4.1
SUR05590,EMP01631,2026-01-14,3.8,4.0,4.8,4.8
SUR05591,EMP01631,2026-04-28,3.4,3.7,3.5,3.8
SUR05592,EMP01632,2026-02-23,3.9,3.5,4.1,4.6
SUR05593,EMP01632,2026-05-31,3.7,4.2,3.9,2.7
SUR05594,EMP01633,2025-02-01,4.1,4.5,3.3,3.6
SUR05595,EMP01633,2025-05-15,,3.4,3.3,3.9
SUR05596,EMP01633,2025-08-17,4.2,4.1,,3.9
SUR05597,EMP01633,2025-11-19,2.7,2.2,2.9,2.8
SUR05598,EMP01633,2026-02-20,,4.2,2.8,4.0
SUR05599,EMP01633,2026-05-14,2.4,2.4,3.9,2.8
SUR05600,EMP01635,2025-12-17,3.8,3.4,3.6,4.0
SUR05601,EMP01635,2026-03-22,3.0,2.8,3.0,4.5
SUR05602,EMP01635,2026-06-11,3.8,3.7,3.6,4.1
SUR05603,EMP01636,2026-06-03,3.4,3.1,3.5,3.2
SUR05604,EMP01637,2024-04-14,2.1,2.1,2.4,1.9
SUR05605,EMP01637,2024-07-22,3.7,3.3,3.7,3.7
SUR05606,EMP01637,2024-11-02,2.9,2.5,1.6,3.1
SUR05607,EMP01637,2025-01-24,3.0,3.2,4.0,3.9
SUR05608,EMP01637,2025-05-07,,3.3,3.0,3.2
SUR05609,EMP01637,2025-08-12,2.7,2.8,3.1,3.3
SUR05610,EMP01637,2025-11-04,3.4,3.4,3.8,3.8
SUR05611,EMP01637,2026-02-15,3.5,3.9,4.4,3.8
SUR05612,EMP01637,2026-05-10,3.4,3.2,3.8,4.0
SUR05613,EMP01638,2026-07-10,3.5,3.5,3.1,3.9
SUR05614,EMP01640,2025-08-24,3.3,3.7,3.4,3.0
SUR05615,EMP01640,2025-11-27,3.1,3.2,3.1,2.7
SUR05616,EMP01640,2026-03-13,3.9,4.0,3.5,3.0
SUR05617,EMP01640,2026-06-13,2.8,3.7,2.8,2.7
SUR05618,EMP01641,2025-11-02,3.6,4.1,4.7,3.4
SUR05619,EMP01641,2026-02-05,3.7,3.7,4.1,4.0
SUR05620,EMP01641,2026-04-30,3.5,3.2,3.6,3.5
SUR05621,EMP01642,2026-04-16,3.1,2.7,3.3,2.4
SUR05622,EMP01642,2026-07-15,3.1,3.0,3.4,3.1
SUR05623,EMP01643,2024-06-05,2.1,1.8,2.6,3.1
SUR05624,EMP01644,2025-08-16,4.4,4.3,4.8,3.9
SUR05625,EMP01644,2025-11-26,3.7,4.5,3.9,3.2
SUR05626,EMP01644,2026-03-12,3.0,3.0,2.8,4.3
SUR05627,EMP01644,2026-06-29,3.6,3.2,3.7,3.6
SUR05628,EMP01646,2024-04-22,2.3,1.9,1.5,2.8
SUR05629,EMP01646,2024-08-09,2.4,2.8,2.9,3.5
SUR05630,EMP01646,2024-11-21,2.2,2.2,1.8,3.4
SUR05631,EMP01647,2025-03-21,4.1,3.4,4.2,3.8
SUR05632,EMP01647,2025-06-09,3.3,2.9,3.2,3.9
SUR05633,EMP01647,2025-09-09,3.3,3.2,3.9,3.6
SUR05634,EMP01647,2025-12-18,3.9,3.1,4.0,4.2
SUR05635,EMP01647,2026-03-11,3.7,3.9,3.2,3.8
SUR05636,EMP01647,2026-06-23,4.7,4.1,4.6,5.0
SUR05637,EMP01648,2023-08-23,4.7,5.0,4.0,4.1
SUR05638,EMP01648,2023-12-09,2.6,3.0,,2.6
SUR05639,EMP01648,2024-03-17,,4.3,4.6,5.0
SUR05640,EMP01648,2024-07-03,3.3,3.4,2.7,3.8
SUR05641,EMP01648,2024-09-24,2.8,2.7,2.1,3.6
SUR05642,EMP01648,2025-01-06,4.0,4.0,3.6,4.6
SUR05643,EMP01648,2025-04-06,2.9,2.8,2.5,3.3
SUR05644,EMP01648,2025-07-19,3.8,3.4,3.6,3.8
SUR05645,EMP01648,2025-10-21,4.5,4.9,3.2,4.7
SUR05646,EMP01648,2026-01-23,3.2,3.6,3.7,3.8
SUR05647,EMP01648,2026-04-17,4.5,3.9,3.8,4.3
SUR05648,EMP01652,2025-09-03,3.7,3.6,3.8,4.2
SUR05649,EMP01652,2025-12-08,3.7,3.3,4.0,3.5
SUR05650,EMP01652,2026-03-11,3.6,3.7,4.3,4.5
SUR05651,EMP01652,2026-06-22,2.9,3.1,3.3,3.7
SUR05652,EMP01655,2025-01-05,1.8,1.7,2.7,2.5
SUR05653,EMP01655,2025-03-27,1.2,1.2,2.1,1.1
SUR05654,EMP01656,2025-07-31,2.5,2.9,2.7,2.5
SUR05655,EMP01656,2025-11-15,2.5,2.7,3.0,2.7
SUR05656,EMP01656,2026-02-25,1.9,1.1,1.2,1.5
SUR05657,EMP01656,2026-06-07,1.6,1.5,1.8,1.2
SUR05658,EMP01657,2025-06-19,4.5,4.4,4.5,3.8
SUR05659,EMP01657,2025-10-01,5.0,4.9,4.3,5.0
SUR05660,EMP01657,2026-01-01,4.1,4.0,3.8,4.3
SUR05661,EMP01657,2026-04-11,3.8,3.4,4.2,3.7
SUR05662,EMP01657,2026-07-04,4.7,4.9,4.3,4.8
SUR05663,EMP01658,2024-01-22,2.6,2.5,2.4,3.5
SUR05664,EMP01658,2024-04-15,3.3,2.8,2.5,2.9
SUR05665,EMP01658,2024-07-25,4.0,4.3,4.7,4.2
SUR05666,EMP01658,2024-10-28,,3.2,3.5,3.3
SUR05667,EMP01658,2025-01-19,3.6,3.7,3.6,3.8
SUR05668,EMP01658,2025-05-03,3.4,3.4,2.5,3.5
SUR05669,EMP01658,2025-08-12,,4.7,4.8,4.6
SUR05670,EMP01658,2025-11-05,3.3,3.1,3.8,3.2
SUR05671,EMP01658,2026-02-18,3.7,3.3,4.1,5.0
SUR05672,EMP01658,2026-05-16,2.7,2.6,3.8,4.4
SUR05673,EMP01659,2025-12-28,1.7,1.2,1.7,3.0
SUR05674,EMP01659,2026-03-23,2.3,2.6,1.4,2.0
SUR05675,EMP01659,2026-07-11,1.7,1.1,1.0,2.5
SUR05676,EMP01660,2024-08-15,3.3,3.9,,3.7
SUR05677,EMP01660,2024-11-07,3.3,3.1,2.7,4.2
SUR05678,EMP01660,2025-02-03,3.7,3.8,4.0,3.0
SUR05679,EMP01661,2025-12-15,3.7,3.9,3.9,3.7
SUR05680,EMP01661,2026-03-16,3.8,3.4,3.6,4.5
SUR05681,EMP01661,2026-06-11,3.5,3.8,4.6,4.5
SUR05682,EMP01662,2026-01-16,3.3,2.5,3.2,4.3
SUR05683,EMP01662,2026-04-30,3.3,3.8,3.6,3.2
SUR05684,EMP01664,2023-07-28,3.6,3.5,3.2,4.3
SUR05685,EMP01664,2023-11-14,2.8,2.8,4.4,3.3
SUR05686,EMP01664,2024-02-27,2.6,2.2,2.8,2.5
SUR05687,EMP01664,2024-05-22,3.8,3.4,4.2,4.5
SUR05688,EMP01664,2024-09-05,2.7,3.1,3.8,2.9
SUR05689,EMP01664,2024-12-11,2.7,2.6,2.7,2.0
SUR05690,EMP01664,2025-03-22,3.1,3.2,2.9,3.0
SUR05691,EMP01664,2025-06-12,2.0,2.0,2.3,2.5
SUR05692,EMP01664,2025-09-24,2.0,1.7,1.9,2.5
SUR05693,EMP01665,2026-05-28,,2.7,3.4,3.7
SUR05694,EMP01666,2025-06-11,4.2,4.7,3.0,3.2
SUR05695,EMP01666,2025-09-01,4.2,4.6,4.5,3.9
SUR05696,EMP01666,2025-11-24,2.7,2.3,2.3,2.3
SUR05697,EMP01667,2023-06-26,3.3,4.1,3.3,3.4
SUR05698,EMP01667,2023-09-23,3.8,4.1,3.2,4.3
SUR05699,EMP01667,2024-01-09,3.1,2.6,5.0,3.4
SUR05700,EMP01667,2024-04-04,4.2,3.5,3.4,4.4
SUR05701,EMP01667,2024-07-07,3.8,3.4,4.1,4.4
SUR05702,EMP01667,2024-10-22,3.9,4.0,4.2,4.0
SUR05703,EMP01667,2025-01-29,3.4,3.2,3.3,4.3
SUR05704,EMP01667,2025-04-29,4.0,3.8,4.7,3.8
SUR05705,EMP01667,2025-07-23,3.7,3.3,3.8,4.6
SUR05706,EMP01667,2025-10-22,2.4,3.0,3.6,2.9
SUR05707,EMP01667,2026-01-22,3.6,3.0,2.7,3.5
SUR05708,EMP01667,2026-04-19,3.5,4.5,3.6,3.8
SUR05709,EMP01669,2023-06-20,3.3,3.7,3.7,3.8
SUR05710,EMP01669,2023-09-25,3.3,3.3,3.2,3.2
SUR05711,EMP01669,2024-01-02,2.8,3.3,2.7,3.8
SUR05712,EMP01669,2024-04-13,3.1,2.8,3.1,3.9
SUR05713,EMP01669,2024-07-19,3.4,3.2,3.6,3.4
SUR05714,EMP01669,2024-10-24,3.1,4.0,3.1,3.2
SUR05715,EMP01669,2025-02-01,3.3,3.2,2.8,4.1
SUR05716,EMP01672,2024-09-14,1.8,1.6,2.7,2.9
SUR05717,EMP01673,2024-04-30,1.0,1.3,1.1,1.0
SUR05718,EMP01674,2024-03-09,4.6,5.0,4.9,4.4
SUR05719,EMP01674,2024-06-05,3.6,3.3,3.3,3.3
SUR05720,EMP01674,2024-09-12,3.3,4.0,3.0,4.0
SUR05721,EMP01674,2024-12-20,3.2,3.3,3.4,4.1
SUR05722,EMP01674,2025-03-30,2.6,2.4,3.4,3.5
SUR05723,EMP01674,2025-07-03,3.0,2.9,4.0,2.6
SUR05724,EMP01674,2025-10-06,3.9,3.8,4.4,4.3
SUR05725,EMP01674,2026-01-07,4.6,4.6,4.6,5.0
SUR05726,EMP01674,2026-04-10,3.6,4.2,4.1,4.2
SUR05727,EMP01674,2026-07-03,4.6,4.1,4.1,5.0
SUR05728,EMP01675,2024-12-02,3.0,2.6,3.7,3.2
SUR05729,EMP01675,2025-02-21,4.2,4.5,4.2,4.0
SUR05730,EMP01675,2025-05-22,3.2,3.6,3.4,4.0
SUR05731,EMP01675,2025-08-13,3.9,3.7,3.5,5.0
SUR05732,EMP01675,2025-11-12,4.4,4.6,4.7,4.5
SUR05733,EMP01675,2026-02-07,3.3,3.8,4.0,3.8
SUR05734,EMP01675,2026-05-22,3.4,4.1,3.9,3.6
SUR05735,EMP01676,2024-01-04,,1.5,1.0,1.7
SUR05736,EMP01677,2026-02-05,3.2,3.0,3.9,3.7
SUR05737,EMP01677,2026-05-24,,4.8,4.2,3.5
SUR05738,EMP01678,2023-07-07,3.0,3.3,3.4,4.0
SUR05739,EMP01678,2023-10-13,4.1,4.3,4.1,5.0
SUR05740,EMP01678,2024-01-15,3.0,2.7,2.7,3.2
SUR05741,EMP01678,2024-04-11,1.8,2.1,1.7,2.8
SUR05742,EMP01678,2024-07-02,3.4,3.2,3.9,3.9
SUR05743,EMP01678,2024-10-04,2.9,3.3,,2.5
SUR05744,EMP01678,2024-12-25,1.2,1.6,1.2,1.3
SUR05745,EMP01678,2025-03-24,3.1,3.2,2.1,3.8
SUR05746,EMP01679,2025-08-20,4.3,4.0,3.8,3.7
SUR05747,EMP01679,2025-11-16,2.5,2.7,2.1,2.9
SUR05748,EMP01679,2026-02-28,3.4,3.3,3.3,3.3
SUR05749,EMP01679,2026-05-20,4.3,3.7,4.5,4.9
SUR05750,EMP01681,2026-05-31,3.9,4.3,3.7,3.1
SUR05751,EMP01682,2025-11-22,3.4,3.8,3.4,3.5
SUR05752,EMP01682,2026-03-03,4.1,3.7,4.7,3.8
SUR05753,EMP01682,2026-06-14,5.0,5.0,3.8,4.2
SUR05754,EMP01683,2024-12-26,2.5,2.7,2.4,2.9
SUR05755,EMP01683,2025-04-04,2.9,3.6,2.5,2.7
SUR05756,EMP01683,2025-07-19,2.4,1.8,3.0,2.6
SUR05757,EMP01683,2025-11-03,2.6,2.5,2.6,3.4
SUR05758,EMP01683,2026-02-10,2.3,1.8,2.2,2.0
SUR05759,EMP01683,2026-05-14,3.0,2.7,2.8,3.5
SUR05760,EMP01684,2025-12-07,3.6,3.5,3.9,3.9
SUR05761,EMP01684,2026-03-21,3.3,3.4,2.5,3.0
SUR05762,EMP01684,2026-07-03,3.3,2.5,2.8,4.5
SUR05763,EMP01685,2025-09-19,2.3,2.1,1.9,2.3
SUR05764,EMP01685,2025-12-28,2.2,2.3,1.7,2.5
SUR05765,EMP01685,2026-03-22,2.3,3.3,2.2,2.0
SUR05766,EMP01686,2025-05-27,4.9,5.0,4.6,5.0
SUR05767,EMP01686,2025-08-31,3.6,3.6,3.5,3.4
SUR05768,EMP01686,2025-12-02,4.0,2.9,4.3,4.1
SUR05769,EMP01686,2026-03-01,3.9,3.4,3.5,5.0
SUR05770,EMP01686,2026-06-10,4.0,3.6,3.6,3.9
SUR05771,EMP01687,2024-03-30,4.0,4.4,5.0,4.7
SUR05772,EMP01687,2024-06-26,4.2,4.7,4.3,4.8
SUR05773,EMP01687,2024-09-23,3.9,3.2,4.9,4.5
SUR05774,EMP01689,2025-06-15,4.3,4.1,4.2,3.5
SUR05775,EMP01689,2025-09-20,4.3,3.5,5.0,4.9
SUR05776,EMP01689,2025-12-10,2.8,3.3,3.8,2.8
SUR05777,EMP01689,2026-03-07,3.4,3.9,3.7,4.0
SUR05778,EMP01689,2026-06-11,4.0,4.2,4.3,4.3
SUR05779,EMP01691,2025-03-12,3.4,3.1,,3.4
SUR05780,EMP01691,2025-06-20,3.0,2.8,2.4,2.7
SUR05781,EMP01691,2025-09-16,1.6,1.0,1.8,2.4
SUR05782,EMP01691,2025-12-06,2.0,2.0,2.3,3.6
SUR05783,EMP01691,2026-03-20,2.7,2.7,2.7,2.4
SUR05784,EMP01692,2025-05-23,2.4,2.0,2.3,2.7
SUR05785,EMP01692,2025-09-02,2.1,2.1,2.5,2.2
SUR05786,EMP01692,2025-12-02,2.4,2.1,2.7,1.5
SUR05787,EMP01693,2026-06-03,3.8,3.3,3.8,3.3
SUR05788,EMP01694,2026-03-14,3.5,3.8,2.8,3.6
SUR05789,EMP01694,2026-06-04,2.2,1.6,1.8,2.6
SUR05790,EMP01695,2026-04-08,4.0,4.4,3.4,4.1
SUR05791,EMP01695,2026-07-17,3.4,3.5,3.7,4.7
SUR05792,EMP01696,2023-01-03,1.5,1.6,2.0,2.1
SUR05793,EMP01696,2023-04-12,2.1,2.8,1.2,2.1
SUR05794,EMP01697,2025-05-17,1.7,1.8,1.5,2.6
SUR05795,EMP01698,2025-07-19,1.9,2.8,1.9,3.2
SUR05796,EMP01699,2023-02-08,2.4,2.6,3.3,2.3
SUR05797,EMP01699,2023-05-08,3.0,2.3,3.2,2.5
SUR05798,EMP01699,2023-08-09,1.9,1.9,1.1,1.1
SUR05799,EMP01699,2023-11-13,1.7,1.5,1.6,1.9
SUR05800,EMP01699,2024-02-03,1.8,2.1,1.8,2.0
SUR05801,EMP01700,2024-10-10,3.0,3.3,2.3,2.8
SUR05802,EMP01700,2025-01-18,2.8,2.6,3.5,3.9
SUR05803,EMP01700,2025-04-26,2.4,2.6,4.0,2.8
SUR05804,EMP01700,2025-08-09,3.7,3.0,4.3,3.9
SUR05805,EMP01700,2025-11-22,2.1,1.9,2.7,2.6
SUR05806,EMP01700,2026-02-23,3.8,4.0,3.3,4.0
SUR05807,EMP01700,2026-05-22,3.9,4.4,4.0,4.0
SUR05808,EMP01701,2026-04-09,3.3,3.2,4.1,4.8
SUR05809,EMP01701,2026-07-27,3.4,2.8,,4.2
SUR05810,EMP01702,2024-04-01,4.2,3.7,4.5,4.3
SUR05811,EMP01702,2024-07-10,3.1,2.8,2.6,3.6
SUR05812,EMP01702,2024-10-06,,3.6,3.5,3.6
SUR05813,EMP01702,2025-01-04,3.8,3.9,4.5,4.0
SUR05814,EMP01702,2025-04-10,2.7,3.0,2.5,2.7
SUR05815,EMP01702,2025-07-07,2.4,2.8,3.6,3.8
SUR05816,EMP01702,2025-09-29,3.3,2.8,3.5,3.8
SUR05817,EMP01702,2025-12-19,4.2,4.8,4.9,4.8
SUR05818,EMP01702,2026-03-28,3.2,3.2,3.4,3.0
SUR05819,EMP01702,2026-06-21,3.0,3.0,3.4,3.3
SUR05820,EMP01703,2025-09-22,2.2,2.0,3.0,2.6
SUR05821,EMP01703,2026-01-07,2.4,2.2,1.6,1.0
SUR05822,EMP01705,2023-01-23,2.5,2.3,3.2,3.2
SUR05823,EMP01705,2023-04-17,3.2,3.5,3.8,3.1
SUR05824,EMP01705,2023-07-23,2.4,2.9,2.6,2.4
SUR05825,EMP01705,2023-10-28,3.3,2.5,4.0,3.5
SUR05826,EMP01705,2024-02-08,2.2,2.1,2.3,3.4
SUR05827,EMP01705,2024-05-25,3.6,3.8,2.9,3.8
SUR05828,EMP01705,2024-08-29,4.2,3.8,3.7,4.4
SUR05829,EMP01705,2024-12-16,2.6,2.7,2.6,3.2
SUR05830,EMP01705,2025-04-03,2.9,3.0,3.7,3.8
SUR05831,EMP01705,2025-06-28,3.6,3.7,3.7,4.1
SUR05832,EMP01705,2025-10-16,3.9,3.9,4.3,3.7
SUR05833,EMP01705,2026-01-26,4.1,4.1,4.0,4.8
SUR05834,EMP01705,2026-05-03,2.8,2.9,2.9,3.1
SUR05835,EMP01708,2026-05-24,3.7,3.3,4.5,4.7
SUR05836,EMP01710,2025-08-03,3.4,3.3,3.9,4.2
SUR05837,EMP01710,2025-10-30,3.7,3.3,3.7,4.1
SUR05838,EMP01710,2026-02-12,3.8,3.8,3.2,3.8
SUR05839,EMP01710,2026-05-12,3.8,3.6,3.6,4.3
SUR05840,EMP01711,2024-02-07,1.9,1.5,1.6,1.4
SUR05841,EMP01711,2024-05-21,2.0,2.4,1.4,1.4
SUR05842,EMP01711,2024-08-12,1.7,1.0,2.0,1.0
SUR05843,EMP01712,2025-09-02,3.9,4.1,4.4,3.5
SUR05844,EMP01712,2025-12-02,3.8,4.4,4.2,3.5
SUR05845,EMP01712,2026-03-03,4.0,3.7,2.8,3.1
SUR05846,EMP01712,2026-05-27,3.4,3.3,3.5,4.3
SUR05847,EMP01713,2025-06-28,2.7,2.6,3.0,2.8
SUR05848,EMP01713,2025-10-08,3.8,4.0,3.8,4.5
SUR05849,EMP01713,2026-01-16,4.0,4.2,4.0,3.7
SUR05850,EMP01713,2026-04-20,2.4,2.2,2.4,2.4
SUR05851,EMP01713,2026-07-15,2.5,2.6,3.0,3.2
SUR05852,EMP01714,2026-06-08,1.2,1.0,1.4,2.1
SUR05853,EMP01715,2023-12-29,3.7,3.9,3.8,3.2
SUR05854,EMP01715,2024-03-29,2.7,2.7,3.5,2.9
SUR05855,EMP01715,2024-07-08,3.6,3.8,3.5,4.3
SUR05856,EMP01715,2024-10-26,2.9,3.4,,3.5
SUR05857,EMP01715,2025-01-31,3.0,3.0,2.7,3.5
SUR05858,EMP01715,2025-05-19,3.3,3.0,3.0,3.0
SUR05859,EMP01715,2025-08-16,2.9,2.5,2.7,3.2
SUR05860,EMP01716,2025-08-01,2.2,1.7,3.0,2.1
SUR05861,EMP01717,2024-05-03,3.2,3.7,4.1,2.8
SUR05862,EMP01717,2024-08-20,,4.0,3.9,3.8
SUR05863,EMP01717,2024-11-27,2.9,3.1,3.3,2.6
SUR05864,EMP01717,2025-03-08,3.4,3.4,4.0,3.4
SUR05865,EMP01717,2025-06-08,2.9,2.9,2.9,3.6
SUR05866,EMP01717,2025-09-08,2.6,2.0,3.6,3.4
SUR05867,EMP01717,2025-12-17,3.5,3.2,4.3,4.1
SUR05868,EMP01717,2026-04-03,3.8,3.8,3.1,4.2
SUR05869,EMP01717,2026-07-02,3.7,3.7,4.7,3.7
SUR05870,EMP01718,2025-01-27,3.9,3.8,3.2,4.3
SUR05871,EMP01718,2025-05-10,2.5,1.5,1.9,2.1
SUR05872,EMP01718,2025-08-13,3.7,3.8,3.4,3.9
SUR05873,EMP01718,2025-11-18,2.3,2.1,1.4,3.5
SUR05874,EMP01718,2026-02-27,2.9,2.4,2.9,3.3
SUR05875,EMP01718,2026-06-04,3.5,3.3,4.3,3.5
SUR05876,EMP01719,2026-03-14,3.6,3.0,4.3,3.6
SUR05877,EMP01720,2025-07-15,3.0,3.6,2.8,3.4
SUR05878,EMP01720,2025-10-06,3.6,3.6,3.1,4.8
SUR05879,EMP01720,2026-01-01,3.3,3.1,3.0,4.0
SUR05880,EMP01720,2026-04-02,3.5,3.6,3.5,4.1
SUR05881,EMP01720,2026-06-23,3.9,4.2,4.4,4.5
SUR05882,EMP01723,2025-06-11,3.3,3.2,2.9,3.8
SUR05883,EMP01724,2026-05-28,3.5,3.4,3.7,4.7
SUR05884,EMP01727,2026-05-10,3.0,2.4,3.2,1.7
SUR05885,EMP01728,2025-01-08,3.6,3.9,3.5,4.0
SUR05886,EMP01728,2025-04-15,4.2,4.4,4.3,4.6
SUR05887,EMP01728,2025-07-07,3.0,3.0,3.5,2.6
SUR05888,EMP01728,2025-10-09,4.6,5.0,4.0,4.2
SUR05889,EMP01728,2026-01-13,3.6,3.9,3.2,4.2
SUR05890,EMP01730,2025-06-04,3.5,3.4,3.1,4.1
SUR05891,EMP01731,2024-10-23,4.3,3.7,4.6,4.0
SUR05892,EMP01731,2025-01-21,3.5,3.4,3.4,4.2
SUR05893,EMP01731,2025-04-17,2.9,2.9,2.5,2.5
SUR05894,EMP01731,2025-07-26,2.9,3.2,3.2,3.4
SUR05895,EMP01731,2025-10-20,3.4,3.2,2.7,3.7
SUR05896,EMP01731,2026-01-22,3.0,3.4,3.3,3.5
SUR05897,EMP01731,2026-05-04,3.0,2.8,3.1,3.6
SUR05898,EMP01732,2026-06-19,3.9,4.0,4.0,4.3
SUR05899,EMP01733,2023-04-19,4.1,4.7,3.4,3.8
SUR05900,EMP01733,2023-07-20,2.3,2.2,1.8,2.1
SUR05901,EMP01733,2023-10-25,2.7,2.2,3.1,3.8
SUR05902,EMP01733,2024-01-25,4.9,5.0,4.3,4.4
SUR05903,EMP01733,2024-04-29,3.8,3.7,4.0,3.9
SUR05904,EMP01733,2024-08-11,,3.3,3.7,3.6
SUR05905,EMP01733,2024-11-03,3.4,3.8,2.7,3.0
SUR05906,EMP01733,2025-02-18,,3.5,3.4,3.9
SUR05907,EMP01733,2025-05-31,4.2,4.5,5.0,4.4
SUR05908,EMP01733,2025-09-13,3.4,3.5,2.4,3.2
SUR05909,EMP01733,2025-12-20,4.0,3.6,3.3,4.5
SUR05910,EMP01733,2026-03-19,3.2,3.3,3.5,4.6
SUR05911,EMP01733,2026-06-14,4.4,4.4,3.9,3.8
SUR05912,EMP01735,2025-07-15,3.7,3.5,4.1,3.5
SUR05913,EMP01735,2025-10-24,3.4,3.2,3.5,3.8
SUR05914,EMP01735,2026-01-14,3.8,3.6,2.7,3.7
SUR05915,EMP01735,2026-04-08,2.5,3.0,3.1,3.3
SUR05916,EMP01735,2026-07-11,3.3,3.2,2.9,4.8
SUR05917,EMP01736,2025-12-28,4.3,3.7,4.2,3.8
SUR05918,EMP01736,2026-04-09,4.0,3.7,4.1,4.2
SUR05919,EMP01736,2026-07-12,3.9,4.3,5.0,4.2
SUR05920,EMP01737,2026-01-21,3.3,2.7,4.6,3.2
SUR05921,EMP01737,2026-05-07,3.8,4.3,4.2,4.3
SUR05922,EMP01737,2026-07-26,3.6,3.9,3.9,3.4
SUR05923,EMP01739,2025-12-17,3.2,2.6,4.2,4.3
SUR05924,EMP01739,2026-03-17,3.0,3.8,4.0,3.8
SUR05925,EMP01739,2026-06-18,4.2,4.2,3.9,4.7
SUR05926,EMP01740,2025-11-26,4.5,4.7,4.5,4.3
SUR05927,EMP01740,2026-02-24,3.8,3.7,2.1,3.6
SUR05928,EMP01740,2026-05-27,2.6,2.6,3.4,4.2
SUR05929,EMP01741,2023-08-25,4.0,4.4,4.3,3.7
SUR05930,EMP01741,2023-11-14,3.0,2.8,3.5,3.8
SUR05931,EMP01741,2024-03-02,2.6,2.7,2.9,3.7
SUR05932,EMP01741,2024-06-03,3.0,2.3,3.6,2.7
SUR05933,EMP01741,2024-09-08,3.3,3.4,3.8,4.2
SUR05934,EMP01741,2024-12-23,3.3,3.1,3.6,4.2
SUR05935,EMP01741,2025-04-02,3.3,3.2,3.6,3.5
SUR05936,EMP01741,2025-07-14,3.4,3.8,4.0,3.3
SUR05937,EMP01741,2025-10-24,3.3,3.7,3.3,3.6
SUR05938,EMP01741,2026-01-28,3.6,2.9,4.5,4.6
SUR05939,EMP01741,2026-05-07,3.0,2.9,4.0,3.7
SUR05940,EMP01742,2025-09-11,1.9,1.4,2.0,2.1
SUR05941,EMP01742,2025-12-28,3.0,2.3,3.4,3.4
SUR05942,EMP01742,2026-04-10,2.6,2.4,3.4,2.8
SUR05943,EMP01744,2026-03-11,3.0,3.0,3.5,4.4
SUR05944,EMP01744,2026-06-27,3.5,3.9,4.3,2.9
SUR05945,EMP01745,2025-08-24,2.7,3.5,3.5,3.4
SUR05946,EMP01745,2025-12-10,2.2,1.8,2.5,2.7
SUR05947,EMP01745,2026-03-16,1.9,1.3,1.5,2.4
SUR05948,EMP01746,2026-02-25,4.1,3.8,4.1,4.8
SUR05949,EMP01746,2026-05-23,3.9,4.0,4.6,4.3
SUR05950,EMP01747,2023-05-27,5.0,5.0,5.0,5.0
SUR05951,EMP01747,2023-08-22,3.0,3.5,2.5,3.5
SUR05952,EMP01747,2023-11-13,3.1,3.4,,3.4
SUR05953,EMP01747,2024-02-24,5.0,4.6,4.3,4.8
SUR05954,EMP01747,2024-06-11,3.3,2.9,3.7,3.6
SUR05955,EMP01747,2024-09-11,3.2,3.6,3.0,3.8
SUR05956,EMP01747,2024-12-22,4.1,4.2,4.4,5.0
SUR05957,EMP01747,2025-04-03,4.0,3.4,4.1,4.5
SUR05958,EMP01747,2025-06-30,2.6,2.4,3.2,3.7
SUR05959,EMP01747,2025-10-10,4.4,5.0,3.4,5.0
SUR05960,EMP01747,2026-01-08,3.7,4.0,4.1,4.8
SUR05961,EMP01747,2026-03-31,3.6,3.8,3.4,3.9
SUR05962,EMP01747,2026-07-09,3.9,4.2,4.7,4.2
SUR05963,EMP01748,2023-10-09,4.5,3.7,4.5,4.7
SUR05964,EMP01748,2024-01-17,4.4,4.4,4.2,4.6
SUR05965,EMP01748,2024-04-08,3.8,3.8,2.8,4.3
SUR05966,EMP01748,2024-07-10,,4.0,4.6,4.2
SUR05967,EMP01748,2024-10-11,3.9,3.7,4.6,3.9
SUR05968,EMP01748,2025-01-26,3.9,3.7,4.5,4.4
SUR05969,EMP01748,2025-05-09,4.0,4.5,3.6,4.0
SUR05970,EMP01748,2025-08-23,3.2,3.1,2.1,3.3
SUR05971,EMP01748,2025-11-26,3.4,3.2,2.9,4.3
SUR05972,EMP01748,2026-03-12,4.1,4.0,3.6,4.6
SUR05973,EMP01748,2026-06-13,3.0,3.3,3.1,2.8
SUR05974,EMP01749,2026-03-28,,4.1,4.2,4.4
SUR05975,EMP01749,2026-07-15,2.1,2.3,3.1,3.1
SUR05976,EMP01750,2023-09-12,3.6,3.6,3.2,3.4
SUR05977,EMP01750,2023-12-30,3.9,3.6,4.4,3.9
SUR05978,EMP01750,2024-04-05,4.7,4.7,4.4,4.4
SUR05979,EMP01750,2024-06-27,3.5,3.5,3.8,4.2
SUR05980,EMP01750,2024-09-19,4.0,3.6,3.2,5.0
SUR05981,EMP01750,2024-12-31,4.2,4.9,5.0,4.9
SUR05982,EMP01750,2025-04-08,4.3,4.2,5.0,4.6
SUR05983,EMP01750,2025-06-29,2.9,1.9,2.8,3.3
SUR05984,EMP01750,2025-10-12,4.2,4.1,3.0,4.5
SUR05985,EMP01750,2026-01-15,4.5,4.9,4.7,4.8
SUR05986,EMP01750,2026-05-03,3.9,3.8,3.3,4.7
SUR05987,EMP01750,2026-07-24,4.0,3.3,4.7,5.0
