EmployeeID,FirstName,LastName,Gender,Age,MaritalStatus,Education,Department,JobTitle,JobLevel,ManagerID,Location,WorkArrangement,HireDate,TerminationDate,EmploymentStatus,TerminationType,TerminationReason,CurrentSalary,YearsAtCompany
EMP00001,Liam,Wright,Male,23.0,Single,Master's Degree,Engineering,Software Engineer II,Mid-Level,EMP01512,"Denver, CO",Hybrid,2025-06-24,,Active,,,118000,1.09
EMP00002,Matthew,Brown,Male,22.0,Married,Bachelor's Degree,Legal,Paralegal,Mid-Level,EMP01296,"Austin, TX",Onsite,2024-03-03,,Active,,,99000,2.4
EMP00003,Michael,White,Male,43.0,Married,Bachelor's Degree,Sales,Senior Sales Manager,Senior Manager,EMP01495,Remote,Remote,2026-07-24,,Active,,,179000,0.01
EMP00004,Chloe,Wright,Female,28.0,Married,Bachelor's Degree,PEOPLE,HR Coordinator,Entry-Level,EMP00861,"New York, NY",Hybrid,2026-01-17,,Active,,,67000,0.53
EMP00005,Lauren,Flores,Female,25.0,Married,Bachelor's Degree,Engineering,Senior Software Engineer,Senior,EMP00756,"Chicago, IL",Hybrid,2026-06-05,,Active,,,149000,0.15
EMP00006,William,Baker,Male,21.0,Married,Bachelor's Degree,Sales,Sales Development Rep,Entry-Level,EMP00320,"Austin, TX",Onsite,2026-05-20,,Active,,,71000,0.19
EMP00007,Justin,Hall,Male,24.0,Married,Bachelor's Degree,Marketing,Marketing Specialist,Mid-Level,EMP00369,"Denver, CO",Hybrid,2025-08-21,,Active,,,85000,0.93
EMP00008,Andrew,Smith,Male,26.0,Single,Master's Degree,Finance,Financial Analyst II,Mid-Level,EMP00335,"San Francisco, CA",Onsite,2026-05-08,,Active,,,76500,0.22
EMP00009,Samuel,White,Male,36.0,Single,Bachelor's Degree,Product,Director of Product,Director,EMP00377,"San Francisco, CA",Hybrid,2023-08-26,,Active,,,218000,2.92
EMP00010,Christopher,Jackson,Male,28.0,Married,Bachelor's Degree,Customer Success,Customer Success Manager,Mid-Level,EMP00528,"New York, NY",Hybrid,2024-04-14,,Active,,,98000,2.29
EMP00011,Isabella,Andersson,Female,28.0,Married,Bachelor's Degree,Sales,Account Executive,Mid-Level,EMP01600,"Austin, TX",Hybrid,2023-02-04,,Active,,,98500,3.48
EMP00012,Chloe,Kim,Female,29.0,Married,High School,Engineering,Software Engineer II,Mid-Level,EMP01549,"New York, NY",Onsite,2024-10-11,,Active,,,93500,1.79
EMP00013,Avery,Rodriguez,NB,26.0,Divorced,Bachelor's Degree,Customer Success,Support Associate,Entry-Level,EMP00232,"New York, NY",Onsite,2025-01-20,2025-06-30,Terminated,Voluntary,Work-Life Balance,52500,0.44
EMP00014,Melissa,Jackson,Female,21.0,Divorced,Bachelor's Degree,Customer Success,Support Associate,Entry-Level,EMP00582,Remote,Remote,2024-08-15,2025-09-03,Terminated,Voluntary,Work-Life Balance,61500,1.05
EMP00015,Chidi,Brown,Male,22.0,Single,High School,Finance,Senior Financial Analyst,Senior,EMP01135,"New York, NY",Onsite,2026-03-19,,Active,,,130500,0.36
EMP00016,Hiroshi,Lopez,Male,21.0,Single,Bachelor's Degree,Sales,Sales Development Rep,Entry-Level,EMP01437,"San Francisco, CA",Hybrid,2024-11-07,,Active,,,82500,1.72
EMP00017,David,Levi,Male,21.0,Single,Master's Degree,Engineering,Software Engineer I,Entry-Level,EMP01139,Remote,Remote,2024-08-19,,Active,,,85500,1.94
EMP00018,Michael,Ramirez,Male,33.0,Married,Bachelor's Degree,Engineering,Senior Software Engineer,Senior,EMP01330,"Denver, CO",Onsite,2025-06-28,,Active,,,167000,1.08
EMP00019,Melissa,Carter,Female,23.0,Single,Bachelor's Degree,Design,Product Designer,Mid-Level,EMP00164,"New York, NY",Hybrid,2024-01-19,,Active,,,93500,2.52
EMP00020,Jason,Wang,Male,27.0,Single,Master's Degree,Engineering,Software Engineer I,Entry-Level,EMP00611,"New York, NY",Hybrid,2026-02-11,2026-04-05,Terminated,Voluntary,Work-Life Balance,82500,0.15
EMP00021,Amy,Ahmed,Female,23.0,Single,Associate's Degree,Customer Success,Customer Success Manager,Mid-Level,EMP00506,Remote,Remote,2023-06-26,2025-10-23,Terminated,Voluntary,Personal Reasons,87000,2.33
EMP00022,Mohammed,Baker,Male,24.0,Single,Master's Degree,Product,Senior Product Manager,Senior,EMP01169,"San Francisco, CA",Onsite,2026-07-05,,Active,,,154000,0.06
EMP00023,Leilani,Lee,Female,22.0,Single,Bachelor's Degree,Finance,Financial Analyst II,Mid-Level,EMP00777,"New York, NY",Hybrid,2026-01-05,,Active,,,92500,0.56
EMP00024,Jessica,Mitchell,Female,37.0,Single,Master's Degree,Finance,Financial Analyst II,Mid-Level,EMP01603,Remote,Remote,2024-04-22,2024-10-31,Terminated,Voluntary,Better Opportunity Elsewhere,86000,0.53
EMP00025,Zainab,Flores,Female,21.0,Married,Bachelor's Degree,Sales,Sales Development Rep,Entry-Level,EMP01165,"Austin, TX",Onsite,2022-09-08,2023-11-04,Terminated,Voluntary,Personal Reasons,73000,1.16
EMP00026,Emily,Adams,Female,33.0,Single,Bachelor's Degree,Finance,Senior Financial Analyst,Senior,EMP00930,Remote,Remote,2026-03-10,,Active,,,121500,0.38
EMP00027,Alexander,Andersson,Male,21.0,Single,Master's Degree,Customer Success,Customer Success Manager,Mid-Level,EMP01714,"New York, NY",Hybrid,2025-11-06,2026-01-03,Terminated,Voluntary,Relocation,79000,0.16
EMP00028,Ava,Silva,Female,36.0,Married,Bachelor's Degree,Sales,Senior Account Executive,Senior,EMP01649,"Denver, CO",Hybrid,2025-12-15,,Active,,,102000,0.62
EMP00029,Mia,Hernandez,Female,37.0,Married,Associate's Degree,Engineering,Engineering Manager,Manager,EMP00077,Remote,Remote,2026-01-16,2026-06-15,Terminated,Voluntary,Personal Reasons,142500,0.41
EMP00030,Ngozi,Miller,Female,31.0,Single,Master's Degree,Sales,Senior Account Executive,Senior,EMP01193,"San Francisco, CA",Hybrid,2023-06-28,2024-10-10,Terminated,Voluntary,Personal Reasons,107500,1.29
EMP00031,Yuki,Martin,Female,29.0,Single,Master's Degree,Sales,Account Executive,Mid-Level,EMP01716,Remote,Remote,2024-11-17,,Active,,,105500,1.69
EMP00032,Amy,Lee,Female,29.0,Married,Master's Degree,MARKETING,Marketing Specialist,Mid-Level,EMP01396,Remote,Remote,2023-11-08,2024-03-19,Terminated,Voluntary,Personal Reasons,76500,0.36
EMP00033,Anjali,Souza,Female,30.0,Single,Bachelor's Degree,Sales,Account Executive,Mid-Level,EMP00413,"New York, NY",Onsite,2026-04-08,2026-05-05,Terminated,Voluntary,Career Growth,85000,0.07
EMP00034,Aaliyah,Miller,Female,21.0,Single,Bachelor's Degree,People,HR Coordinator,Entry-Level,EMP01276,Remote,Remote,2025-09-25,,Active,,,53000,0.84
EMP00035,Lauren,Hernandez,Female,21.0,Single,Master's Degree,Customer Success,Support Associate,Entry-Level,EMP00526,"Austin, TX",Onsite,2024-10-09,,Active,,,63000,1.8
EMP00036,James,Wright,Male,33.0,Single,Master's Degree,Engineering,Staff Engineer,Staff,EMP01063,Remote,Remote,2023-04-02,2024-12-30,Terminated,Voluntary,Work-Life Balance,214500,1.75
EMP00037,Nathan,Sharma,Male,44.0,Married,Master's Degree,Executive,Business Operations Director,Director,EMP01286,"San Francisco, CA",Onsite,2024-09-15,,Active,,,309000,1.86
EMP00038,Ryan,Singh,Male,27.0,Divorced,Master's Degree,Sales,Account Executive,Mid-Level,EMP00507,"San Francisco, CA",Onsite,2024-10-18,,Active,,,93000,1.77
EMP00039,Mason,Diallo,Male,33.0,Married,Associate's Degree,Design,Senior Product Designer,Senior,EMP01747,"San Francisco, CA",Onsite,2025-12-03,,Active,,,129500,0.65
EMP00040,Hiroshi,Santos,Male,32.0,Married,Master's Degree,Customer Success,Senior CSM,Senior,EMP00115,"San Francisco, CA",Onsite,2025-09-17,2026-01-30,Terminated,Involuntary,Performance,141000,0.37
EMP00041,Luis,Sharma,Male,23.0,Single,Bachelor's Degree,Engineering,Software Engineer I,Entry-Level,EMP00267,"San Francisco, CA",Hybrid,2026-05-04,,Active,,,85500,0.23
EMP00042,Charles,Wang,Male,27.0,Married,Bachelor's Degree,Sales,Sales Manager,Manager,EMP00003,Remote,Remote,2025-04-04,,Active,,,142000,1.31
EMP00043,Joseph,Wright,Male,22.0,Single,Master's Degree,Sales,Sales Development Rep,Entry-Level,EMP00409,Remote,Remote,2023-12-14,2023-12-14,Terminated,Voluntary,Work-Life Balance,62500,0.0
EMP00044,Jason,Ramirez,Male,37.0,Single,Bachelor's Degree,Design,Senior Product Designer,Senior,EMP00850,"Austin, TX",Onsite,2025-12-09,,Active,,,122000,0.63
EMP00045,Victoria,Osei,Female,34.0,Married,Bachelor's Degree,Finance,Finance Business Partner,Staff,EMP00060,"Austin, TX",Hybrid,2026-01-09,,Active,,,175500,0.55
EMP00046,Ana,Anderson,Female,27.0,Divorced,Bachelor's Degree,Sales,Senior Account Executive,Senior,EMP01597,Remote,Remote,2025-07-25,2026-03-31,Terminated,Voluntary,Return to School,153000,0.68
EMP00047,Nicole,Hall,Female,31.0,Single,Master's Degree,Engineering,Senior Software Engineer,Senior,EMP01667,"New York, NY",Onsite,2026-01-26,,Active,,,121000,0.5
EMP00048,Jordan,Kumar,Non-binary,,Married,Master's Degree,Sales,Sales Development Rep,Entry-Level,EMP00011,"Austin, TX",Hybrid,2025-05-23,2025-05-24,Terminated,Voluntary,Relocation,70500,0.0
EMP00049,Lucia,Anderson,Female,,Single,Master's Degree,Finance,Financial Analyst II,Mid-Level,EMP00777,"New York, NY",Hybrid,2025-06-18,,Active,,,103500,1.11
EMP00050,Christopher,Torres,Male,35.0,Single,Bachelor's Degree,Engineering,Senior Software Engineer,Senior,EMP00714,"New York, NY",Onsite,2025-02-10,2026-04-13,Terminated,Involuntary,Role Elimination / Restructuring,128000,1.17
EMP00051,Sofia,Bernard,F,29.0,Single,Master's Degree,Engineering,Software Engineer II,Mid-Level,EMP01512,"San Francisco, CA",Hybrid,2022-12-21,2026-06-30,Terminated,Voluntary,Relocation,116500,3.52
EMP00052,Sofia,Diallo,F,30.0,Married,Bachelor's Degree,Engineering,Engineering Manager,Manager,EMP00279,"Chicago, IL",Hybrid,2023-10-04,,Active,,,200000,2.81
EMP00053,Femi,Levi,Male,31.0,Married,Bachelor's Degree,Engineering,Software Engineer II,Mid-Level,EMP00545,"Chicago, IL",Onsite,2022-12-12,2023-07-30,Terminated,Voluntary,Work-Life Balance,90500,0.63
EMP00054,Thomas,Flores,Male,25.0,Married,Bachelor's Degree,Marketing,Marketing Specialist,Mid-Level,EMP01644,"Austin, TX",Hybrid,2025-09-27,,Active,,,84000,0.83
EMP00055,Ashley,Garcia,Female,26.0,Single,Bachelor's Degree,Customer Success,Customer Success Manager,Mid-Level,EMP00411,Remote,Remote,2024-10-08,2026-04-28,Terminated,Voluntary,Compensation,99000,1.55
EMP00056,Benjamin,Lewis,Male,22.0,Single,Bachelor's Degree,Product,Product Manager,Mid-Level,EMP00870,"Denver, CO",Hybrid,2025-05-02,2026-04-18,Terminated,Voluntary,Relocation,97500,0.96
EMP00057,Divya,Patel,Female,32.0,Married,Master's Degree,Customer Success, Senior CSM ,Senior,EMP00115,"San Francisco, CA",Hybrid,2026-05-22,,Active,,,118000,0.18
EMP00058,Omar,Silva,Male,29.0,Single,Bachelor's Degree,Design,Senior Product Designer,Senior,EMP00268,"San Francisco, CA",Hybrid,2024-07-13,2024-07-17,Terminated,Voluntary,Career Growth,143000,0.01
EMP00059,Elizabeth,Davis,Female,33.0,Single,Associate's Degree,Finance,Senior Financial Analyst,Senior,EMP00516,"Austin, TX",Hybrid,2025-02-21,,Active,,,131500,1.43
EMP00060,Diego,Smith,Male,33.0,Divorced,Bachelor's Degree,Finance,Finance Manager,Manager,EMP01710,"New York, NY",Hybrid,2026-01-16,,Active,,,159500,0.53
EMP00061,Daniel,Clark,Male,32.0,Married,Bachelor's Degree,Design, Design Manager ,Manager,EMP00127,"Austin, TX",Hybrid,2024-06-28,2025-12-03,Terminated,Involuntary,Policy Violation,158500,1.43
EMP00062,Kwame,Hill,Male,32.0,Single,Bachelor's Degree,Marketing,Marketing Manager,Manager,EMP00072,"New York, NY",Hybrid,2023-06-02,2024-11-25,Terminated,Voluntary,Work-Life Balance,143000,1.48
EMP00063,Megan,Ramirez,Female,26.0,Single,High School,Customer Success,Support Associate,Entry-Level,EMP01250,"Austin, TX",Onsite,2024-09-11,2025-05-15,Terminated,Voluntary,Career Growth,65000,0.67
EMP00064,Emma,Moore,Female,27.0,Single,Bachelor's Degree,Engineering,Senior Software Engineer,Senior,EMP01365,"Chicago, IL",Hybrid,2024-02-10,2024-02-23,Terminated,Voluntary,Career Growth,169000,0.04
EMP00065,Olivia,Allen,Female,23.0,Married,Bachelor's Degree,Engineering,Software Engineer I,Entry-Level,EMP00206,Remote,Remote,2026-06-15,,Active,,,73500,0.12
EMP00066,Jose,Nguyen,Male,22.0,Married,Bachelor's Degree,Sales,Sales Development Rep,Entry-Level,EMP00623,"Denver, CO",Hybrid,2026-03-17,,Active,,,75000,0.36
EMP00067,Chioma,Adams,Female,32.0,Married,Bachelor's Degree,Customer Success,Senior CSM,Senior,EMP01501,"Chicago, IL",Onsite,2025-09-08,,Active,,,113500,0.88
EMP00068,Brian,Thomas,Male,21.0,Single,Master's Degree,Finance,Financial Analyst II,Mid-Level,EMP01487,Remote,Remote,2026-04-18,,Active,,,83000,0.28
EMP00069,Alexander,Smith,Male,25.0,Single,Bachelor's Degree,Customer Success,Support Associate,Entry-Level,EMP00927,"Chicago, IL",Hybrid,2026-02-23,,Active,,,54000,0.42
EMP00070,Robert,Kone,Male,32.0,Divorced,Bachelor's Degree,Marketing,Marketing Coordinator,Entry-Level,EMP01582,"San Francisco, CA",Hybrid,2024-04-09,,Active,,,73000,2.3
EMP00071,Ashley,Kumar,F,30.0,Divorced,Master's Degree,sales,Sales Development Rep,Entry-Level,EMP00204,"New York, NY",Hybrid,2026-05-25,,Active,,,69500,0.18
EMP00072,Ethan,Thompson,Male,35.0,Married,Bachelor's Degree,Marketing,Senior Marketing Manager,Senior Manager,EMP00849,Remote,Remote,2025-06-08,2025-06-16,Terminated,Voluntary,Return to School,198000,0.02
EMP00073,Justin,Taylor,Male,26.0,Single,Master's Degree,Customer Success,Support Associate,Entry-Level,EMP00752,"Austin, TX",Hybrid,2026-02-27,,Active,,,58500,0.41
EMP00074,Natalie,Carter,Female,25.0,Married,PhD,Product,Associate Product Manager,Entry-Level,EMP01260,"San Francisco, CA",Onsite,2026-05-14,,Active,,,67500,0.21
EMP00075,Megan,Rossi,Female,33.0,Divorced,Bachelor's Degree,Sales,Account Executive,Mid-Level,EMP00381,"Denver, CO",Hybrid,2024-10-28,2024-11-09,Terminated,Voluntary,Return to School,95000,0.03
EMP00076,Daniel,Robinson,Male,21.0,Married,PhD,Marketing,Marketing Specialist,Mid-Level,EMP00629,"Chicago, IL",Hybrid,2023-11-26,2025-08-08,Terminated,Involuntary,Role Elimination / Restructuring,95500,1.7
EMP00077,Justin,Abara,Male,43.0,Married,Master's Degree,Engineering,Senior Engineering Manager,Senior Manager,EMP01428,Remote,Remote,2024-06-25,,Active,,,222000,2.09
EMP00078,Christopher,Schmidt,Male,23.0,Single,PhD,Marketing,Marketing Coordinator,Entry-Level,EMP01248,"San Francisco, CA",Onsite,2025-02-18,2025-11-17,Terminated,Voluntary,Return to School,62000,0.74
EMP00079,Diego,Rivera,Male,23.0,Single,Master's Degree,Engineering,Software Engineer II,Mid-Level,EMP01185,"Austin, TX",Hybrid,2026-03-22,,Active,,,91500,0.35
EMP00080,Lauren,Martinez,Female,26.0,Single,Bachelor's Degree,Sales,Senior Account Executive,Senior,EMP01182,Remote,Remote,2026-04-20,,Active,,,146000,0.27
EMP00081,Raj,Patel,Male,35.0,Divorced,Master's Degree,Marketing,Director of Marketing,Director,EMP00148,"Austin, TX",Hybrid,2022-09-20,2024-02-03,Terminated,Involuntary,Budget Reduction,198500,1.37
EMP00082,Emma,Garcia,Female,27.0,Married,Bachelor's Degree,Engineering,Senior Software Engineer,Senior,EMP01330,"Austin, TX",Hybrid,2025-05-21,2025-07-02,Terminated,Involuntary,Policy Violation,134500,0.11
EMP00083,Carmen,Kumar,Female,30.0,Married,Bachelor's Degree,Engineering,Engineering Manager,Manager,EMP00440,"New York, NY",Onsite,2025-02-12,2026-03-06,Terminated,Voluntary,Personal Reasons,152500,1.06
EMP00084,Ryan,Williams,Male,25.0,Single,Bachelor's Degree,Design,Junior Product Designer,Entry-Level,EMP00498,Remote,Remote,2024-05-19,2026-03-19,Terminated,Voluntary,Work-Life Balance,81500,1.83
EMP00085,Carmen,Ahmed,Female,29.0,Divorced,Bachelor's Degree,People,HR Generalist,Mid-Level,EMP00525,Remote,Remote,2023-12-14,,Active,,,85000,2.62
EMP00086,Miguel,Martinez,Male,26.0,Married,Bachelor's Degree,Engineering,Software Engineer II,Mid-Level,EMP00512,Remote,Remote,2024-11-17,,Active,,,103500,1.69
EMP00087,Jason,Green,M,42.0,Single,Master's Degree,People,People Team Lead,Manager,EMP00174,"Austin, TX",Hybrid,2026-06-24,,Active,,,155500,0.09
EMP00088,Ethan,Nilsson,Male,22.0,Divorced,PhD,Engineering,Software Engineer I,Entry-Level,EMP00436,"San Francisco, CA",Hybrid,2024-10-21,,Active,,,75500,1.77
EMP00089,Charles,Singh,Male,39.0,Single,Bachelor's Degree,executive,Business Operations Director,Director,EMP00921,"San Francisco, CA",Onsite,2025-06-03,2026-06-24,Terminated,Voluntary,Better Opportunity Elsewhere,342500,1.06
EMP00090,Mason,Nilsson,Male,25.0,Single,Associate's Degree,Finance,Financial Analyst II,Mid-Level,EMP01603,Remote,Remote,2025-11-26,,Active,,,97000,0.67
EMP00091,Lucas,Kim,Male,27.0,Single,PhD,Sales,Sales Development Rep,Entry-Level,EMP00011,"New York, NY",Hybrid,2024-12-30,,Active,,,84000,1.57
EMP00092,Ava,Wang,Female,27.0,Divorced,High School,Sales,Sales Development Rep,Entry-Level,EMP01165,"Austin, TX",Onsite,2026-07-23,,Active,,,82500,0.01
EMP00093,Sarah,Nguyen,Female,43.0,Divorced,Bachelor's Degree,Sales, Director of Sales ,Director,EMP01646,"Chicago, IL",Hybrid,2026-07-07,,Active,,,218000,0.06
EMP00094,Leilani,Anderson,Female,26.0,Single,Master's Degree,Sales, Account Executive ,Mid-Level,,"New York, NY",Onsite,2024-07-17,,Active,,,89000,2.03
EMP00095,Liam,Kim,Male,24.0,Married,Bachelor's Degree,Engineering,Senior Software Engineer,Senior,EMP00328,"Denver, CO",Onsite,2025-05-12,,Active,,,180000,1.21
EMP00096,Laura,Williams,Female,28.0,Married,Master's Degree,Engineering,Senior Software Engineer,Senior,EMP00638,Remote,Remote,2024-09-09,2024-11-02,Terminated,Voluntary,Better Opportunity Elsewhere,160500,0.15
EMP00097,Ngozi,Adams,Female,33.0,Married,Master's Degree,Engineering,Software Engineer II,Mid-Level,EMP01133,"San Francisco, CA",Hybrid,2024-08-15,2026-06-29,Terminated,Voluntary,Better Opportunity Elsewhere,106000,1.87
EMP00098,Grace,Perez,Female,29.0,Single,Bachelor's Degree,Sales,Account Executive,Mid-Level,EMP01049,"San Francisco, CA",Onsite,2023-01-18,,Active,,,89500,3.52
EMP00099,Angela,Souza,Female,25.0,Married,High School,Engineering,Software Engineer I,Entry-Level,EMP00776,"San Francisco, CA",Onsite,2025-08-21,2026-02-18,Terminated,Involuntary,Budget Reduction,81500,0.5
EMP00100,Laura,Ahmed,Female,25.0,Married,Bachelor's Degree,Sales,Account Executive,Mid-Level,EMP01716,"San Francisco, CA",Hybrid,2025-05-13,,Active,,,85500,1.21
EMP00101,Raj,Campbell,Male,44.0,Single,High School,Executive,Chief of Staff,VP,EMP01180,"Austin, TX",Hybrid,2023-03-30,2023-04-15,Terminated,Voluntary,Better Opportunity Elsewhere,442000,0.04
EMP00102,Lucia,Lopez,Female,25.0,Single,Bachelor's Degree,Design,Product Designer,Mid-Level,EMP00639,"Chicago, IL",Hybrid,2024-08-21,2024-12-26,Terminated,Voluntary,Better Opportunity Elsewhere,84500,0.35
EMP00103,Charles,Kumar,Male,,Married,Master's Degree,Sales,Sales Development Rep,Entry-Level,EMP00304,"San Francisco, CA",Onsite,2026-05-30,,Active,,,78000,0.16
EMP00104,Avery,Wilson,Non-binary,26.0,Single,Bachelor's Degree,Design,Senior Product Designer,Senior,EMP01574,Remote,Remote,2024-06-08,2026-02-02,Terminated,Voluntary,Work-Life Balance,164500,1.65
EMP00105,Justin,Young,Male,42.0,Divorced,Associate's Degree,Marketing,Senior Marketing Manager,Senior Manager,EMP00143,"San Francisco, CA",Onsite,2024-01-14,,Active,,,191500,2.54
EMP00106,Lucas,Kumar,Male,33.0,Single,Bachelor's Degree,People,People Team Lead,Manager,EMP00174,"San Francisco, CA",Onsite,2025-05-08,,Active,,,167500,1.22
EMP00107,Carlos,Bernard,Male,41.0,Divorced,Master's Degree,People,People Team Lead,Manager,EMP00174,"San Francisco, CA",Hybrid,2026-07-14,,Active,,,143000,0.04
EMP00108,Natalie,Kim,Female,34.0,Single,Master's Degree,Legal,Senior Counsel,Staff,EMP01465,Remote,Remote,2024-06-07,,Active,,,200500,2.14
EMP00109,Adrian,Levi,Male,,Single,Associate's Degree,Engineering,Software Engineer II,Mid-Level,EMP00256,"New York, NY",Hybrid,2025-10-23,,Active,,,97000,0.76
EMP00110,John,Hernandez,Male,31.0,Single,Master's Degree,Marketing,Principal Marketing Specialist,Staff,EMP00129,Remote,Remote,2026-01-12,2026-01-22,Terminated,Voluntary,Compensation,166500,0.03
EMP00111,Amy,Patel,Female,27.0,Married,Bachelor's Degree,Customer Success,Support Associate,Entry-Level,EMP01691,Remote,Remote,2024-06-11,2026-06-15,Terminated,Involuntary,Budget Reduction,66000,2.01
EMP00112,Ashley,Flores,Female,,Married,Associate's Degree,Engineering,Senior Software Engineer,Senior,EMP01322,Remote,Remote,2025-12-22,,Active,,,121500,0.6
EMP00113,Carlos,Baker,Male,30.0,Single,Master's Degree,FINANCE,Senior Financial Analyst,Senior,EMP01102,Remote,Remote,2024-12-22,2025-04-16,Terminated,Voluntary,Relocation,123500,0.31
EMP00114,Wei,Lewis,Male,22.0,Single,High School,engineering,Software Engineer I,Entry-Level,EMP00051,"Austin, TX",Hybrid,2025-09-11,,Active,,,70500,0.88
EMP00115,Lauren,Nelson,Female,40.0,Married,Master's Degree,Customer Success,Strategic CSM,Staff,,Remote,Remote,2025-09-25,2026-07-03,Terminated,Voluntary,Better Opportunity Elsewhere,148000,0.77
EMP00116,Sarah,Perez,Female,47.0,Married,Master's Degree,Engineering,Senior Engineering Manager,Senior Manager,EMP00946,Remote,Remote,2025-06-22,2026-06-01,Terminated,Voluntary,Relocation,196000,0.94
EMP00117,Kimberly,Martinez,Female,33.0,Married,Bachelor's Degree,Design,Product Designer,Mid-Level,EMP00270,Remote,Remote,2023-08-28,,Active,,,103000,2.92
EMP00118,Chioma,Osei,F,35.0,Single,Bachelor's Degree,Customer Success,CS Team Lead,Manager,EMP00524,"Austin, TX",Onsite,2026-03-29,,Active,,,142000,0.33
EMP00119,Alexander,Anderson,M,22.0,Married,Master's Degree,Sales,Sales Development Rep,Entry-Level,EMP00617,"Denver, CO",Hybrid,2024-10-13,,Active,,,79000,1.79
EMP00120,Maria,Levi,Female,26.0,Married,Master's Degree,Design,Senior Product Designer,Senior,EMP01183,"Austin, TX",Onsite,2024-04-18,,Active,,,162000,2.28
EMP00121,Kimberly,Osei,F,34.0,Divorced,Bachelor's Degree,Product,Product Manager,Mid-Level,EMP00452,"San Francisco, CA",Onsite,2023-02-02,2023-05-11,Terminated,Voluntary,Compensation,84500,0.27
EMP00122,Noah,Harris,Male,34.0,Married,Bachelor's Degree,Marketing,Senior Marketing Specialist,Senior,EMP00446,Remote,Remote,2025-08-29,,Active,,,108000,0.91
EMP00123,Amit,Hall,Male,42.0,Single,Bachelor's Degree,Engineering,Senior Engineering Manager,Senior Manager,EMP00218,Remote,Remote,2025-10-21,,Active,,,198000,0.77
EMP00124,Mei,Hall,Female,34.0,Single,Master's Degree,Design,Design Manager,Manager,EMP00127,"Denver, CO",Hybrid,2022-10-15,2025-07-11,Terminated,Voluntary,Personal Reasons,167500,2.74
EMP00125,Ava,Jackson,Female,24.0,Married,Master's Degree,People,Principal People Partner,Staff,EMP00640,Remote,Remote,2025-05-20,,Active,,,177500,1.19
EMP00126,Raj,Walker,Male,21.0,Married,Bachelor's Degree,Marketing,Marketing Specialist,Mid-Level,EMP01216,"Austin, TX",Onsite,2024-06-27,2024-11-06,Terminated,Voluntary,Compensation,95500,0.36
EMP00127,Rebecca,Wilson,Female,38.0,Divorced,Bachelor's Degree,design,Senior Design Manager,Senior Manager,EMP01427,"Austin, TX",Onsite,2025-10-18,,Active,,,162500,0.77
EMP00128,Rachel,Jackson,Female,22.0,Married,High School,Customer Success,Support Associate,Entry-Level,EMP00499,"Denver, CO",Hybrid,2024-03-15,,Active,,,76000,2.37
EMP00129,Andrew,Allen,Male,32.0,Married,Master's Degree,Marketing,Marketing Manager,Manager,EMP00569,"New York, NY",Onsite,2025-11-19,2026-02-28,Terminated,Voluntary,Personal Reasons,159500,0.28
EMP00130,Angela,Sanchez,Female,28.0,Single,High School,People,HR Generalist,Mid-Level,EMP00657,Remote,Remote,2025-01-23,,Active,,,88000,1.51
EMP00131,Chloe,Thompson,Female,29.0,Single,High School,Sales,Sales Development Rep,Entry-Level,EMP01554,"San Francisco, CA",Hybrid,2026-06-24,,Active,,,71500,0.09
EMP00132,Zainab,Santos,Female,26.0,Single,High School,Engineering,Senior Software Engineer,Senior,EMP01508,"New York, NY",Onsite,2024-01-12,2025-09-16,Terminated,Voluntary,Career Growth,159000,1.68
EMP00133,Omar,Martin,Male,21.0,Single,Master's Degree,engineering,Software Engineer II,Mid-Level,EMP00575,"New York, NY",Onsite,2024-11-13,,Active,,,131500,1.7
EMP00134,Thomas,Martinez,M,24.0,Married,Bachelor's Degree,Engineering,Software Engineer II,Mid-Level,EMP01051,"San Francisco, CA",Hybrid,2023-11-22,2024-03-01,Terminated,Voluntary,Compensation,99000,0.27
EMP00135,Samuel,Thompson,Male,22.0,Single,Bachelor's Degree,Sales,Account Executive,Mid-Level,EMP01253,Remote,Remote,2026-06-11,,Active,,,97000,0.13
EMP00136,Aaliyah,Kone,Female,27.0,Single,PhD,Engineering,Software Engineer I,Entry-Level,EMP00299,"New York, NY",Hybrid,2026-04-05,2026-04-05,Terminated,Voluntary,Work-Life Balance,77500,0.0
EMP00137,Priya,Ali,Female,24.0,Single,Bachelor's Degree,Sales,Sales Development Rep,Entry-Level,EMP01433,"New York, NY",Hybrid,2024-07-29,2025-11-17,Terminated,Involuntary,Policy Violation,69000,1.3
EMP00138,Aaliyah,Andersson,Female,32.0,Single,Bachelor's Degree,Product,Associate Product Manager,Entry-Level,EMP01560,Remote,Remote,2025-10-01,,Active,,,74500,0.82
EMP00139,Mei,Dubois,Female,30.0,Single,PhD,Engineering,Software Engineer II,Mid-Level,EMP01476,"San Francisco, CA",Hybrid,2026-03-24,,Active,,,103000,0.34
EMP00140,Jose,Khan,M,32.0,Married,Bachelor's Degree,People,HR Coordinator,Entry-Level,EMP01276,Remote,Remote,2025-07-03,,Active,,,62000,1.07
EMP00141,Morgan,Andersson,Non-binary,23.0,Single,Bachelor's Degree,Sales, Senior Account Executive ,Senior,EMP00926,"Austin, TX",Hybrid,2025-06-22,2025-08-28,Terminated,Voluntary,Better Opportunity Elsewhere,151500,0.18
EMP00142,Andrew,Souza,M,21.0,Married,Bachelor's Degree,Engineering,Software Engineer II,Mid-Level,EMP00244,"Austin, TX",Onsite,2024-06-19,,Active,,,113000,2.11
EMP00143,Layla,Adams,Female,42.0,Married,Master's Degree,Marketing,Director of Marketing,Director,EMP00939,Remote,Remote,2023-08-23,,Active,,,189500,2.93
EMP00144,Amit,Green,Male,36.0,Divorced,Bachelor's Degree,Engineering,Engineering Manager,Manager,EMP00123,Remote,Remote,2026-05-29,,Active,,,183000,0.16
EMP00145,Melissa,Martin,Female,26.0,Single,Master's Degree,Customer Success,Customer Success Manager,Mid-Level,EMP01537,"New York, NY",Hybrid,2026-05-30,2026-06-02,Terminated,Involuntary,Policy Violation,75500,0.01
EMP00146,Victoria,Sharma,Female,33.0,Single,Bachelor's Degree,Customer Success,Strategic CSM,Staff,EMP01643,"Chicago, IL",Onsite,2025-09-07,2025-12-06,Terminated,Voluntary,Career Growth,144500,0.25
EMP00147,Amanda,Rodriguez,Female,30.0,Single,Bachelor's Degree,Product,Group Product Manager,Manager,EMP00212,Remote,Remote,2024-11-12,2025-04-30,Terminated,Voluntary,Better Opportunity Elsewhere,158500,0.46
EMP00148,Matthew,Okafor,Male,46.0,Married,Master's Degree,Marketing,VP of Marketing,VP,EMP01180,"San Francisco, CA",Onsite,2024-11-15,,Active,,,266000,1.7
EMP00149,Joseph,Sharma,Male,33.0,Divorced,Associate's Degree,Sales, Senior Account Executive ,Senior,EMP01083,"Austin, TX",Onsite,2025-12-25,,Active,,,143500,0.59
EMP00150,Emma,Hill,F,21.0,Married,High School,Sales,Sales Development Rep,Entry-Level,EMP00033,"Denver, CO",Hybrid,2026-05-05,,Active,,,65500,0.23
EMP00151,Laura,Scott,Female,28.0,Married,Master's Degree,Engineering,Senior Software Engineer,Senior,EMP01307,"Austin, TX",Hybrid,2026-05-15,,Active,,,171500,0.2
EMP00152,Lucas,Bernard,Male,28.0,Single,Bachelor's Degree,Engineering,Senior Software Engineer,Senior,EMP00957,"Austin, TX",Hybrid,2026-02-08,,Active,,,130000,0.47
EMP00153,Priya,Davis,Female,27.0,Married,Bachelor's Degree,Finance,Senior Financial Analyst,Senior,EMP00045,Remote,Remote,2025-09-10,,Active,,,123000,0.88
EMP00154,Femi,Rivera,Male,22.0,Single,Bachelor's Degree,Design,Product Designer,Mid-Level,EMP00058,"Austin, TX",Hybrid,2023-07-26,2024-01-17,Terminated,Voluntary,Career Growth,113500,0.48
EMP00155,Sarah,Abara,Female,35.0,Married,Bachelor's Degree,Sales,Sales Manager,Manager,EMP00813,Remote,Remote,2024-02-16,2024-03-06,Terminated,Voluntary,Personal Reasons,151000,0.05
EMP00156,Lucia,Martinez,Female,42.0,Married,Bachelor's Degree,Sales,Director of Sales,Director,EMP00448,"New York, NY",Hybrid,2026-05-08,,Active,,,189500,0.22
EMP00157,Lucia,Flores,F,21.0,Single,Bachelor's Degree,Sales,Sales Development Rep,Entry-Level,EMP01587,"Denver, CO",Hybrid,2025-08-01,,Active,,,61000,0.99
EMP00158,Leilani,Ali,Female,21.0,Single,High School,ENGINEERING,Software Engineer I,Entry-Level,EMP01124,"Chicago, IL",Onsite,2022-09-12,2024-05-21,Terminated,Voluntary,Personal Reasons,83500,1.69
EMP00159,Divya,Khan,Female,,Married,Bachelor's Degree,Product,Associate Product Manager,Entry-Level,EMP00693,"New York, NY",Onsite,2023-10-05,,Active,,,67500,2.81
EMP00160,Ahmed,Jones,Male,32.0,Single,PhD,Customer Success,CS Team Lead,Manager,EMP00524,"Austin, TX",Hybrid,2025-10-03,,Active,,,128000,0.82
EMP00161,Thomas,Davis,Male,28.0,Single,Associate's Degree,Engineering,Senior Software Engineer,Senior,EMP00363,"Austin, TX",Hybrid,2022-09-01,2024-08-17,Terminated,Voluntary,Compensation,147000,1.96
EMP00162,Kwame,Mitchell,Male,28.0,Single,Master's Degree,Engineering,Senior Software Engineer,Senior,EMP01322,Remote,Remote,2024-02-04,2026-03-25,Terminated,Voluntary,Better Opportunity Elsewhere,153000,2.14
EMP00163,James,Torres,Male,32.0,Single,Bachelor's Degree,Engineering,Software Engineer II,Mid-Level,EMP01130,"San Francisco, CA",Hybrid,2025-06-08,,Active,,,108500,1.14
EMP00164,Isabella,Martinez,Female,26.0,Married,Bachelor's Degree,Design,Senior Product Designer,Senior,EMP01747,"Austin, TX",Hybrid,2025-11-03,,Active,,,133500,0.73
EMP00165,Benjamin,Lopez,Male,35.0,Married,Master's Degree,People,HR Generalist,Mid-Level,EMP01162,Remote,Remote,2025-10-10,,Active,,,84000,0.8
EMP00166,Matthew,Costa,Male,30.0,Married,Associate's Degree,Engineering,Software Engineer II,Mid-Level,EMP00050,Remote,Remote,2024-06-02,,Active,,,122000,2.15
EMP00167,Lucas,Silva,M,41.0,Single,Bachelor's Degree,Engineering,Staff Engineer,Staff,EMP00982,"San Francisco, CA",Hybrid,2025-12-11,,Active,,,214000,0.63
EMP00168,Omar,Abara,Male,,Married,Master's Degree,Engineering,VP of Engineering,VP,EMP01037,"Austin, TX",Hybrid,2024-06-25,,Active,,,255500,2.09
EMP00169,Nathan,Roberts,Male,40.0,Married,Associate's Degree,CUSTOMER SUCCESS,Director of Customer Success,Director,EMP01301,"Chicago, IL",Hybrid,2024-10-10,,Active,,,214000,1.8
EMP00170,Lauren,Ali,Female,37.0,Single,Master's Degree,Sales,Director of Sales,Director,EMP01149,Remote,Remote,2026-01-21,,Active,,,224000,0.51
EMP00171,Natalie,Dubois,Female,25.0,Single,Bachelor's Degree,Design,Product Designer,Mid-Level,EMP00164,"Austin, TX",Hybrid,2025-10-14,2026-05-15,Terminated,Voluntary,Relocation,91500,0.58
EMP00172,Ava,Muller,Female,33.0,Divorced,High School,Customer Success,Customer Success Manager,Mid-Level,EMP00230,"Austin, TX",Hybrid,2026-04-07,,Active,,,77000,0.31
EMP00173,Ana,Garcia,Female,29.0,Single,Bachelor's Degree,Sales,Senior Account Executive,Senior,EMP00609,Remote,Remote,2025-10-27,,Active,,,124500,0.75
EMP00174,Matthew,Khan,Male,41.0,Single,Bachelor's Degree,People,Senior People Manager,Senior Manager,EMP01150,Remote,Remote,2025-07-27,,Active,,,196000,1.0
EMP00175,Megan,Nilsson,Female,25.0,Single,Bachelor's Degree,Marketing,Marketing Coordinator,Entry-Level,EMP00519,Remote,Remote,2023-09-02,,Active,,,63500,2.9
EMP00176,Hiroshi,Harris,Male,28.0,Single,Bachelor's Degree,Engineering,Software Engineer II,Mid-Level,EMP00273,"San Francisco, CA",Hybrid,2024-12-09,,Active,,,124000,1.63
EMP00177,Ryan,Adams,Male,25.0,Single,Master's Degree,Engineering,Software Engineer I,Entry-Level,EMP01215,"New York, NY",Hybrid,2024-08-16,,Active,,,95000,1.95
EMP00178,Divya,Santos,Female,32.0,Single,Bachelor's Degree,Engineering,Senior Software Engineer,Senior,EMP00957,"Denver, CO",Hybrid,2024-07-13,2025-08-14,Terminated,Voluntary,Personal Reasons,137500,1.09
EMP00179,James,Okafor,Male,23.0,Married,Bachelor's Degree,Product,Product Manager,Mid-Level,EMP01567,"Austin, TX",Hybrid,2026-07-09,,Active,,,108500,0.05
EMP00180,Grace,Abara,Female,40.0,Single,Bachelor's Degree,Executive,Business Operations Director,Director,EMP01286,"San Francisco, CA",Onsite,2025-01-20,,Active,,,307500,1.52
EMP00181,Benjamin,Martin,Male,25.0,Married,Master's Degree,Design,Junior Product Designer,Entry-Level,EMP00669,"San Francisco, CA",Hybrid,2026-05-04,,Active,,,79000,0.23
EMP00182,Rachel,Davis,Female,28.0,Single,Master's Degree,Engineering,Software Engineer II,Mid-Level,EMP00396,"New York, NY",Hybrid,2025-09-22,,Active,,,105500,0.85
EMP00183,Mohammed,Khan,Male,33.0,Divorced,Bachelor's Degree,Customer Success,CS Team Lead,Manager,EMP00524,"New York, NY",Hybrid,2026-02-10,,Active,,,147000,0.46
EMP00184,Nathan,Wilson,Male,29.0,Divorced,Master's Degree,Sales,Account Executive,Mid-Level,EMP00173,Remote,Remote,2025-05-26,2026-02-02,Terminated,Voluntary,Career Growth,92500,0.69
EMP00185,Michelle,Baker,Female,26.0,Married,Bachelor's Degree,Engineering,Senior Software Engineer,Senior,EMP01511,Remote,Remote,2025-07-26,,Active,,,156500,1.0
EMP00186,Mohammed,Hernandez,Male,24.0,Divorced,High School,Product,Senior Product Manager,Senior,EMP01169,Remote,Remote,2025-05-22,,Active,,,162000,1.18
EMP00187,Christopher,Abara,Male,37.0,Married,Master's Degree,Design,Design Manager,Manager,EMP01446,Remote,Remote,2024-04-12,,Active,,,160500,2.29
EMP00188,Liam,Thompson,Male,21.0,Divorced,Bachelor's Degree,Customer Success,Support Associate,Entry-Level,EMP00467,"San Francisco, CA",Onsite,2025-12-17,,Active,,,61500,0.61
EMP00189,Hannah,Garcia,Female,45.0,Single,Bachelor's Degree,Engineering,VP of Engineering,VP,EMP01037,"San Francisco, CA",Onsite,2024-08-14,2024-10-13,Terminated,Involuntary,Role Elimination / Restructuring,319000,0.16
EMP00190,Emma,Young,F,21.0,Single,Bachelor's Degree,Engineering,Senior Software Engineer,Senior,EMP01365,"New York, NY",Hybrid,2022-11-14,2024-08-06,Terminated,Voluntary,Relocation,133000,1.73
EMP00191,Mohammed,Sharma,Male,43.0,Married,Bachelor's Degree,Sales,Chief Revenue Officer,C-Suite,EMP01180,"Austin, TX",Hybrid,2025-10-25,,Active,,,389000,0.76
EMP00192,Leilani,Sharma,Female,37.0,Single,Bachelor's Degree,Engineering,Senior Engineering Manager,Senior Manager,EMP00218,Remote,Remote,2024-03-02,2024-09-21,Terminated,Voluntary,Personal Reasons,226000,0.56
EMP00193,Emily,Levi,Female,21.0,Married,Master's Degree,Sales,Account Executive,Mid-Level,EMP01378,"Austin, TX",Hybrid,2026-06-21,,Active,,,97500,0.1
EMP00194,Rebecca,Cohen,Female,22.0,Divorced,Bachelor's Degree,Sales,Sales Development Rep,Entry-Level,EMP00199,"San Francisco, CA",Hybrid,2026-06-25,,Active,,,58500,0.09
EMP00195,Carmen,Costa,F,32.0,Single,Associate's Degree,Product,Product Manager,Mid-Level,EMP00820,"Denver, CO",Hybrid,2026-05-20,,Active,,,95000,0.19
EMP00196,Nathan,Lee,Male,24.0,Married,Bachelor's Degree,Finance,Senior Financial Analyst,Senior,EMP01135,"New York, NY",Onsite,2024-12-11,,Active,,,117000,1.63
EMP00197,Laura,Campbell,Female,22.0,Single,Bachelor's Degree,Sales,Sales Development Rep,Entry-Level,EMP00804,"Chicago, IL",Hybrid,2022-10-16,2023-08-21,Terminated,Involuntary,Performance,59000,0.85
EMP00198,Omar,Mitchell,Male,32.0,Single,Bachelor's Degree,ENGINEERING,Software Engineer I,Entry-Level,,"New York, NY",Onsite,2026-06-19,,Active,,,71000,0.11
EMP00199,Adrian,Torres,Male,22.0,Married,Bachelor's Degree,Sales,Account Executive,Mid-Level,EMP00293,"San Francisco, CA",Hybrid,2025-02-23,,Active,,,93000,1.42
EMP00200,Avery,Roberts,Non-binary,30.0,Single,Master's Degree,Customer Success,Support Associate,Entry-Level,EMP00055,"San Francisco, CA",Onsite,2026-07-06,,Active,,,60500,0.06
EMP00201,Jennifer,Chen,Female,23.0,Married,High School,Customer Success,Support Associate,Entry-Level,EMP00548,Remote,Remote,2026-07-24,,Active,,,51500,0.01
EMP00202,Femi,Baker,Male,27.0,Married,Bachelor's Degree,Engineering,Software Engineer II,Mid-Level,EMP00256,"San Francisco, CA",Hybrid,2026-04-19,,Active,,,125500,0.27
EMP00203,Carlos,Silva,Male,30.0,Single,Master's Degree,Legal,Legal Coordinator,Entry-Level,EMP01269,"San Francisco, CA",Hybrid,2024-09-05,,Active,,,85500,1.89
EMP00204,Aisha,Miller,Female,25.0,Married,High School,Sales,Account Executive,Mid-Level,EMP00252,"New York, NY",Hybrid,2025-01-26,2026-06-18,Terminated,Voluntary,Personal Reasons,107500,1.39
EMP00205,Michael,Nelson,Male,30.0,Married,Master's Degree,Engineering,Software Engineer II,Mid-Level,EMP00883,"Austin, TX",Onsite,2026-04-04,,Active,,,104500,0.31
EMP00206,Matthew,Rodriguez,Male,31.0,Single,Master's Degree,Engineering,Software Engineer II,Mid-Level,EMP01623,"New York, NY",Hybrid,2024-10-15,2026-05-25,Terminated,Involuntary,Performance,136000,1.61
EMP00207,Jose,Nelson,Male,32.0,Single,Bachelor's Degree,Engineering,Engineering Manager,Manager,EMP00192,"Chicago, IL",Hybrid,2024-03-29,,Active,,,159000,2.33
EMP00208,Mark,Gonzalez,Male,26.0,Divorced,Bachelor's Degree,Marketing,Senior Marketing Specialist,Senior,EMP00250,Remote,Remote,2025-07-04,2025-09-25,Terminated,Voluntary,Better Opportunity Elsewhere,127000,0.23
EMP00209,Angela,Schmidt,F,26.0,Married,High School,Engineering,Software Engineer II,Mid-Level,EMP01476,"Chicago, IL",Onsite,2026-06-20,,Active,,,94000,0.1
EMP00210,John,Roberts,Male,26.0,Single,Master's Degree,Engineering,Software Engineer II,Mid-Level,EMP00711,"Austin, TX",Hybrid,2025-11-10,,Active,,,108000,0.71
EMP00211,Angela,Torres,Female,30.0,Single,Bachelor's Degree,Marketing,Marketing Manager,Manager,EMP00569,"New York, NY",Hybrid,2025-07-24,2025-08-01,Terminated,Voluntary,Compensation,163000,0.02
EMP00212,Kofi,Allen,Male,35.0,Married,Bachelor's Degree,PRODUCT,Senior Group PM,Senior Manager,EMP00753,"Austin, TX",Hybrid,2023-09-22,,Active,,,190000,2.85
EMP00213,Melissa,Santos,F,21.0,Married,Bachelor's Degree,Engineering,Engineering Manager,Manager,EMP01599,"Austin, TX",Hybrid,2025-08-03,,Active,,,163500,0.98
EMP00214,Jordan,Martin,Non-binary,28.0,Single,Bachelor's Degree,Engineering,Senior Software Engineer,Senior,EMP00957,"New York, NY",Onsite,2026-07-26,,Active,,,157500,0.01
EMP00215,Grace,Nelson,Female,28.0,Married,Bachelor's Degree,Engineering,Software Engineer I,Entry-Level,EMP00267,"San Francisco, CA",Hybrid,2024-01-05,2024-01-22,Terminated,Voluntary,Relocation,72500,0.05
EMP00216,Aisha,Hernandez,Female,21.0,Married,Master's Degree,Engineering,Software Engineer II,Mid-Level,EMP01171,"Chicago, IL",Onsite,2025-06-06,2025-07-22,Terminated,Involuntary,Performance,104000,0.13
EMP00217,Sarah,Dubois,Female,22.0,Married,Bachelor's Degree,Customer Success,Support Associate,Entry-Level,EMP01297,"Chicago, IL",Hybrid,2026-04-21,,Active,,,68000,0.27
EMP00218,Nathan,Jackson,Male,52.0,Single,PhD,Engineering,Director of Engineering,Director,EMP01146,Remote,Remote,2025-12-22,2026-01-09,Terminated,Voluntary,Compensation,261500,0.05
EMP00219,Ngozi,Hall,Female,29.0,Married,Master's Degree,Engineering,Senior Software Engineer,Senior,EMP00638,Remote,Remote,2025-11-08,,Active,,,161000,0.72
EMP00220,Natalie,Flores,Female,39.0,Single,Bachelor's Degree,Customer Success,Strategic CSM,Staff,EMP00562,"Austin, TX",Hybrid,2025-11-07,2025-12-02,Terminated,Voluntary,Return to School,149500,0.07
EMP00221,Andrew,Patel,Male,22.0,Divorced,Bachelor's Degree,Customer Success,Customer Success Manager,Mid-Level,EMP01659,"San Francisco, CA",Hybrid,2024-12-21,,Active,,,76000,1.6
EMP00222,Andrew,Taylor,Male,37.0,Married,Bachelor's Degree,Design,Design Manager,Manager,EMP01446,"San Francisco, CA",Hybrid,2024-09-10,,Active,,,184500,1.88
EMP00223,Sophia,Silva,Female,21.0,Married,Bachelor's Degree,Sales,Account Executive,Mid-Level,EMP01224,"New York, NY",Hybrid,2026-03-06,,Active,,,114500,0.39
EMP00224,Fatima,Hernandez,Female,26.0,Married,Bachelor's Degree,engineering,Software Engineer I,Entry-Level,EMP00673,"Austin, TX",Hybrid,2026-03-14,,Active,,,71000,0.37
EMP00225,Kwame,Flores,Male,31.0,Single,Associate's Degree,Sales, Account Executive ,Mid-Level,EMP01471,"Austin, TX",Hybrid,2026-04-04,,Active,,,95500,0.31
EMP00226,Ryan,Schmidt,Male,32.0,Divorced,Bachelor's Degree,Sales,Senior Account Executive,Senior,EMP00534,"New York, NY",Onsite,2026-05-28,2026-05-30,Terminated,Voluntary,Compensation,137000,0.01
EMP00227,Rachel,Carter,Female,25.0,Single,Bachelor's Degree,Design,Product Designer,Mid-Level,EMP00378,"Chicago, IL",Onsite,2025-05-25,2025-12-05,Terminated,Voluntary,Return to School,85000,0.53
EMP00228,Amara,Nelson,Female,36.0,Married,Master's Degree,People,People Team Lead,Manager,EMP00174,"Chicago, IL",Hybrid,2025-05-13,,Active,,,132500,1.21
EMP00229,Leilani,Taylor,Female,25.0,Single,Bachelor's Degree,Engineering,Software Engineer I,Entry-Level,EMP01349,"New York, NY",Hybrid,2026-02-20,,Active,,,76000,0.43
EMP00230,Priya,Levi,Female,33.0,Single,Master's Degree,Customer Success,Senior CSM,Senior,EMP00585,"New York, NY",Hybrid,2025-10-17,,Active,,,124500,0.78
EMP00231,Kimberly,Lopez,Female,26.0,Married,Bachelor's Degree,Engineering,Software Engineer II,Mid-Level,EMP00374,"New York, NY",Onsite,2025-11-23,,Active,,,86500,0.68
EMP00232,Ngozi,Singh,Female,,Married,High School,Customer Success,Customer Success Manager,Mid-Level,EMP01593,"Chicago, IL",Onsite,2026-02-07,,Active,,,80000,0.47
EMP00233,Victoria,Osei,Female,42.0,Married,Bachelor's Degree,Sales,Sales Manager,Manager,EMP00697,"Austin, TX",Hybrid,2026-05-04,,Active,,,131500,0.23
EMP00234,Grace,Campbell,Female,31.0,Married,Master's Degree,marketing,Principal Marketing Specialist,Staff,EMP00062,"Chicago, IL",Hybrid,2024-11-29,2025-08-02,Terminated,Voluntary,Personal Reasons,160500,0.67
EMP00235,Mia,Williams,Female,30.0,Single,Bachelor's Degree,Engineering,Senior Software Engineer,Senior,EMP00584,"Denver, CO",Hybrid,2024-12-14,,Active,,,151000,1.62
EMP00236,Brian,Campbell,Male,31.0,Divorced,Associate's Degree,Sales,Sales Manager,Manager,EMP01619,"Austin, TX",Hybrid,2023-09-03,2025-11-30,Terminated,Voluntary,Relocation,155500,2.24
EMP00237,Alexander,Flores,M,31.0,Single,High School,Sales,Senior Account Executive,Senior,EMP00609,"Austin, TX",Onsite,2025-07-24,2025-10-04,Terminated,Voluntary,Better Opportunity Elsewhere,116500,0.2
EMP00238,Hannah,White,Female,28.0,Married,Bachelor's Degree,Customer Success,Customer Success Manager,Mid-Level,EMP00337,"Austin, TX",Hybrid,2023-01-05,2023-01-21,Terminated,Voluntary,Better Opportunity Elsewhere,81000,0.04
EMP00239,Wei,Ramirez,Male,30.0,Married,Bachelor's Degree,Sales,Senior Account Executive,Senior,EMP01193,"New York, NY",Onsite,2025-04-16,,Active,,,131000,1.28
EMP00240,Ethan,Baker,Male,27.0,Single,Bachelor's Degree,Sales,Account Executive,Mid-Level,EMP01633,Remote,Remote,2025-06-26,,Active,,,80500,1.09
EMP00241,Noah,Diallo,Male,35.0,Single,Bachelor's Degree,Design,Product Designer,Mid-Level,EMP00599,"San Francisco, CA",Hybrid,2024-09-23,,Active,,,98000,1.84
EMP00242,Carmen,Harris,Female,21.0,Single,Bachelor's Degree,Engineering,Software Engineer I,Entry-Level,EMP01741,"San Francisco, CA",Hybrid,2025-08-20,,Active,,,69000,0.94
EMP00243,Kenji,Lewis,Male,30.0,Single,Master's Degree,Sales,Sales Manager,Manager,EMP00637,Remote,Remote,2022-12-04,,Active,,,174000,3.65
EMP00244,Ahmed,Moore,Male,28.0,Single,Bachelor's Degree,Engineering,Senior Software Engineer,Senior,EMP00330,"San Francisco, CA",Onsite,2023-01-24,2024-09-19,Terminated,Voluntary,Personal Reasons,167000,1.65
EMP00245,Kenji,Martin,Male,33.0,Single,Bachelor's Degree,Finance,Financial Analyst II,Mid-Level,EMP00894,"Austin, TX",Hybrid,2026-03-30,,Active,,,95000,0.33
EMP00246,Elizabeth,Martinez,Female,35.0,Single,Bachelor's Degree,Customer Success,Strategic CSM,Staff,EMP01561,"San Francisco, CA",Hybrid,2024-12-24,2025-10-17,Terminated,Involuntary,Policy Violation,151500,0.81
EMP00247,William,Nguyen,M,40.0,Married,Master's Degree,Finance,Director of Finance,Director,EMP01662,Remote,Remote,2023-12-02,,Active,,,184500,2.65
EMP00248,Justin,Gonzalez,Male,30.0,Married,Bachelor's Degree,Engineering,Software Engineer I,Entry-Level,EMP01606,"Denver, CO",Hybrid,2025-06-18,2025-06-30,Terminated,Voluntary,Work-Life Balance,79000,0.03
EMP00249,Robert,Abara,Male,26.0,Single,Bachelor's Degree,People,HR Generalist,Mid-Level,,"New York, NY",Hybrid,2026-01-19,,Active,,,75500,0.52
EMP00250,Ana,Ferrari,Female,35.0,Single,Bachelor's Degree,Marketing,Principal Marketing Specialist,Staff,EMP01172,Remote,Remote,2024-05-28,2026-02-28,Terminated,Voluntary,Better Opportunity Elsewhere,146000,1.75
EMP00251,Michael,Levi,Male,24.0,Single,Master's Degree,Customer Success,Customer Success Manager,Mid-Level,EMP01107,Remote,Remote,2025-09-28,,Active,,,77000,0.83
EMP00252,Chidi,Jones,Male,25.0,Married,Master's Degree,Sales,Senior Account Executive,Senior,EMP00926,"Austin, TX",Hybrid,2023-07-19,2024-06-20,Terminated,Voluntary,Work-Life Balance,136000,0.92
EMP00253,Kwame,Baker,Male,32.0,Married,Bachelor's Degree,Product,Associate Product Manager,Entry-Level,EMP01560,Remote,Remote,2023-03-17,2025-11-21,Terminated,Involuntary,Budget Reduction,90500,2.68
EMP00254,Amy,Souza,F,28.0,Married,Bachelor's Degree,marketing,Marketing Specialist,Mid-Level,EMP01003,"Austin, TX",Hybrid,2025-06-14,,Active,,,105000,1.12
EMP00255,Aaliyah,Taylor,Female,33.0,Married,Master's Degree,Sales,Senior Account Executive,Senior,EMP00561,"Chicago, IL",Hybrid,2025-06-19,,Active,,,114000,1.11
EMP00256,Morgan,Silva,Non-binary,25.0,Married,Associate's Degree,Engineering,Senior Software Engineer,Senior,EMP01511,"San Francisco, CA",Hybrid,2025-09-22,,Active,,,162500,0.85
EMP00257,Jennifer,Carter,Female,37.0,Married,Master's Degree,Product,Group Product Manager,Manager,EMP00212,"Chicago, IL",Hybrid,2025-12-24,,Active,,,155500,0.59
EMP00258,Robert,Martin,Male,43.0,Single,Associate's Degree,Finance,Finance Manager,Manager,EMP01710,"San Francisco, CA",Onsite,2026-07-13,,Active,,,124000,0.04
EMP00259,Charlotte,Lee,Female,31.0,Married,Master's Degree,Marketing,Principal Marketing Specialist,Staff,EMP01628,Remote,Remote,2025-05-12,,Active,,,154500,1.21
EMP00260,Liam,White,Male,24.0,Divorced,Master's Degree,Legal,Corporate Counsel,Senior,EMP01067,"San Francisco, CA",Hybrid,2024-10-30,,Active,,,113500,1.74
EMP00261,Amanda,Souza,Female,25.0,Married,Bachelor's Degree,Sales, Sales Development Rep ,Entry-Level,EMP01121,"Denver, CO",Hybrid,2026-02-26,2026-05-14,Terminated,Voluntary,Personal Reasons,68500,0.21
EMP00262,Justin,Perez,Male,25.0,Married,Bachelor's Degree,Engineering,Senior Software Engineer,Senior,EMP00584,"San Francisco, CA",Hybrid,2024-08-06,2024-09-04,Terminated,Voluntary,Compensation,125000,0.08
EMP00263,Robert,Sharma,Male,21.0,Single,Bachelor's Degree,Engineering,Software Engineer I,Entry-Level,EMP00375,Remote,Remote,2025-03-21,,Active,,,85000,1.35
EMP00264,Ashley,Garcia,Female,32.0,Divorced,Master's Degree,Engineering,Engineering Manager,Manager,EMP01201,Remote,Remote,2023-07-04,,Active,,,208500,3.07
EMP00265,Luis,Chen,Male,25.0,Single,PhD,ENGINEERING,Senior Software Engineer,Senior,EMP00638,"San Francisco, CA",Onsite,2022-12-19,,Active,,,132000,3.61
EMP00266,Sarah,Campbell,Female,25.0,Single,Bachelor's Degree,Design,Senior Product Designer,Senior,EMP00521,Remote,Remote,2026-07-16,,Active,,,143000,0.03
EMP00267,Mohammed,Walker,Male,33.0,Single,Bachelor's Degree,Engineering,Software Engineer II,Mid-Level,EMP00331,"San Francisco, CA",Onsite,2026-03-13,,Active,,,108500,0.38
EMP00268,William,Sharma,Male,,Divorced,Bachelor's Degree,Design,Staff Designer,Staff,EMP00222,"Chicago, IL",Hybrid,2025-11-04,,Active,,,147000,0.73
EMP00269,Lauren,Costa,Female,38.0,Married,Bachelor's Degree,Finance,Finance Manager,Manager,EMP01386,Remote,Remote,2025-02-23,,Active,,,160500,1.42
EMP00270,Sophia,Torres,Female,29.0,Divorced,Bachelor's Degree,Design,Senior Product Designer,Senior,EMP00268,"Austin, TX",Hybrid,2024-03-17,,Active,,,106000,2.36
EMP00271,Aisha,Khan,Female,35.0,Married,Bachelor's Degree,People,People Team Lead,Manager,,Remote,Remote,2024-02-23,,Active,,,164000,2.43
EMP00272,Jason,Robinson,Male,23.0,Married,PhD,Sales,Account Executive,Mid-Level,EMP00252,"San Francisco, CA",Hybrid,2024-07-01,,Active,,,98000,2.07
EMP00273,Omar,Rossi,Male,37.0,Divorced,High School,Engineering,Senior Software Engineer,Senior,,"Austin, TX",Hybrid,2025-06-18,,Active,,,159000,1.11
EMP00274,Stephanie,Walker,Female,35.0,Divorced,High School,Product,Group Product Manager,Manager,EMP00706,Remote,Remote,2025-12-20,,Active,,,146000,0.6
EMP00275,Grace,Flores,Female,25.0,Married,Bachelor's Degree,Engineering,Software Engineer II,Mid-Level,EMP01564,"Chicago, IL",Onsite,2025-10-17,,Active,,,97000,0.78
EMP00276,Kofi,Okafor,Male,45.0,Single,Bachelor's Degree,Product,Director of Product,Director,EMP00377,"Austin, TX",Hybrid,2024-08-27,2024-11-05,Terminated,Voluntary,Relocation,237000,0.19
EMP00277,Chioma,Harris,Female,24.0,Married,Master's Degree,Customer Success,Support Associate,Entry-Level,EMP01451,"Austin, TX",Onsite,2026-06-28,,Active,,,62000,0.08
EMP00278,Fatima,Mitchell,Female,28.0,Divorced,Bachelor's Degree,Engineering,Software Engineer I,Entry-Level,EMP00886,"Chicago, IL",Hybrid,2025-12-27,,Active,,,61500,0.58
EMP00279,Angela,Nilsson,Female,36.0,Divorced,Bachelor's Degree,Engineering,Senior Engineering Manager,Senior Manager,,"Austin, TX",Onsite,2025-07-15,,Active,,,185000,1.03
EMP00280,Fatima,Sharma,Female,29.0,Married,Bachelor's Degree,Product,Associate Product Manager,Entry-Level,EMP00289,Remote,Remote,2025-08-11,,Active,,,70000,0.96
EMP00281,Yuki,Ali,Female,51.0,Divorced,Bachelor's Degree,Legal,General Counsel,C-Suite,EMP01180,Remote,Remote,2025-02-25,2026-01-05,Terminated,Voluntary,Better Opportunity Elsewhere,363500,0.86
EMP00282,Brian,Torres,Male,47.0,Divorced,Bachelor's Degree,Customer Success,Director of Customer Success,Director,EMP00687,"San Francisco, CA",Hybrid,2024-07-28,2025-03-20,Terminated,Voluntary,Compensation,168000,0.64
EMP00283,Christopher,Carter,Male,21.0,Married,Bachelor's Degree,Customer Success,Support Associate,Entry-Level,EMP00915,"San Francisco, CA",Hybrid,2024-11-22,2025-02-02,Terminated,Voluntary,Relocation,62500,0.2
EMP00284,Nicole,Abara,Female,29.0,Married,Bachelor's Degree,Engineering,Senior Software Engineer,Senior,EMP01511,"New York, NY",Onsite,2026-01-13,,Active,,,166000,0.54
EMP00285,Ethan,Levi,Male,33.0,Single,Bachelor's Degree,Customer Success,Support Associate,Entry-Level,EMP01338,"San Francisco, CA",Hybrid,2022-10-01,2022-11-15,Terminated,Voluntary,Better Opportunity Elsewhere,62000,0.12
EMP00286,Hiroshi,Wang,Male,,Married,High School,Customer Success,Customer Success Manager,Mid-Level,EMP00652,Remote,Remote,2023-11-17,,Active,,,87000,2.69
EMP00287,Miguel,Lee,Male,28.0,Married,High School,Sales,Sales Development Rep,Entry-Level,EMP01488,Remote,Remote,2023-02-06,2024-06-22,Terminated,Involuntary,Performance,72000,1.37
EMP00288,Hiroshi,Sanchez,Male,51.0,Married,Bachelor's Degree,Executive,Business Operations Director,Director,EMP01286,"Denver, CO",Hybrid,2023-02-04,,Active,,,384000,3.48
EMP00289,Yuki,Santos,F,21.0,Married,Master's Degree,PRODUCT,Product Manager,Mid-Level,EMP01270,"New York, NY",Hybrid,2026-04-20,,Active,,,85000,0.27
EMP00290,Divya,Moore,Female,26.0,Single,PhD,Finance,Financial Analyst II,Mid-Level,EMP00997,"San Francisco, CA",Hybrid,2025-11-16,,Active,,,84500,0.7
EMP00291,Benjamin,Allen,Male,44.0,Single,Bachelor's Degree,People,VP of People,VP,EMP01180,"Chicago, IL",Onsite,2025-04-15,,Active,,,266000,1.28
EMP00292,John,Miller,Male,27.0,Married,Bachelor's Degree,Engineering,Engineering Manager,Manager,EMP00077,"Chicago, IL",Hybrid,2023-09-27,,Active,,,190500,2.83
EMP00293,Isabella,Mensah,Female,28.0,Married,High School,Sales,Senior Account Executive,Senior,EMP01713,"Chicago, IL",Onsite,2025-05-15,2025-08-24,Terminated,Voluntary,Better Opportunity Elsewhere,109000,0.28
EMP00294,Ava,Mitchell,F,25.0,Single,Bachelor's Degree,LEGAL,Corporate Counsel,Senior,EMP01067,"Austin, TX",Onsite,2025-04-06,2025-09-24,Terminated,Voluntary,Career Growth,151500,0.47
EMP00295,Ava,Muller,Female,39.0,Single,Bachelor's Degree,Engineering,Engineering Manager,Manager,EMP01344,Remote,Remote,2024-03-15,,Active,,,163000,2.37
EMP00296,Nicole,Wilson,Female,21.0,Married,Master's Degree,Sales,Account Executive,Mid-Level,EMP01363,"San Francisco, CA",Hybrid,2025-02-14,2025-03-04,Terminated,Voluntary,Career Growth,91000,0.05
EMP00297,John,Cohen,Male,38.0,Single,Master's Degree,Legal,Corporate Counsel,Senior,EMP00108,Remote,Remote,2025-01-28,,Active,,,171000,1.49
EMP00298,Wei,Thomas,Male,,Single,Bachelor's Degree,Sales, VP of Sales ,VP,EMP00191,Remote,Remote,2025-09-11,,Active,,,376000,0.88
EMP00299,Grace,Torres,Female,22.0,Single,Bachelor's Degree,Engineering,Software Engineer II,Mid-Level,EMP00235,"Chicago, IL",Onsite,2025-09-07,,Active,,,96000,0.89
EMP00300,Ana,Hernandez,Female,34.0,Married,PhD,Sales,Senior Account Executive,Senior,EMP00647,"New York, NY",Hybrid,2023-02-09,2023-06-09,Terminated,Voluntary,Career Growth,113500,0.33
EMP00301,Nicole,Lee,Female,38.0,Married,Bachelor's Degree,Engineering,Engineering Manager,Manager,EMP01409,"Denver, CO",Onsite,2024-12-26,,Active,,,174500,1.59
EMP00302,William,Wright,Male,,Single,Bachelor's Degree,Sales,Senior Sales Manager,Senior Manager,EMP01718,"Austin, TX",Hybrid,2025-09-16,,Active,,,175000,0.86
EMP00303,Emily,Khan,Female,,Married,Associate's Degree,Engineering,Senior Software Engineer,Senior,EMP00454,Remote,Remote,2025-05-05,,Active,,,150500,1.23
EMP00304,Emily,Osei,Female,,Single,Master's Degree,Sales,Account Executive,Mid-Level,EMP00300,"Austin, TX",Hybrid,2026-04-25,,Active,,,96000,0.26
EMP00305,Omar,Jackson,Male,,Single,Master's Degree,Sales,Account Executive,Mid-Level,EMP01716,"New York, NY",Hybrid,2025-10-20,2025-12-15,Terminated,Voluntary,Compensation,77000,0.15
EMP00306,Kenji,Kumar,Male,21.0,Single,Bachelor's Degree,Customer Success,Support Associate,Entry-Level,EMP00388,"Austin, TX",Hybrid,2024-02-10,2024-11-15,Terminated,Voluntary,Relocation,61500,0.76
EMP00307,Andrew,Lopez,Male,26.0,Single,Bachelor's Degree,Sales,Enterprise Account Executive,Staff,EMP00986,Remote,Remote,2023-05-18,2024-08-30,Terminated,Voluntary,Work-Life Balance,197000,1.29
EMP00308,Hiroshi,Lewis,Male,21.0,Single,Bachelor's Degree,Sales,Sales Development Rep,Entry-Level,EMP01547,"Denver, CO",Hybrid,2025-09-03,2025-09-06,Terminated,Voluntary,Work-Life Balance,58500,0.01
EMP00309,Kevin,Khan,Male,33.0,Single,Bachelor's Degree,Customer Success,CS Team Lead,Manager,EMP01340,"Chicago, IL",Hybrid,2022-12-13,2022-12-16,Terminated,Voluntary,Work-Life Balance,120000,0.01
EMP00310,Charles,Hall,Male,29.0,Married,Bachelor's Degree,Engineering,Software Engineer I,Entry-Level,EMP01066,"Chicago, IL",Hybrid,2025-07-11,,Active,,,97000,1.05
EMP00311,Divya,Brown,Female,28.0,Married,Master's Degree,Sales,Sales Development Rep,Entry-Level,EMP01554,Remote,Remote,2026-06-17,,Active,,,64500,0.11
EMP00312,William,Wang,Male,25.0,Married,Master's Degree,Engineering,Software Engineer II,Mid-Level,EMP00738,"Austin, TX",Onsite,2025-07-30,,Active,,,103500,0.99
EMP00313,Robert,Miller,Male,28.0,Married,Bachelor's Degree,Finance,Senior Financial Analyst,Senior,EMP00930,"Chicago, IL",Onsite,2025-01-30,2025-11-25,Terminated,Voluntary,Work-Life Balance,105500,0.82
EMP00314,Anjali,Patel,Female,28.0,Single,Bachelor's Degree,Engineering,Software Engineer I,Entry-Level,EMP01129,"Denver, CO",Hybrid,2025-09-22,,Active,,,87500,0.85
EMP00315,Zainab,Abara,Female,28.0,Divorced,High School,Design,Product Designer,Mid-Level,EMP01305,"Austin, TX",Hybrid,2025-03-13,,Active,,,87500,1.37
EMP00316,Nicole,Mitchell,Female,28.0,Single,Master's Degree,Customer Success,Customer Success Manager,Mid-Level,EMP00906,"San Francisco, CA",Hybrid,2025-06-06,,Active,,,88500,1.14
EMP00317,John,Walker,Male,21.0,Married,Bachelor's Degree,Sales,Sales Development Rep,Entry-Level,EMP00960,"San Francisco, CA",Onsite,2026-06-17,,Active,,,68500,0.11
EMP00318,Ava,Roberts,Female,23.0,Single,Master's Degree,ENGINEERING,Software Engineer I,Entry-Level,EMP01364,"Austin, TX",Onsite,2025-01-27,2026-04-23,Terminated,Involuntary,Role Elimination / Restructuring,81000,1.23
EMP00319,Omar,Hernandez,Male,35.0,Divorced,Bachelor's Degree,Sales,Sales Manager,Manager,,"San Francisco, CA",Hybrid,2026-07-13,,Active,,,135000,0.04
EMP00320,Jennifer,Mitchell,Female,26.0,Married,Bachelor's Degree,Sales,Account Executive,Mid-Level,EMP00507,"Austin, TX",Hybrid,2026-05-19,,Active,,,84000,0.19
EMP00321,Daniel,Lewis,Male,27.0,Single,Master's Degree,Customer Success,Support Associate,Entry-Level,EMP00725,"Denver, CO",Onsite,2024-04-21,2025-04-11,Terminated,Voluntary,Personal Reasons,61500,0.97
EMP00322,Victoria,Brown,Female,39.0,Married,Bachelor's Degree,Product,Group Product Manager,Manager,EMP01706,"San Francisco, CA",Hybrid,2023-05-19,,Active,,,171000,3.19
EMP00323,William,Green,Male,39.0,Single,Bachelor's Degree,SALES,VP of Sales,VP,EMP00191,"San Francisco, CA",Hybrid,2023-09-10,,Active,,,276500,2.88
EMP00324,Laura,Gonzalez,Female,27.0,Married,Master's Degree,Sales,Senior Account Executive,Senior,EMP01713,Remote,Remote,2022-11-03,2023-11-19,Terminated,Voluntary,Personal Reasons,146000,1.04
EMP00325,Yuki,Nelson,Female,24.0,Married,Bachelor's Degree,Customer Success,Senior CSM,Senior,EMP01092,"New York, NY",Hybrid,2023-09-14,2026-07-21,Terminated,Voluntary,Compensation,89000,2.85
EMP00326,Amit,Jackson,Male,41.0,Single,High School,Sales,Sales Manager,Manager,EMP01283,"San Francisco, CA",Hybrid,2025-11-26,,Active,,,169000,0.67
EMP00327,Arjun,Moore,Male,51.0,Single,Bachelor's Degree,Sales,Director of Sales,Director,EMP01149,"Denver, CO",Onsite,2023-05-19,2023-09-20,Terminated,Voluntary,Better Opportunity Elsewhere,220500,0.34
EMP00328,Kimberly,Jones,Female,30.0,Single,High School,Engineering,Staff Engineer,Staff,EMP00083,"San Francisco, CA",Onsite,2024-10-05,,Active,,,207000,1.81
EMP00329,Mei,Torres,Female,26.0,Married,Master's Degree,Engineering,Software Engineer II,Mid-Level,EMP00711,"Austin, TX",Hybrid,2026-03-29,2026-06-22,Terminated,Voluntary,Return to School,108500,0.23
EMP00330,Amanda,Okafor,Female,33.0,Single,Master's Degree,Engineering,Staff Engineer,Staff,EMP00809,"Austin, TX",Onsite,2022-11-05,,Active,,,173000,3.73
EMP00331,Ryan,Moore,Male,26.0,Married,Master's Degree,Engineering,Senior Software Engineer,Senior,EMP00885,Remote,Remote,2026-03-20,,Active,,,147000,0.36
EMP00332,Diego,Okafor,Male,28.0,Divorced,Master's Degree,Sales,Sales Development Rep,Entry-Level,EMP00098,"Chicago, IL",Hybrid,2024-08-17,2025-06-09,Terminated,Voluntary,Return to School,68500,0.81
EMP00333,Jennifer,Khan,Female,27.0,Single,High School,Sales,Account Executive,Mid-Level,EMP01522,Remote,Remote,2023-12-21,2025-06-29,Terminated,Voluntary,Better Opportunity Elsewhere,114000,1.52
EMP00334,Diego,Costa,Male,27.0,Divorced,Bachelor's Degree,engineering,Engineering Manager,Manager,EMP00565,Remote,Remote,2025-11-10,,Active,,,172500,0.71
EMP00335,Rachel,Smith,Female,24.0,Married,Master's Degree,Finance,Senior Financial Analyst,Senior,,Remote,Remote,2025-09-05,,Active,,,127500,0.89
EMP00336,Divya,Hernandez,Female,25.0,Single,Bachelor's Degree,Engineering,Software Engineer II,Mid-Level,EMP00047,Remote,Remote,2026-04-04,,Active,,,112500,0.31
EMP00337,Megan,Williams,Female,35.0,Single,Master's Degree,Customer Success,Senior CSM,Senior,EMP00594,"Chicago, IL",Onsite,2025-12-06,,Active,,,133500,0.64
EMP00338,Hiroshi,Allen,Male,21.0,Married,Master's Degree,Sales,Sales Development Rep,Entry-Level,EMP01402,"San Francisco, CA",Onsite,2026-02-26,,Active,,,62500,0.42
EMP00339,Mason,Ramirez,Male,24.0,Single,Bachelor's Degree,Product, Product Manager ,Mid-Level,EMP00820,"Austin, TX",Onsite,2024-08-04,,Active,,,94500,1.98
EMP00340,Benjamin,Martin,Male,33.0,Single,Bachelor's Degree,Engineering,Staff Engineer,Staff,EMP00764,"Denver, CO",Hybrid,2024-03-30,,Active,,,203500,2.33
EMP00341,Zainab,Muller,Female,21.0,Single,Bachelor's Degree,Sales,Account Executive,Mid-Level,EMP00907,"Denver, CO",Onsite,2026-01-07,,Active,,,87000,0.55
EMP00342,Ethan,Santos,Male,25.0,Married,Master's Degree,Design,Junior Product Designer,Entry-Level,EMP01261,Remote,Remote,2026-02-07,,Active,,,83000,0.47
EMP00343,Alexander,Levi,Male,34.0,Married,Bachelor's Degree,Finance,Director of Finance,Director,EMP00978,"New York, NY",Hybrid,2026-07-18,,Active,,,189500,0.03
EMP00344,Amit,Singh,Male,27.0,Married,PhD,Sales,Sales Development Rep,Entry-Level,EMP01547,"Chicago, IL",Hybrid,2025-02-03,,Active,,,82500,1.48
EMP00345,Joseph,Anderson,Male,23.0,Single,Bachelor's Degree,Finance,Financial Analyst II,Mid-Level,EMP00335,"Denver, CO",Onsite,2024-12-01,,Active,,,106000,1.65
EMP00346,Emily,Torres,Female,37.0,Married,Associate's Degree,Engineering,Director of Engineering,Director,EMP00674,"Austin, TX",Hybrid,2026-01-24,2026-02-17,Terminated,Voluntary,Return to School,253000,0.07
EMP00347,Megan,Walker,F,31.0,Divorced,Bachelor's Degree,Customer Success,Senior CSM,Senior,EMP00585,"Denver, CO",Onsite,2024-11-25,2024-12-12,Terminated,Voluntary,Personal Reasons,133500,0.05
EMP00348,Jason,Hill,Male,33.0,Single,Bachelor's Degree,Sales,Senior Account Executive,Senior,EMP01457,"Denver, CO",Onsite,2026-06-04,,Active,,,159500,0.15
EMP00349,John,Thomas,Male,37.0,Single,Master's Degree,Customer Success,CS Team Lead,Manager,EMP01156,"New York, NY",Hybrid,2026-04-06,,Active,,,147500,0.31
EMP00350,Aaliyah,Miller,Female,25.0,Divorced,Master's Degree,Engineering,Software Engineer I,Entry-Level,EMP00890,"New York, NY",Hybrid,2025-02-09,2025-07-01,Terminated,Voluntary,Compensation,83500,0.39
EMP00351,Samuel,Walker,Male,31.0,Married,Bachelor's Degree,Customer Success,Senior CSM,Senior,EMP01501,"Austin, TX",Hybrid,2026-01-22,,Active,,,98000,0.51
EMP00352,Ngozi,Wang,Female,29.0,Married,Master's Degree,Sales,Account Executive,Mid-Level,EMP01363,"New York, NY",Hybrid,2026-01-14,,Active,,,79000,0.53
EMP00353,Amanda,Souza,Female,37.0,Divorced,Master's Degree,Customer Success,CS Team Lead,Manager,EMP01370,"Denver, CO",Onsite,2023-10-28,2023-12-29,Terminated,Voluntary,Relocation,110000,0.17
EMP00354,Samuel,Ahmed,Male,25.0,Married,High School,Product,Product Manager,Mid-Level,EMP01499,"New York, NY",Hybrid,2026-05-12,,Active,,,106500,0.21
EMP00355,Maria,Rodriguez,Female,33.0,Single,Bachelor's Degree,People,Senior HR Business Partner,Senior,EMP00125,"New York, NY",Hybrid,2025-05-28,,Active,,,116500,1.17
EMP00356,Amanda,Anderson,Female,23.0,Married,Master's Degree,ENGINEERING,Software Engineer II,Mid-Level,EMP00273,"Austin, TX",Hybrid,2026-03-25,,Active,,,94000,0.34
EMP00357,John,Kone,Male,32.0,Married,Bachelor's Degree,Marketing, Marketing Specialist ,Mid-Level,EMP01216,"Austin, TX",Onsite,2024-10-20,,Active,,,102500,1.77
EMP00358,Chidi,Silva,Male,36.0,Divorced,Bachelor's Degree,Marketing,Principal Marketing Specialist,Staff,EMP00570,"San Francisco, CA",Hybrid,2026-05-24,,Active,,,161000,0.18
EMP00359,Arjun,Rossi,Male,39.0,Single,Master's Degree,Marketing,Senior Marketing Specialist,Senior,EMP01368,"New York, NY",Onsite,2025-01-25,2026-05-24,Terminated,Voluntary,Career Growth,105500,1.33
EMP00360,Mohammed,Williams,Male,32.0,Married,Bachelor's Degree,Sales,Senior Account Executive,Senior,EMP01367,"Denver, CO",Hybrid,2022-09-04,2026-01-03,Terminated,Voluntary,Personal Reasons,130000,3.33
EMP00361,Amara,Osei,Female,31.0,Married,High School,Sales, Account Executive ,Mid-Level,EMP01555,Remote,Remote,2026-05-21,,Active,,,99000,0.19
EMP00362,Laura,Nilsson,Female,34.0,Single,Associate's Degree,Executive,Business Operations Director,Director,,"Austin, TX",Hybrid,2023-08-30,,Active,,,350000,2.91
EMP00363,Amanda,Walker,Female,37.0,Single,Bachelor's Degree,engineering,Staff Engineer,Staff,EMP00144,"Austin, TX",Hybrid,2024-10-24,,Active,,,202500,1.76
EMP00364,Mohammed,Jackson,Male,40.0,Divorced,Master's Degree,Sales,Sales Manager,Manager,EMP01009,"New York, NY",Onsite,2026-06-12,,Active,,,142000,0.13
EMP00365,Daniel,Nguyen,Male,36.0,Single,Master's Degree,Customer Success,Senior CSM,Senior,EMP00220,"New York, NY",Hybrid,2026-06-10,,Active,,,109000,0.13
EMP00366,Michelle,Singh,Female,39.0,Married,High School,Customer Success,Senior CS Manager,Senior Manager,EMP00282,"Denver, CO",Hybrid,2025-07-30,2025-07-30,Terminated,Voluntary,Compensation,173000,0.0
EMP00367,Robert,Smith,Male,34.0,Divorced,Bachelor's Degree,Engineering,Engineering Manager,Manager,EMP00875,Remote,Remote,2025-09-22,,Active,,,175000,0.85
EMP00368,Leilani,Costa,Female,25.0,Single,Bachelor's Degree,Customer Success,Senior CSM,Senior,EMP01501,Remote,Remote,2025-03-28,2025-09-22,Terminated,Involuntary,Role Elimination / Restructuring,116000,0.49
EMP00369,Robert,Rivera,Male,25.0,Divorced,Bachelor's Degree,Marketing,Senior Marketing Specialist,Senior,EMP00358,"Austin, TX",Hybrid,2024-09-07,2026-04-29,Terminated,Voluntary,Relocation,129500,1.64
EMP00370,Isabella,Walker,Female,38.0,Married,Master's Degree,Engineering,Senior Engineering Manager,Senior Manager,EMP01404,Remote,Remote,2024-10-03,2025-03-16,Terminated,Voluntary,Return to School,210500,0.45
EMP00371,Angela,Nilsson,Female,22.0,Married,Bachelor's Degree,People,Senior HR Business Partner,Senior,EMP00796,"Austin, TX",Onsite,2025-10-23,,Active,,,128000,0.76
EMP00372,Wei,Wang,Male,32.0,Single,Bachelor's Degree,ENGINEERING, Engineering Manager ,Manager,EMP01344,"Chicago, IL",Onsite,2026-01-28,,Active,,,160500,0.5
EMP00373,Matthew,White,Male,30.0,Divorced,Bachelor's Degree,Product,Senior Product Manager,Senior,,"Chicago, IL",Hybrid,2026-02-14,2026-03-03,Terminated,Voluntary,Personal Reasons,114500,0.05
EMP00374,Kofi,Hernandez,Male,30.0,Single,Bachelor's Degree,ENGINEERING,Senior Software Engineer,Senior,EMP00167,"Chicago, IL",Hybrid,2026-02-24,2026-05-09,Terminated,Voluntary,Relocation,162000,0.2
EMP00375,William,Levi,Male,22.0,Single,Bachelor's Degree,ENGINEERING,Software Engineer II,Mid-Level,EMP00262,"San Francisco, CA",Hybrid,2023-08-10,,Active,,,120000,2.97
EMP00376,Aaliyah,Campbell,Female,21.0,Single,Bachelor's Degree,people,HR Generalist,Mid-Level,EMP00400,"San Francisco, CA",Onsite,2025-05-16,2025-12-04,Terminated,Voluntary,Work-Life Balance,78500,0.55
EMP00377,Leilani,Rodriguez,Female,36.0,Single,Bachelor's Degree,Product,VP of Product,VP,EMP01180,"Denver, CO",Hybrid,2023-03-16,,Active,,,242000,3.37
EMP00378,Ashley,Levi,Female,29.0,Married,Master's Degree,Design,Senior Product Designer,Senior,EMP00850,"Austin, TX",Onsite,2025-06-22,,Active,,,122000,1.1
EMP00379,Olivia,Ferrari,Female,39.0,Divorced,High School,Engineering,Senior Software Engineer,Senior,EMP00330,"Austin, TX",Hybrid,2025-03-10,,Active,,,148500,1.38
EMP00380,Daniel,Abara,Male,46.0,Divorced,Bachelor's Degree,Sales,Director of Sales,Director,EMP00592,"Denver, CO",Onsite,2026-05-25,,Active,,,199500,0.18
EMP00381,Jun,Abara,Male,31.0,Single,Master's Degree,Sales,Senior Account Executive,Senior,EMP00534,"New York, NY",Onsite,2024-11-13,2025-11-14,Terminated,Voluntary,Compensation,149000,1.0
EMP00382,Ethan,Muller,Male,32.0,Single,High School,Product,Principal Product Manager,Staff,EMP01581,"Chicago, IL",Hybrid,2023-12-06,,Active,,,176500,2.64
EMP00383,Aaliyah,Williams,Female,,Married,Bachelor's Degree,Product,Principal Product Manager,Staff,EMP00257,"Austin, TX",Hybrid,2024-01-12,2024-12-09,Terminated,Voluntary,Better Opportunity Elsewhere,185000,0.91
EMP00384,Kofi,Roberts,Male,33.0,Single,Bachelor's Degree,People,Senior HR Business Partner,Senior,EMP00843,Remote,Remote,2026-01-09,,Active,,,144500,0.55
EMP00385,Amara,Okafor,Female,23.0,Married,High School,Product,Associate Product Manager,Entry-Level,EMP00950,"Austin, TX",Onsite,2025-09-13,2026-01-04,Terminated,Voluntary,Better Opportunity Elsewhere,78000,0.31
EMP00386,Maria,Garcia,Female,23.0,Divorced,Bachelor's Degree,Sales,Account Executive,Mid-Level,EMP00907,Remote,Remote,2023-10-04,,Active,,,110500,2.81
EMP00387,Rachel,Roberts,F,26.0,Married,PhD,Engineering,Software Engineer II,Mid-Level,EMP00620,"New York, NY",Onsite,2023-07-24,,Active,,,98500,3.01
EMP00388,Kimberly,Mitchell,Female,31.0,Single,Bachelor's Degree,Customer Success,Customer Success Manager,Mid-Level,,"Denver, CO",Onsite,2025-11-11,2025-11-17,Terminated,Voluntary,Compensation,73500,0.02
EMP00389,Ethan,Allen,M,26.0,Married,Associate's Degree,Design,Product Designer,Mid-Level,EMP00615,Remote,Remote,2023-06-20,,Active,,,102000,3.1
EMP00390,Alexander,Williams,Male,22.0,Single,Bachelor's Degree,Sales,Account Executive,Mid-Level,EMP01558,"San Francisco, CA",Onsite,2026-03-18,,Active,,,97500,0.36
EMP00391,Maria,Rivera,Female,21.0,Single,Bachelor's Degree,Engineering,Software Engineer I,Entry-Level,EMP01208,"Austin, TX",Hybrid,2025-11-26,,Active,,,81500,0.67
EMP00392,William,Rodriguez,Male,26.0,Married,Bachelor's Degree,Legal,Paralegal,Mid-Level,EMP00294,"New York, NY",Onsite,2023-07-11,2024-09-19,Terminated,Voluntary,Work-Life Balance,115500,1.19
EMP00393,Thomas,Hall,Male,21.0,Divorced,Bachelor's Degree,Engineering,Software Engineer I,Entry-Level,EMP00109,"San Francisco, CA",Hybrid,2023-07-25,,Active,,,76500,3.01
EMP00394,Mei,Walker,Female,28.0,Divorced,Bachelor's Degree,Customer Success,Senior CSM,Senior,EMP00246,"New York, NY",Hybrid,2026-07-21,,Active,,,113500,0.02
EMP00395,Andrew,Wilson,Male,42.0,Divorced,Bachelor's Degree,Design,Design Manager,Manager,EMP01446,"San Francisco, CA",Hybrid,2024-12-04,2024-12-12,Terminated,Voluntary,Better Opportunity Elsewhere,161500,0.02
EMP00396,Sophia,Dubois,Female,29.0,Divorced,Bachelor's Degree,Engineering,Senior Software Engineer,Senior,EMP01709,Remote,Remote,2024-12-18,,Active,,,162000,1.61
EMP00397,Ava,Nelson,Female,23.0,Single,Bachelor's Degree,Customer Success,Customer Success Manager,Mid-Level,EMP01167,"Denver, CO",Onsite,2026-03-01,2026-06-06,Terminated,Voluntary,Return to School,70500,0.27
EMP00398,Mark,Moore,Male,25.0,Married,Bachelor's Degree,Product,Associate Product Manager,Entry-Level,EMP01540,"Austin, TX",Hybrid,2026-06-27,,Active,,,72000,0.08
EMP00399,Raj,Garcia,Male,33.0,Single,Bachelor's Degree,Marketing,Marketing Coordinator,Entry-Level,EMP00472,Remote,Remote,2026-07-07,,Active,,,67000,0.06
EMP00400,Carlos,Rivera,Male,29.0,Single,Bachelor's Degree,People,Senior HR Business Partner,Senior,EMP00928,"San Francisco, CA",Onsite,2026-01-06,,Active,,,135000,0.56
EMP00401,Victoria,Ferrari,Female,21.0,Married,Master's Degree,Marketing,Marketing Coordinator,Entry-Level,EMP01582,"San Francisco, CA",Hybrid,2024-12-15,2025-02-12,Terminated,Involuntary,Budget Reduction,69500,0.16
EMP00402,Robert,Baker,Male,33.0,Married,Master's Degree,Engineering,Senior Software Engineer,Senior,EMP01330,"New York, NY",Onsite,2023-07-18,,Active,,,186000,3.03
EMP00403,Jennifer,Thompson,Female,28.0,Married,Bachelor's Degree,Customer Success,Customer Success Manager,Mid-Level,EMP00660,"Chicago, IL",Hybrid,2026-02-24,2026-07-27,Terminated,Voluntary,Career Growth,73500,0.42
EMP00404,Raj,Ali,Male,36.0,Single,Bachelor's Degree,Design,Design Manager,Manager,EMP00127,"New York, NY",Hybrid,2025-07-11,,Active,,,143000,1.05
EMP00405,Sione,Mensah,Male,26.0,Single,Bachelor's Degree,Marketing,Marketing Specialist,Mid-Level,EMP00717,"Denver, CO",Onsite,2025-02-20,,Active,,,78500,1.43
EMP00406,Kofi,White,Male,23.0,Single,Master's Degree,Sales,Account Executive,Mid-Level,EMP00255,"Austin, TX",Hybrid,2026-05-24,,Active,,,83000,0.18
EMP00407,Christopher,Moore,Male,42.0,Single,High School,Marketing,Senior Marketing Manager,Senior Manager,EMP00845,Remote,Remote,2023-11-15,,Active,,,145000,2.7
EMP00408,Robert,Rodriguez,Male,21.0,Single,Master's Degree,Sales,Account Executive,Mid-Level,EMP00080,"Chicago, IL",Onsite,2025-05-16,2026-01-09,Terminated,Voluntary,Relocation,91500,0.65
EMP00409,Ngozi,Ahmed,Female,23.0,Married,Bachelor's Degree,Sales,Account Executive,Mid-Level,EMP01279,"San Francisco, CA",Onsite,2022-10-07,,Active,,,94500,3.81
EMP00410,Jason,Jones,Male,28.0,Married,Bachelor's Degree,Engineering,Senior Software Engineer,Senior,EMP00330,"Chicago, IL",Hybrid,2025-04-21,2025-12-01,Terminated,Voluntary,Career Growth,132500,0.61
EMP00411,Mohammed,Nguyen,Male,33.0,Single,Bachelor's Degree,Customer Success,Senior CSM,Senior,EMP00220,"Denver, CO",Hybrid,2023-03-10,2023-03-20,Terminated,Voluntary,Work-Life Balance,100000,0.03
EMP00412,Thomas,Sanchez,Male,35.0,Married,Bachelor's Degree,Design,Staff Designer,Staff,EMP01523,"Austin, TX",Hybrid,2023-12-26,,Active,,,124500,2.59
EMP00413,Stephanie,Garcia,Female,26.0,Single,Master's Degree,Sales,Senior Account Executive,Senior,EMP00881,"Austin, TX",Onsite,2023-12-12,2025-10-29,Terminated,Voluntary,Compensation,97000,1.88
EMP00414,Sofia,Sanchez,Female,28.0,Divorced,Bachelor's Degree,Customer Success,Customer Success Manager,Mid-Level,EMP01624,"Austin, TX",Hybrid,2025-10-24,2025-09-24,Terminated,Voluntary,Compensation,84000,0.09
EMP00415,Robert,Garcia,Male,28.0,Single,Bachelor's Degree,Sales,Account Executive,Mid-Level,EMP00732,Remote,Remote,2026-01-14,,Active,,,115500,0.53
EMP00416,Angela,Green,Female,29.0,Married,Bachelor's Degree,Engineering,Software Engineer I,Entry-Level,EMP00782,"Denver, CO",Hybrid,2025-07-25,2025-12-19,Terminated,Voluntary,Career Growth,87500,0.4
EMP00417,Jose,Flores,Male,40.0,Divorced,Master's Degree,Sales,Sales Manager,Manager,EMP01283,"San Francisco, CA",Hybrid,2026-07-05,2026-07-26,Terminated,Voluntary,Personal Reasons,158000,0.06
EMP00418,Megan,Osei,Female,27.0,Married,Bachelor's Degree,Design,Senior Product Designer,Senior,EMP00850,"Austin, TX",Hybrid,2024-12-26,2025-07-18,Terminated,Voluntary,Better Opportunity Elsewhere,123000,0.56
EMP00419,Ryan,Patel,Male,29.0,Single,High School,Sales,Account Executive,Mid-Level,,"New York, NY",Hybrid,2024-08-21,,Active,,,120000,1.93
EMP00420,Kenji,Ferrari,Male,31.0,Married,Bachelor's Degree,Engineering,Senior Software Engineer,Senior,EMP01541,"New York, NY",Hybrid,2026-04-18,,Active,,,128500,0.28
EMP00421,Ngozi,Okafor,Female,23.0,Single,Bachelor's Degree,Engineering,Software Engineer I,Entry-Level,EMP01578,"Chicago, IL",Hybrid,2024-06-05,,Active,,,91500,2.14
EMP00422,Alexander,Allen,Male,40.0,Single,Master's Degree,Engineering,Senior Engineering Manager,Senior Manager,EMP00218,Remote,Remote,2026-07-03,,Active,,,224500,0.07
EMP00423,Hannah,Jones,Female,24.0,Single,High School,CUSTOMER SUCCESS,Customer Success Manager,Mid-Level,EMP01655,"New York, NY",Hybrid,2022-10-23,2025-02-09,Terminated,Voluntary,Compensation,79000,2.3
EMP00424,Sione,Harris,Male,25.0,Divorced,Bachelor's Degree,Engineering,Software Engineer I,Entry-Level,EMP00051,"New York, NY",Hybrid,2026-07-26,,Active,,,88500,0.01
EMP00425,Ava,Torres,Female,21.0,Divorced,Bachelor's Degree,Design,Product Designer,Mid-Level,EMP00639,"San Francisco, CA",Hybrid,2023-02-05,,Active,,,97000,3.47
EMP00426,Amara,Rivera,Female,25.0,Single,PhD,Finance,Senior Financial Analyst,Senior,EMP00516,Remote,Remote,2026-05-24,,Active,,,105000,0.18
EMP00427,James,Miller,M,33.0,Married,Bachelor's Degree,Engineering,Senior Software Engineer,Senior,EMP00638,"Austin, TX",Hybrid,2025-06-17,,Active,,,148500,1.11
EMP00428,Sophia,Nelson,Female,21.0,Divorced,Bachelor's Degree,Sales,Sales Development Rep,Entry-Level,EMP00976,"San Francisco, CA",Hybrid,2026-07-19,,Active,,,69000,0.02
EMP00429,Zainab,Wright,Female,29.0,Married,PhD,Customer Success,Customer Success Manager,Mid-Level,EMP01537,"Chicago, IL",Hybrid,2023-06-19,,Active,,,104500,3.11
EMP00430,Hannah,Thomas,Female,26.0,Single,Bachelor's Degree,Finance,Financial Analyst II,Mid-Level,EMP00015,"Austin, TX",Hybrid,2025-07-25,,Active,,,107500,1.01
EMP00431,Ethan,Mitchell,Male,29.0,Married,Associate's Degree,Customer Success,Support Associate,Entry-Level,EMP00582,"San Francisco, CA",Hybrid,2026-07-21,,Active,,,60500,0.02
EMP00432,Nicole,Kumar,Female,38.0,Married,High School,Customer Success,CS Team Lead,Manager,EMP01054,"Chicago, IL",Onsite,2025-06-12,,Active,,,130500,1.13
EMP00433,Andrew,Kim,Male,22.0,Married,Bachelor's Degree,Marketing,Marketing Coordinator,Entry-Level,EMP01595,"Austin, TX",Hybrid,2025-09-25,2026-06-13,Terminated,Voluntary,Return to School,65500,0.71
EMP00434,Thomas,Sharma,M,26.0,Married,Master's Degree,Sales,Account Executive,Mid-Level,EMP01022,"San Francisco, CA",Onsite,2025-11-29,,Active,,,86000,0.66
EMP00435,Elizabeth,Roberts,Female,21.0,Single,Master's Degree,Marketing,Senior Marketing Specialist,Senior,EMP00446,"New York, NY",Hybrid,2025-03-09,,Active,,,150000,1.39
EMP00436,Nicole,Baker,Female,26.0,Single,Bachelor's Degree,Engineering,Software Engineer II,Mid-Level,EMP01321,"New York, NY",Hybrid,2025-09-01,,Active,,,93000,0.9
EMP00437,Samuel,White,Male,24.0,Single,PhD,Finance,Senior Financial Analyst,Senior,EMP00930,"Austin, TX",Onsite,2025-07-18,2025-08-06,Terminated,Voluntary,Return to School,140500,0.05
EMP00438,Kwame,Kone,Male,34.0,Single,Bachelor's Degree,Sales,Sales Manager,Manager,EMP00821,Remote,Remote,2026-05-21,,Active,,,187000,0.19
EMP00439,Joseph,Kone,Male,21.0,Married,Master's Degree,Sales,Sales Development Rep,Entry-Level,EMP01621,"Austin, TX",Hybrid,2023-02-04,2025-08-30,Terminated,Voluntary,Return to School,86500,2.57
EMP00440,Charles,Mitchell,Male,34.0,Single,Bachelor's Degree,Engineering,Senior Engineering Manager,Senior Manager,EMP01404,Remote,Remote,2024-08-10,2025-02-11,Terminated,Voluntary,Personal Reasons,204500,0.51
EMP00441,Anthony,Cohen,Male,35.0,Married,Bachelor's Degree,Customer Success,Senior CSM,Senior,EMP00594,"Austin, TX",Hybrid,2026-06-25,,Active,,,110000,0.09
EMP00442,Leilani,Wright,Female,21.0,Single,PhD,Engineering,Software Engineer II,Mid-Level,EMP00808,"New York, NY",Hybrid,2026-05-07,,Active,,,101500,0.22
EMP00443,Jason,Hernandez,Male,22.0,Married,PhD,Marketing,Marketing Specialist,Mid-Level,EMP00717,"Austin, TX",Hybrid,2025-03-22,2025-09-24,Terminated,Voluntary,Return to School,88500,0.51
EMP00444,Charlotte,Singh,Female,24.0,Divorced,Bachelor's Degree,Marketing,Marketing Specialist,Mid-Level,EMP00641,"Austin, TX",Onsite,2025-09-23,2025-10-12,Terminated,Voluntary,Career Growth,95500,0.05
EMP00445,Ana,Hernandez,Female,27.0,Married,High School,Engineering,Senior Software Engineer,Senior,EMP01661,"Austin, TX",Onsite,2024-08-01,,Active,,,147000,1.99
EMP00446,Jason,Kumar,Male,28.0,Divorced,Bachelor's Degree,Marketing,Principal Marketing Specialist,Staff,EMP00605,"New York, NY",Hybrid,2024-04-17,,Active,,,190500,2.28
EMP00447,Lucas,Santos,Male,34.0,Married,Bachelor's Degree,Customer Success,CS Team Lead,Manager,EMP01665,"New York, NY",Hybrid,2025-04-24,2025-11-27,Terminated,Voluntary,Work-Life Balance,125000,0.59
EMP00448,Liam,White,Male,45.0,Single,High School,Sales,VP of Sales,VP,EMP00191,"Austin, TX",Onsite,2024-11-29,2025-01-04,Terminated,Voluntary,Personal Reasons,277500,0.1
EMP00449,Thomas,Ferrari,Male,35.0,Divorced,Bachelor's Degree,Product,Principal Product Manager,Staff,EMP00322,Remote,Remote,2025-07-29,,Active,,,205000,1.0
EMP00450,Layla,Nguyen,Female,32.0,Married,Bachelor's Degree,Engineering,Senior Software Engineer,Senior,EMP00036,"San Francisco, CA",Hybrid,2023-07-02,2024-10-21,Terminated,Voluntary,Better Opportunity Elsewhere,150500,1.31
EMP00451,Amit,Adams,Male,21.0,Married,Master's Degree,Engineering,Software Engineer II,Mid-Level,EMP00993,"New York, NY",Onsite,2026-07-26,,Active,,,111000,0.01
EMP00452,Rachel,Wilson,Female,31.0,Married,High School,Product,Senior Product Manager,Senior,EMP00449,"San Francisco, CA",Hybrid,2026-07-11,,Active,,,115000,0.05
EMP00453,John,Hernandez,Male,26.0,Married,Bachelor's Degree,People,HR Coordinator,Entry-Level,EMP01257,"New York, NY",Hybrid,2025-11-09,,Active,,,66000,0.71
EMP00454,Daniel,Adams,Male,29.0,Single,Bachelor's Degree,Engineering,Staff Engineer,Staff,EMP01442,Remote,Remote,2025-06-07,,Active,,,207000,1.14
EMP00455,Liam,Nguyen,Male,34.0,Married,Bachelor's Degree,Marketing,Marketing Specialist,Mid-Level,EMP01505,"New York, NY",Onsite,2024-09-22,,Active,,,93500,1.85
EMP00456,Hiroshi,Flores,Male,29.0,Single,Bachelor's Degree,Product,Associate Product Manager,Entry-Level,EMP01223,"San Francisco, CA",Hybrid,2026-03-17,,Active,,,89500,0.36
EMP00457,Charles,Khan,Male,23.0,Single,Bachelor's Degree,Sales,Sales Development Rep,Entry-Level,EMP00552,"San Francisco, CA",Hybrid,2025-11-17,,Active,,,63000,0.69
EMP00458,David,Santos,Male,24.0,Married,Master's Degree,Customer Success,Customer Success Manager,Mid-Level,EMP01252,Remote,Remote,2024-02-02,2025-02-14,Terminated,Voluntary,Work-Life Balance,84000,1.03
EMP00459,Jennifer,Singh,Female,37.0,Married,Master's Degree,People,Senior HR Business Partner,Senior,EMP00125,"Austin, TX",Hybrid,2026-05-06,,Active,,,103000,0.23
EMP00460,Ana,Perez,Female,27.0,Single,Master's Degree,Product,Product Manager,Mid-Level,EMP01134,"San Francisco, CA",Hybrid,2026-03-14,,Active,,,109000,0.37
EMP00461,Adrian,Sharma,Male,30.0,Married,PhD,Sales,Senior Account Executive,Senior,EMP00561,"Austin, TX",Hybrid,2026-06-06,,Active,,,148000,0.14
EMP00462,Andrew,Hall,Male,27.0,Divorced,Master's Degree,Design,Product Designer,Mid-Level,EMP00466,"San Francisco, CA",Hybrid,2025-12-02,,Active,,,89000,0.65
EMP00463,Liam,Khan,Male,40.0,Married,Master's Degree,Engineering,Senior Software Engineer,Senior,EMP01026,"Austin, TX",Hybrid,2025-08-01,2025-11-16,Terminated,Voluntary,Work-Life Balance,166500,0.29
EMP00464,Thomas,Garcia,M,23.0,Married,Bachelor's Degree,Engineering,Software Engineer I,Entry-Level,EMP01038,Remote,Remote,2025-02-10,,Active,,,69000,1.46
EMP00465,Ryan,Rivera,Male,24.0,Divorced,Bachelor's Degree,Sales,Sales Development Rep,Entry-Level,EMP01503,Remote,Remote,2026-06-21,,Active,,,71500,0.1
EMP00466,Samuel,Costa,Male,26.0,Single,Bachelor's Degree,Design,Senior Product Designer,Senior,EMP01183,"Denver, CO",Hybrid,2026-04-05,2026-05-27,Terminated,Voluntary,Personal Reasons,156000,0.14
EMP00467,Kenji,Kumar,Male,25.0,Married,Bachelor's Degree,Customer Success,Customer Success Manager,Mid-Level,EMP00515,"San Francisco, CA",Hybrid,2023-02-02,2023-06-27,Terminated,Voluntary,Career Growth,81500,0.4
EMP00468,Kwame,Scott,Male,21.0,Single,Bachelor's Degree,Product,Associate Product Manager,Entry-Level,EMP01237,"New York, NY",Onsite,2022-12-22,2024-01-16,Terminated,Voluntary,Compensation,91500,1.07
EMP00469,Alexander,Davis,Male,23.0,Single,Bachelor's Degree,Sales,Account Executive,Mid-Level,,"New York, NY",Onsite,2024-12-16,,Active,,,114000,1.61
EMP00470,Hiroshi,Martinez,Male,21.0,Married,Master's Degree,Design,Junior Product Designer,Entry-Level,EMP00425,"Denver, CO",Hybrid,2026-03-25,,Active,,,64000,0.34
EMP00471,Zainab,Kim,Female,34.0,Married,Bachelor's Degree,Customer Success,Senior CSM,Senior,,"Austin, TX",Hybrid,2026-07-02,,Active,,,97500,0.07
EMP00472,James,Campbell,Male,28.0,Single,Bachelor's Degree,Marketing,Marketing Specialist,Mid-Level,EMP00643,Remote,Remote,2024-02-10,2024-03-05,Terminated,Involuntary,Role Elimination / Restructuring,87500,0.07
EMP00473,Matthew,Osei,Male,31.0,Single,Associate's Degree,Sales,Senior Account Executive,Senior,EMP00534,"New York, NY",Hybrid,2025-08-02,2026-07-05,Terminated,Involuntary,Budget Reduction,109000,0.92
EMP00474,Sarah,Lee,Female,35.0,Married,Bachelor's Degree,Customer Success,CS Team Lead,Manager,EMP01370,Remote,Remote,2024-12-16,2025-08-29,Terminated,Voluntary,Career Growth,109000,0.7
EMP00475,Mia,Brown,Female,27.0,Married,Bachelor's Degree,Engineering,Software Engineer II,Mid-Level,EMP00727,"Austin, TX",Onsite,2026-07-16,,Active,,,93000,0.03
EMP00476,Rebecca,Jackson,Female,48.0,Married,Bachelor's Degree,Sales,Director of Sales,Director,EMP01697,"San Francisco, CA",Hybrid,2026-03-19,2026-04-20,Terminated,Voluntary,Personal Reasons,200000,0.09
EMP00477,Ngozi,Santos,Female,26.0,Single,Master's Degree,Product,Senior Product Manager,Senior,EMP00449,"Austin, TX",Hybrid,2026-03-29,2026-05-01,Terminated,Voluntary,Better Opportunity Elsewhere,118500,0.09
EMP00478,David,Sharma,Male,31.0,Married,Bachelor's Degree,Design,Senior Product Designer,Senior,EMP00521,Remote,Remote,2025-04-07,,Active,,,150000,1.31
EMP00479,Carmen,Jones,Female,31.0,Single,Bachelor's Degree,Customer Success, Senior CSM ,Senior,EMP01501,"San Francisco, CA",Hybrid,2025-02-22,,Active,,,113000,1.43
EMP00480,Aaliyah,Taylor,Female,35.0,Single,Bachelor's Degree,People,Senior HR Business Partner,Senior,EMP00125,Remote,Remote,2024-08-12,,Active,,,127500,1.96
EMP00481,Kwame,Rodriguez,Male,29.0,Married,Bachelor's Degree,Engineering,Software Engineer II,Mid-Level,EMP01185,Remote,Remote,2023-03-24,2023-04-02,Terminated,Involuntary,Role Elimination / Restructuring,123500,0.02
EMP00482,Rebecca,Walker,Female,29.0,Married,Bachelor's Degree,Sales,Account Executive,Mid-Level,EMP01557,"Chicago, IL",Hybrid,2026-04-15,,Active,,,106500,0.28
EMP00483,Priya,Campbell,Female,21.0,Single,Master's Degree,Sales,Sales Development Rep,Entry-Level,EMP00550,"Chicago, IL",Hybrid,2026-03-08,2026-07-23,Terminated,Involuntary,Budget Reduction,62500,0.38
EMP00484,Andrew,Campbell,Male,21.0,Single,Master's Degree,Engineering,Software Engineer I,Entry-Level,EMP00886,"Chicago, IL",Onsite,2026-07-06,,Active,,,67500,0.06
EMP00485,David,Roberts,Male,22.0,Married,Master's Degree,Engineering,Software Engineer II,Mid-Level,EMP01673,"Chicago, IL",Hybrid,2026-07-27,,Active,,,101500,0.0
EMP00486,Mark,Andersson,Male,21.0,Single,Master's Degree,Engineering,Software Engineer II,Mid-Level,EMP00743,"New York, NY",Hybrid,2025-07-10,2025-11-12,Terminated,Voluntary,Relocation,96000,0.34
EMP00487,Jose,Jones,Male,29.0,Single,Bachelor's Degree,Engineering,Software Engineer II,Mid-Level,EMP00727,"Chicago, IL",Hybrid,2026-01-03,,Active,,,103500,0.56
EMP00488,David,Santos,Male,23.0,Single,Master's Degree,Engineering,Software Engineer I,Entry-Level,EMP01139,Remote,Remote,2026-06-19,,Active,,,75000,0.11
EMP00489,Sofia,Martin,Female,31.0,Single,Bachelor's Degree,Engineering,Senior Software Engineer,Senior,EMP00328,"San Francisco, CA",Hybrid,2026-04-17,,Active,,,166000,0.28
EMP00490,Kimberly,Khan,Female,35.0,Single,Master's Degree,Product,Group Product Manager,Manager,EMP00706,Remote,Remote,2024-07-07,2025-04-13,Terminated,Voluntary,Better Opportunity Elsewhere,163000,0.77
EMP00491,Lucas,Mitchell,Male,42.0,Married,Bachelor's Degree,Customer Success,Director of Customer Success,Director,EMP01099,"Austin, TX",Hybrid,2025-03-21,,Active,,,195500,1.35
EMP00492,Angela,Mitchell,Female,33.0,Married,High School,Sales,Account Executive,Mid-Level,EMP00732,"San Francisco, CA",Hybrid,2023-12-20,2025-04-20,Terminated,Voluntary,Compensation,85500,1.33
EMP00493,Ethan,Sharma,M,30.0,Married,Bachelor's Degree,Legal,Corporate Counsel,Senior,EMP01067,"Austin, TX",Hybrid,2026-06-26,,Active,,,140500,0.09
EMP00494,Christopher,Martinez,Male,38.0,Married,Bachelor's Degree,Design,Design Manager,Manager,EMP01446,"Austin, TX",Hybrid,2025-08-04,,Active,,,162000,0.98
EMP00495,Sofia,Nilsson,Female,25.0,Married,Bachelor's Degree,Customer Success,Customer Success Manager,Mid-Level,EMP01714,Remote,Remote,2024-06-14,2024-11-19,Terminated,Voluntary,Relocation,83000,0.43
EMP00496,Natalie,Moore,Female,31.0,Divorced,Master's Degree,Marketing,Marketing Specialist,Mid-Level,EMP01615,Remote,Remote,2025-10-20,2026-01-31,Terminated,Voluntary,Personal Reasons,99500,0.28
EMP00497,Zainab,Levi,Female,35.0,Married,High School,Customer Success,Director of Customer Success,Director,EMP01099,Remote,Remote,2025-09-22,2026-06-27,Terminated,Voluntary,Return to School,187500,0.76
EMP00498,Yuki,Campbell,Female,21.0,Single,Bachelor's Degree,Design,Product Designer,Mid-Level,EMP00684,Remote,Remote,2024-11-15,,Active,,,98000,1.7
EMP00499,Olivia,Patel,Female,36.0,Married,Master's Degree,Customer Success,Customer Success Manager,Mid-Level,EMP00650,"San Francisco, CA",Hybrid,2023-11-24,,Active,,,92500,2.67
EMP00500,Chloe,Green,Female,32.0,Single,Bachelor's Degree,ENGINEERING,Software Engineer I,Entry-Level,EMP00583,"Austin, TX",Hybrid,2025-10-08,,Active,,,79500,0.8
EMP00501,Joseph,Scott,Male,21.0,Married,Master's Degree,Product,Associate Product Manager,Entry-Level,EMP01733,"New York, NY",Onsite,2025-06-21,,Active,,,89500,1.1
EMP00502,Angela,Young,F,35.0,Married,Bachelor's Degree,Sales,Sales Manager,Manager,EMP00509,Remote,Remote,2026-01-15,,Active,,,139500,0.53
EMP00503,Taylor,Anderson,Non-binary,30.0,Married,Associate's Degree,Sales,Senior Account Executive,Senior,EMP01083,"Austin, TX",Onsite,2025-06-22,,Active,,,141500,1.1
EMP00504,Michelle,Brown,Female,30.0,Married,Bachelor's Degree,Engineering,Software Engineer II,Mid-Level,EMP00161,Remote,Remote,2026-04-20,,Active,,,103500,0.27
EMP00505,Jun,White,M,32.0,Single,High School,Finance,Financial Analyst I,Entry-Level,EMP00868,"Denver, CO",Hybrid,2025-06-28,,Active,,,75500,1.08
EMP00506,Michael,Kone,Male,25.0,Single,Bachelor's Degree,Customer Success,Senior CSM,Senior,EMP00220,Remote,Remote,2025-07-14,,Active,,,138500,1.04
EMP00507,Michelle,Cohen,Female,25.0,Single,Bachelor's Degree,Sales,Senior Account Executive,Senior,EMP00979,"San Francisco, CA",Hybrid,2026-04-27,,Active,,,143000,0.25
EMP00508,Samuel,Roberts,Male,24.0,Single,PhD,Finance,Financial Analyst I,Entry-Level,EMP01036,"New York, NY",Hybrid,2025-01-29,2026-01-08,Terminated,Voluntary,Better Opportunity Elsewhere,76500,0.94
EMP00509,Ana,Schmidt,Female,31.0,Single,Bachelor's Degree,Sales,Senior Sales Manager,Senior Manager,EMP00170,Remote,Remote,2024-01-09,,Active,,,184000,2.55
EMP00510,Jun,Thomas,Male,21.0,Single,Bachelor's Degree,Legal,Paralegal,Mid-Level,EMP00751,Remote,Remote,2022-12-08,,Active,,,101500,3.64
EMP00511,Ethan,King,Male,26.0,Single,Bachelor's Degree,Sales,Account Executive,Mid-Level,EMP00255,"San Francisco, CA",Hybrid,2026-01-26,,Active,,,87500,0.5
EMP00512,Chloe,King,Female,33.0,Divorced,Master's Degree,Engineering,Senior Software Engineer,Senior,EMP00756,Remote,Remote,2025-09-28,,Active,,,153000,0.83
EMP00513,William,Khan,Male,27.0,Single,Bachelor's Degree,Customer Success,Customer Success Manager,Mid-Level,EMP00660,Remote,Remote,2025-11-26,,Active,,,92000,0.67
EMP00514,Charles,Ramirez,Male,38.0,Single,Associate's Degree,Customer Success,CS Team Lead,Manager,EMP01021,"Austin, TX",Onsite,2024-05-17,,Active,,,143000,2.2
EMP00515,Laura,Costa,Female,32.0,Single,High School,Customer Success,Senior CSM,Senior,EMP01501,"Austin, TX",Onsite,2024-01-02,2024-06-02,Terminated,Involuntary,Performance,91500,0.42
EMP00516,Mia,Torres,F,28.0,Married,Bachelor's Degree,Finance,Finance Business Partner,Staff,EMP00655,"New York, NY",Hybrid,2022-10-25,,Active,,,198500,3.76
EMP00517,Christopher,Diallo,Male,24.0,Single,Bachelor's Degree,Customer Success,Support Associate,Entry-Level,EMP00965,"New York, NY",Hybrid,2024-11-24,,Active,,,57000,1.67
EMP00518,Lucia,Sanchez,Female,21.0,Married,Master's Degree,Sales,Sales Development Rep,Entry-Level,EMP01334,"Chicago, IL",Hybrid,2025-08-30,,Active,,,71000,0.91
EMP00519,Ashley,Thomas,Female,24.0,Single,Master's Degree,marketing,Marketing Specialist,Mid-Level,EMP01014,"Austin, TX",Hybrid,2025-01-03,,Active,,,83500,1.56
EMP00520,Fatima,Moore,Female,27.0,Married,High School,Customer Success,Customer Success Manager,Mid-Level,EMP00716,"Chicago, IL",Hybrid,2025-03-08,2025-05-24,Terminated,Voluntary,Career Growth,79000,0.21
EMP00521,Justin,Martinez,Male,32.0,Married,High School,Design,Staff Designer,Staff,EMP00395,"Denver, CO",Hybrid,2026-05-12,,Active,,,202000,0.21
EMP00522,Emily,Khan,Female,29.0,Single,Master's Degree,People,People Team Lead,Manager,EMP00174,"San Francisco, CA",Onsite,2024-11-01,,Active,,,122000,1.74
EMP00523,Raj,Thompson,Male,25.0,Single,Bachelor's Degree,Engineering, Senior Software Engineer ,Senior,EMP01661,"Denver, CO",Onsite,2025-05-10,2025-07-17,Terminated,Involuntary,Policy Violation,131000,0.19
EMP00524,Miguel,Sharma,Male,39.0,Married,Bachelor's Degree,Customer Success,Senior CS Manager,Senior Manager,EMP00282,"San Francisco, CA",Hybrid,2026-02-20,,Active,,,165500,0.43
EMP00525,Mark,Lopez,Male,33.0,Married,High School,People,Senior HR Business Partner,Senior,EMP00928,"Austin, TX",Hybrid,2025-01-03,,Active,,,127500,1.56
EMP00526,Amy,Green,Female,26.0,Married,High School,Customer Success,Customer Success Manager,Mid-Level,EMP00230,"Denver, CO",Hybrid,2025-09-06,2025-12-09,Terminated,Voluntary,Compensation,71500,0.26
EMP00527,Justin,Hall,Male,26.0,Married,Bachelor's Degree,customer success,Customer Success Manager,Mid-Level,EMP01655,Remote,Remote,2026-04-07,,Active,,,92500,0.31
EMP00528,Jessica,Rodriguez,F,34.0,Married,High School,customer success,Senior CSM,Senior,EMP01147,"San Francisco, CA",Hybrid,2026-06-20,,Active,,,98500,0.1
EMP00529,Sophia,Muller,Female,21.0,Married,Bachelor's Degree,Sales,Sales Development Rep,Entry-Level,EMP00964,"San Francisco, CA",Onsite,2024-01-23,2024-07-20,Terminated,Voluntary,Relocation,75000,0.49
EMP00530,Brian,Ferrari,Male,,Single,Master's Degree,Marketing,Marketing Coordinator,Entry-Level,,"San Francisco, CA",Hybrid,2026-06-25,,Active,,,78000,0.09
EMP00531,Wei,Nguyen,Male,24.0,Single,Bachelor's Degree,Engineering,Senior Software Engineer,Senior,EMP00340,"San Francisco, CA",Hybrid,2025-05-27,,Active,,,160000,1.17
EMP00532,Luis,Hill,Male,,Married,Master's Degree,Engineering,Engineering Manager,Manager,EMP01290,"New York, NY",Hybrid,2024-07-18,,Active,,,195000,2.03
EMP00533,Lauren,Lee,Female,26.0,Divorced,Bachelor's Degree,Engineering,Software Engineer I,Entry-Level,EMP00680,"Chicago, IL",Onsite,2025-03-11,,Active,,,81500,1.38
EMP00534,Robert,Thompson,Male,43.0,Divorced,Master's Degree,SALES,Enterprise Account Executive,Staff,EMP00364,"Austin, TX",Onsite,2026-07-19,,Active,,,179500,0.02
EMP00535,Adrian,Campbell,Male,,Divorced,Bachelor's Degree,sales,Sales Manager,Manager,EMP01283,Remote,Remote,2025-05-05,,Active,,,156000,1.23
EMP00536,Lauren,Osei,Female,21.0,Married,Master's Degree,Marketing,Marketing Specialist,Mid-Level,EMP01103,"Austin, TX",Hybrid,2024-10-19,2025-12-01,Terminated,Voluntary,Work-Life Balance,76000,1.12
EMP00537,Sofia,Lewis,Female,30.0,Married,Bachelor's Degree,Design,Junior Product Designer,Entry-Level,EMP01670,Remote,Remote,2025-09-11,,Active,,,69000,0.88
EMP00538,Noah,Thomas,Male,21.0,Married,Master's Degree,Sales,Sales Development Rep,Entry-Level,EMP00552,Remote,Remote,2024-06-24,,Active,,,80500,2.09
EMP00539,Mohammed,Sanchez,Male,32.0,Single,Bachelor's Degree,Engineering,Senior Software Engineer,Senior,EMP01541,"New York, NY",Hybrid,2023-06-12,2025-11-07,Terminated,Involuntary,Budget Reduction,151500,2.41
EMP00540,Mei,Moore,Female,35.0,Married,Bachelor's Degree,Design,Senior Product Designer,Senior,EMP00268,"Austin, TX",Onsite,2023-12-10,2026-03-23,Terminated,Involuntary,Policy Violation,126000,2.28
EMP00541,Isabella,Walker,Female,40.0,Single,Associate's Degree,Customer Success,Senior CS Manager,Senior Manager,EMP00491,"Denver, CO",Hybrid,2023-12-08,2024-05-16,Terminated,Voluntary,Return to School,165000,0.44
EMP00542,Ngozi,Kone,Female,31.0,Single,Bachelor's Degree,Engineering,Staff Engineer,Staff,EMP00295,"Denver, CO",Hybrid,2024-02-24,,Active,,,149500,2.42
EMP00543,Ana,Brown,Female,26.0,Married,Bachelor's Degree,Engineering,Software Engineer I,Entry-Level,EMP00708,Remote,Remote,2024-01-28,,Active,,,82500,2.5
EMP00544,Michael,Campbell,Male,28.0,Married,PhD,Engineering,Software Engineer I,Entry-Level,EMP01064,"Denver, CO",Hybrid,2025-09-28,,Active,,,72000,0.83
EMP00545,Matthew,Muller,Male,32.0,Single,Bachelor's Degree,engineering,Senior Software Engineer,Senior,EMP01541,"New York, NY",Hybrid,2024-03-09,,Active,,,129000,2.38
EMP00546,Thomas,Nilsson,Male,21.0,Single,Bachelor's Degree,Sales,Sales Development Rep,Entry-Level,EMP00938,Remote,Remote,2024-11-04,2025-05-09,Terminated,Voluntary,Personal Reasons,69000,0.51
EMP00547,Kevin,Mitchell,Male,35.0,Married,Associate's Degree,Engineering,Software Engineer II,Mid-Level,EMP01657,Remote,Remote,2026-05-05,,Active,,,113500,0.23
EMP00548,Aaliyah,Ali,Female,27.0,Married,Bachelor's Degree,customer success,Customer Success Manager,Mid-Level,,"Chicago, IL",Hybrid,2025-04-21,2025-05-05,Terminated,Voluntary,Compensation,91500,0.04
EMP00549,Thomas,Muller,Male,26.0,Married,Master's Degree,Marketing,Marketing Coordinator,Entry-Level,EMP01166,Remote,Remote,2025-10-08,,Active,,,71500,0.8
EMP00550,David,Taylor,Male,30.0,Single,Bachelor's Degree,Sales,Account Executive,Mid-Level,EMP00413,"Denver, CO",Hybrid,2024-03-23,,Active,,,120500,2.35
EMP00551,Jordan,Costa,Non-binary,32.0,Single,Master's Degree,Legal, Paralegal ,Mid-Level,EMP00751,"Chicago, IL",Hybrid,2024-04-09,2024-12-24,Terminated,Voluntary,Work-Life Balance,105000,0.71
EMP00552,Femi,Lopez,Male,32.0,Single,Bachelor's Degree,Sales,Account Executive,Mid-Level,EMP00578,"Chicago, IL",Hybrid,2023-02-15,2023-09-02,Terminated,Voluntary,Relocation,96500,0.54
EMP00553,Hiroshi,Rodriguez,M,25.0,Married,Associate's Degree,Sales,Sales Development Rep,Entry-Level,EMP01313,"Chicago, IL",Hybrid,2024-03-15,,Active,,,68000,2.37
EMP00554,Miguel,Flores,Male,30.0,Married,Bachelor's Degree,Legal,Corporate Counsel,Senior,EMP00108,"San Francisco, CA",Onsite,2024-08-16,,Active,,,162500,1.95
EMP00555,Grace,Patel,Female,37.0,Single,High School,Engineering,Engineering Manager,Manager,EMP01290,"Denver, CO",Hybrid,2024-03-14,2025-08-23,Terminated,Voluntary,Work-Life Balance,144500,1.44
EMP00556,Maria,Mensah,Female,32.0,Single,Bachelor's Degree,Finance,Financial Analyst II,Mid-Level,EMP00777,"Denver, CO",Hybrid,2023-08-08,2023-09-26,Terminated,Voluntary,Better Opportunity Elsewhere,85500,0.13
EMP00557,Hiroshi,Levi,Male,,Single,Bachelor's Degree,Engineering,Staff Engineer,Staff,EMP01379,"San Francisco, CA",Onsite,2023-12-18,,Active,,,181000,2.61
EMP00558,Femi,Chen,M,30.0,Married,Master's Degree,Sales,Account Executive,Mid-Level,EMP00507,"San Francisco, CA",Onsite,2025-04-10,,Active,,,97500,1.3
EMP00559,Layla,Chen,Female,,Single,Master's Degree,Engineering,Software Engineer II,Mid-Level,EMP00523,Remote,Remote,2024-05-28,,Active,,,98000,2.17
EMP00560,Elizabeth,Nilsson,F,44.0,Married,Bachelor's Degree,Customer Success,CS Team Lead,Manager,EMP01665,"Denver, CO",Hybrid,2024-12-20,2026-03-09,Terminated,Voluntary,Better Opportunity Elsewhere,126000,1.22
EMP00561,Lucia,Martinez,Female,34.0,Married,Master's Degree,Sales,Enterprise Account Executive,Staff,EMP00236,"Austin, TX",Hybrid,2025-05-06,,Active,,,182000,1.23
EMP00562,Chioma,Taylor,Female,33.0,Married,Bachelor's Degree,Customer Success,CS Team Lead,Manager,EMP00366,Remote,Remote,2025-11-12,2026-04-28,Terminated,Voluntary,Return to School,126000,0.46
EMP00563,Emily,Green,Female,26.0,Married,Bachelor's Degree,Product,Associate Product Manager,Entry-Level,EMP01540,Remote,Remote,2023-01-02,2023-08-22,Terminated,Voluntary,Better Opportunity Elsewhere,77000,0.64
EMP00564,Thomas,Martinez,Male,24.0,Single,Bachelor's Degree,Product,Associate Product Manager,Entry-Level,EMP01220,"New York, NY",Hybrid,2026-02-07,,Active,,,74000,0.47
EMP00565,David,Khan,Male,37.0,Married,Bachelor's Degree,Engineering,Senior Engineering Manager,Senior Manager,,"San Francisco, CA",Hybrid,2025-09-16,,Active,,,197500,0.86
EMP00566,Alexander,Ali,Male,21.0,Married,High School,Product,Product Manager,Mid-Level,EMP00568,Remote,Remote,2023-07-03,,Active,,,124500,3.07
EMP00567,Priya,Cohen,Female,22.0,Single,Master's Degree,Finance,Financial Analyst II,Mid-Level,EMP01327,Remote,Remote,2026-04-13,,Active,,,94000,0.29
EMP00568,Jennifer,Hall,Female,29.0,Married,High School,Product,Senior Product Manager,Senior,EMP00383,"San Francisco, CA",Onsite,2026-05-03,,Active,,,109000,0.24
EMP00569,Ahmed,Taylor,Male,28.0,Divorced,Master's Degree,Marketing,Senior Marketing Manager,Senior Manager,EMP01362,"Austin, TX",Hybrid,2023-04-27,,Active,,,156000,3.25
EMP00570,Omar,Muller,Male,33.0,Single,High School,Marketing,Marketing Manager,Manager,EMP00072,"New York, NY",Hybrid,2024-08-18,2025-07-20,Terminated,Voluntary,Better Opportunity Elsewhere,140500,0.92
EMP00571,Lucas,Bernard,Male,25.0,Married,Master's Degree,Product,Product Manager,Mid-Level,EMP00477,"Chicago, IL",Hybrid,2026-02-11,,Active,,,106000,0.46
EMP00572,Grace,White,Female,32.0,Married,Bachelor's Degree,Sales, Sales Manager ,Manager,EMP01189,"Austin, TX",Onsite,2026-01-08,,Active,,,168500,0.55
EMP00573,Chloe,Taylor,Female,,Married,Bachelor's Degree,Engineering,Software Engineer I,Entry-Level,EMP01280,"New York, NY",Onsite,2024-03-06,2025-01-07,Terminated,Voluntary,Career Growth,77000,0.84
EMP00574,Chloe,Kumar,Female,21.0,Married,Bachelor's Degree,Engineering,Software Engineer I,Entry-Level,EMP01256,"New York, NY",Onsite,2024-05-01,,Active,,,88000,2.24
EMP00575,Sophia,Abara,Female,30.0,Single,Master's Degree,Engineering,Senior Software Engineer,Senior,EMP01511,Remote,Remote,2024-12-28,2026-07-02,Terminated,Involuntary,Role Elimination / Restructuring,144500,1.51
EMP00576,Emily,Davis,Female,22.0,Single,Bachelor's Degree,Sales,Sales Development Rep,Entry-Level,EMP00721,"New York, NY",Hybrid,2025-04-01,,Active,,,69000,1.32
EMP00577,Carmen,Thomas,Female,26.0,Married,Master's Degree,Design,Product Designer,Mid-Level,EMP00639,"Denver, CO",Onsite,2025-09-23,,Active,,,94500,0.84
EMP00578,Priya,Cohen,F,37.0,Married,Bachelor's Degree,sales,Senior Account Executive,Senior,EMP01299,Remote,Remote,2024-12-08,,Active,,,129000,1.63
EMP00579,Robert,Martin,Male,28.0,Divorced,Master's Degree,Sales, Account Executive ,Mid-Level,EMP00028,"San Francisco, CA",Hybrid,2025-04-05,2025-09-29,Terminated,Involuntary,Performance,98500,0.48
EMP00580,Ethan,Hill,Male,26.0,Single,High School,Product,Associate Product Manager,Entry-Level,EMP00179,"San Francisco, CA",Hybrid,2026-01-28,,Active,,,85500,0.5
EMP00581,Luis,Perez,Male,23.0,Married,Bachelor's Degree,Customer Success,Customer Success Manager,Mid-Level,EMP00992,Remote,Remote,2023-01-16,2023-05-20,Terminated,Voluntary,Better Opportunity Elsewhere,90500,0.34
EMP00582,Sione,Lee,Male,30.0,Single,Bachelor's Degree,Customer Success,Customer Success Manager,Mid-Level,EMP00441,"San Francisco, CA",Onsite,2024-07-11,,Active,,,90500,2.05
EMP00583,Maria,Adams,Female,29.0,Single,High School,Engineering,Software Engineer II,Mid-Level,EMP01346,Remote,Remote,2025-12-05,,Active,,,105500,0.64
EMP00584,Ethan,Lewis,Male,35.0,Single,Bachelor's Degree,Engineering,Staff Engineer,Staff,EMP00837,"Austin, TX",Onsite,2026-05-04,,Active,,,191500,0.23
EMP00585,Elizabeth,Hall,Female,27.0,Single,PhD,Customer Success, Strategic CSM ,Staff,EMP00118,"Austin, TX",Hybrid,2025-05-30,,Active,,,146000,1.16
EMP00586,Benjamin,Cohen,Male,24.0,Single,Associate's Degree,Design,Product Designer,Mid-Level,EMP00466,Remote,Remote,2025-06-06,,Active,,,114000,1.14
EMP00587,Mark,Torres,Male,42.0,Single,Master's Degree,Customer Success,CS Team Lead,Manager,,"Denver, CO",Hybrid,2023-10-14,2025-06-10,Terminated,Involuntary,Budget Reduction,132500,1.66
EMP00588,Layla,Hernandez,Female,21.0,Single,Bachelor's Degree,Product,Associate Product Manager,Entry-Level,EMP00950,"Chicago, IL",Hybrid,2025-03-22,,Active,,,77000,1.35
EMP00589,Mark,Allen,Male,34.0,Divorced,Bachelor's Degree,Design,Product Designer,Mid-Level,EMP00039,"San Francisco, CA",Hybrid,2025-06-19,,Active,,,102000,1.11
EMP00590,Ethan,Sanchez,Male,33.0,Married,Master's Degree,Engineering,Engineering Manager,Manager,EMP01599,"Austin, TX",Hybrid,2024-06-09,2025-01-24,Terminated,Voluntary,Return to School,159500,0.63
EMP00591,Jun,Muller,Male,27.0,Single,Bachelor's Degree,Engineering, Senior Software Engineer ,Senior,EMP00036,Remote,Remote,2024-08-12,,Active,,,98000,1.96
EMP00592,Maria,Scott,Female,43.0,Divorced,PhD,Sales,VP of Sales,VP,EMP00191,"San Francisco, CA",Hybrid,2024-12-11,,Active,,,282500,1.63
EMP00593,Wei,Taylor,Male,23.0,Married,Bachelor's Degree,Design,Product Designer,Mid-Level,EMP00270,"New York, NY",Hybrid,2022-11-14,2023-04-16,Terminated,Voluntary,Career Growth,81000,0.42
EMP00594,Mia,Hill,Female,,Divorced,Associate's Degree,Customer Success,Strategic CSM,Staff,EMP01259,"Austin, TX",Onsite,2024-10-23,,Active,,,142000,1.76
EMP00595,Megan,Costa,Female,24.0,Single,Bachelor's Degree,Marketing,Marketing Specialist,Mid-Level,EMP01080,"New York, NY",Hybrid,2024-05-16,2026-02-13,Terminated,Involuntary,Budget Reduction,96000,1.75
EMP00596,Zainab,Rossi,Female,27.0,Married,Master's Degree,Sales,Account Executive,Mid-Level,EMP01022,Remote,Remote,2024-10-01,,Active,,,91000,1.82
EMP00597,Stephanie,Lopez,Female,31.0,Divorced,High School,Customer Success,Customer Success Manager,Mid-Level,EMP00365,Remote,Remote,2023-12-13,2024-02-18,Terminated,Voluntary,Relocation,93000,0.18
EMP00598,Brian,Abara,Male,30.0,Single,Master's Degree,Engineering,Senior Software Engineer,Senior,EMP00454,"Chicago, IL",Hybrid,2026-05-23,,Active,,,124500,0.18
EMP00599,Jun,Perez,Male,29.0,Divorced,Bachelor's Degree,Design,Senior Product Designer,Senior,EMP01724,"Chicago, IL",Onsite,2025-08-21,2025-10-02,Terminated,Involuntary,Budget Reduction,116500,0.11
EMP00600,Sophia,Bernard,Female,46.0,Married,Master's Degree,Customer Success,Director of Customer Success,Director,EMP01301,"New York, NY",Onsite,2025-11-21,,Active,,,179500,0.68
EMP00601,Diego,Dubois,Male,27.0,Divorced,Master's Degree,Design,Product Designer,Mid-Level,EMP00773,"Denver, CO",Onsite,2026-02-13,,Active,,,102000,0.45
EMP00602,Lucas,Martin,Male,22.0,Single,Bachelor's Degree,Sales,Sales Development Rep,Entry-Level,EMP00558,Remote,Remote,2025-05-02,2025-05-03,Terminated,Voluntary,Better Opportunity Elsewhere,73000,0.0
EMP00603,Samuel,Perez,Male,22.0,Single,Bachelor's Degree,Engineering,Software Engineer II,Mid-Level,EMP00256,"San Francisco, CA",Hybrid,2023-08-04,2025-02-22,Terminated,Voluntary,Personal Reasons,90500,1.56
EMP00604,Michelle,Souza,Female,35.0,Single,Bachelor's Degree,Sales,Senior Account Executive,Senior,EMP00561,"San Francisco, CA",Hybrid,2025-06-28,,Active,,,121500,1.08
EMP00605,Sione,Santos,Male,34.0,Divorced,Bachelor's Degree,Marketing,Marketing Manager,Manager,EMP00072,Remote,Remote,2025-08-06,2025-08-10,Terminated,Voluntary,Return to School,149500,0.01
EMP00606,Kofi,Baker,Male,24.0,Single,Bachelor's Degree,Marketing,Marketing Specialist,Mid-Level,EMP01003,"Austin, TX",Hybrid,2026-01-26,2026-01-30,Terminated,Voluntary,Return to School,76500,0.01
EMP00607,Hannah,Andersson,Female,27.0,Married,Bachelor's Degree,Customer Success,Senior CSM,Senior,EMP00585,"Austin, TX",Hybrid,2025-02-27,,Active,,,104000,1.41
EMP00608,Mei,Garcia,Female,32.0,Single,Bachelor's Degree,Customer Success,Customer Success Manager,Mid-Level,EMP00899,"Denver, CO",Onsite,2023-12-23,,Active,,,86000,2.6
EMP00609,Kwame,Brown,Male,27.0,Single,Master's Degree,Sales,Enterprise Account Executive,Staff,EMP01231,Remote,Remote,2024-08-27,,Active,,,153000,1.92
EMP00610,James,Hernandez,Male,40.0,Single,Master's Degree,sales,Sales Manager,Manager,EMP00821,"Denver, CO",Onsite,2024-12-05,,Active,,,161500,1.64
EMP00611,Hannah,Garcia,Female,26.0,Married,Bachelor's Degree,Engineering,Software Engineer II,Mid-Level,EMP01641,"San Francisco, CA",Onsite,2025-10-25,,Active,,,92000,0.76
EMP00612,Casey,Nilsson,Non-binary,21.0,Married,Master's Degree,Sales,Account Executive,Mid-Level,EMP00381,Remote,Remote,2025-07-03,,Active,,,83000,1.07
EMP00613,Kimberly,King,Female,45.0,Single,Master's Degree,Sales,VP of Sales,VP,EMP00191,"Chicago, IL",Hybrid,2024-11-01,2024-11-07,Terminated,Involuntary,Role Elimination / Restructuring,375000,0.02
EMP00614,Hiroshi,Clark,Male,35.0,Divorced,Bachelor's Degree,Finance,Finance Manager,Manager,EMP01496,Remote,Remote,2026-07-04,,Active,,,140500,0.07
EMP00615,Chidi,Nilsson,Male,29.0,Married,Bachelor's Degree,Design,Senior Product Designer,Senior,EMP01574,"Austin, TX",Hybrid,2025-08-25,,Active,,,120000,0.92
EMP00616,Leilani,Wang,Female,26.0,Married,Bachelor's Degree,Sales,Account Executive,Mid-Level,EMP00604,"San Francisco, CA",Hybrid,2024-06-20,2024-11-28,Terminated,Voluntary,Career Growth,91500,0.44
EMP00617,Ava,Souza,Female,25.0,Married,Master's Degree,Sales,Account Executive,Mid-Level,EMP00503,"San Francisco, CA",Hybrid,2023-10-02,2024-04-29,Terminated,Voluntary,Better Opportunity Elsewhere,90500,0.57
EMP00618,Carlos,Brown,Male,23.0,Single,Master's Degree,Sales,Account Executive,Mid-Level,EMP01300,"Austin, TX",Onsite,2024-02-26,2026-04-06,Terminated,Involuntary,Policy Violation,94000,2.11
EMP00619,Raj,Kone,Male,35.0,Single,Bachelor's Degree,Customer Success,CS Team Lead,Manager,EMP00366,"Austin, TX",Hybrid,2024-07-30,2026-04-14,Terminated,Voluntary,Better Opportunity Elsewhere,132500,1.71
EMP00620,Anjali,Ferrari,Female,32.0,Married,Master's Degree,Engineering,Senior Software Engineer,Senior,EMP00756,"San Francisco, CA",Hybrid,2024-02-05,2025-05-11,Terminated,Voluntary,Return to School,168000,1.26
EMP00621,Kenji,Nguyen,Male,21.0,Single,Bachelor's Degree,Sales,Account Executive,Mid-Level,EMP00732,"Denver, CO",Onsite,2024-04-03,,Active,,,108000,2.32
EMP00622,Lucas,Hill,Male,30.0,Married,High School,Marketing,Marketing Specialist,Mid-Level,EMP00435,"Chicago, IL",Hybrid,2024-08-29,,Active,,,83000,1.91
EMP00623,Jason,Mensah,Male,21.0,Single,Master's Degree,Sales,Account Executive,Mid-Level,EMP00715,Remote,Remote,2024-03-28,2025-01-23,Terminated,Voluntary,Compensation,102000,0.82
EMP00624,Mohammed,Young,Male,24.0,Married,Master's Degree,Engineering,Software Engineer I,Entry-Level,EMP00086,"Austin, TX",Onsite,2026-05-29,,Active,,,73000,0.16
EMP00625,Arjun,Kim,Male,26.0,Single,Bachelor's Degree,customer success,Support Associate,Entry-Level,EMP01450,"New York, NY",Onsite,2023-07-09,2024-02-05,Terminated,Voluntary,Work-Life Balance,64000,0.58
EMP00626,Chloe,Hill,Female,24.0,Married,Bachelor's Degree,Marketing,Marketing Specialist,Mid-Level,EMP01353,"Austin, TX",Hybrid,2025-06-20,2025-12-02,Terminated,Voluntary,Compensation,105500,0.45
EMP00627,Ryan,Ahmed,Male,21.0,Single,PhD,Engineering,Software Engineer I,Entry-Level,EMP00583,"New York, NY",Onsite,2025-02-06,,Active,,,71000,1.47
EMP00628,Ethan,Martinez,Male,24.0,Divorced,Bachelor's Degree,Customer Success,Support Associate,Entry-Level,EMP00414,"New York, NY",Hybrid,2026-07-18,,Active,,,66500,0.03
EMP00629,Daniel,Davis,Male,30.0,Single,Master's Degree,Marketing,Senior Marketing Specialist,Senior,EMP00250,"New York, NY",Onsite,2023-11-06,2024-03-12,Terminated,Voluntary,Return to School,126000,0.35
EMP00630,Anthony,Lee,Male,21.0,Married,High School,Sales,Sales Development Rep,Entry-Level,EMP01178,Remote,Remote,2025-01-19,2025-04-13,Terminated,Voluntary,Career Growth,67000,0.23
EMP00631,Mohammed,Sharma,Male,21.0,Married,Bachelor's Degree,Legal,Legal Coordinator,Entry-Level,EMP00002,Remote,Remote,2026-07-12,,Active,,,84000,0.04
EMP00632,Ethan,Wang,Male,31.0,Married,Bachelor's Degree,CUSTOMER SUCCESS,Customer Success Manager,Mid-Level,EMP00763,"Chicago, IL",Onsite,2026-04-25,2026-05-27,Terminated,Voluntary,Relocation,86000,0.09
EMP00633,Emma,Mensah,Female,27.0,Single,Bachelor's Degree,Customer Success,Customer Success Manager,Mid-Level,EMP01659,Remote,Remote,2026-03-11,,Active,,,81000,0.38
EMP00634,Sione,Ali,Male,21.0,Married,Master's Degree,Customer Success,Customer Success Manager,Mid-Level,EMP01196,"Chicago, IL",Onsite,2024-07-02,2024-07-19,Terminated,Voluntary,Return to School,82500,0.05
EMP00635,Luis,Clark,Male,26.0,Single,Bachelor's Degree,Engineering,Software Engineer II,Mid-Level,EMP00410,Remote,Remote,2024-03-15,,Active,,,88500,2.37
EMP00636,Daniel,Baker,Male,28.0,Single,Bachelor's Degree,ENGINEERING,Staff Engineer,Staff,EMP01161,"Denver, CO",Onsite,2025-10-12,,Active,,,209000,0.79
EMP00637,Nathan,Santos,M,35.0,Married,Bachelor's Degree,Sales,Senior Sales Manager,Senior Manager,EMP01718,"New York, NY",Onsite,2026-06-12,,Active,,,168000,0.13
EMP00638,Angela,Jackson,Female,33.0,Married,Bachelor's Degree,Engineering,Staff Engineer,Staff,EMP00144,"Chicago, IL",Hybrid,2025-07-09,,Active,,,216500,1.05
EMP00639,Lucas,Green,Male,30.0,Married,PhD,Design,Senior Product Designer,Senior,EMP00268,"Austin, TX",Hybrid,2025-07-21,,Active,,,143000,1.02
EMP00640,Hannah,Green,Female,33.0,Divorced,Master's Degree,People,People Team Lead,Manager,EMP00174,"Chicago, IL",Hybrid,2024-08-24,,Active,,,135500,1.92
EMP00641,Justin,Hall,Male,27.0,Single,Bachelor's Degree,Marketing,Senior Marketing Specialist,Senior,EMP00446,Remote,Remote,2026-01-02,,Active,,,130500,0.57
EMP00642,Emily,Kim,Female,23.0,Divorced,Master's Degree,sales,Sales Development Rep,Entry-Level,EMP01435,"Chicago, IL",Hybrid,2024-04-22,2024-12-11,Terminated,Voluntary,Personal Reasons,57500,0.64
EMP00643,Joseph,Taylor,Male,23.0,Single,Master's Degree,Marketing,Senior Marketing Specialist,Senior,,"Austin, TX",Hybrid,2024-10-03,,Active,,,115500,1.82
EMP00644,Jessica,Mitchell,Female,40.0,Married,Master's Degree,Customer Success,CS Team Lead,Manager,EMP00366,"San Francisco, CA",Hybrid,2025-02-12,,Active,,,112000,1.45
EMP00645,David,Osei,Male,21.0,Married,Bachelor's Degree,Design,Product Designer,Mid-Level,EMP01361,Remote,Remote,2025-05-28,,Active,,,116500,1.17
EMP00646,William,Schmidt,Male,23.0,Married,Bachelor's Degree,Engineering,Software Engineer I,Entry-Level,EMP00356,Remote,Remote,2024-06-26,,Active,,,72000,2.09
EMP00647,Fatima,Wilson,Female,26.0,Single,Bachelor's Degree,Sales,Enterprise Account Executive,Staff,EMP01474,"San Francisco, CA",Hybrid,2023-11-16,2026-04-02,Terminated,Voluntary,Work-Life Balance,196000,2.38
EMP00648,Olivia,Green,Female,39.0,Married,Master's Degree,Customer Success,CS Team Lead,Manager,EMP01315,Remote,Remote,2025-08-21,,Active,,,121000,0.93
EMP00649,Adrian,Walker,Male,23.0,Single,Master's Degree,Design,Product Designer,Mid-Level,EMP00540,Remote,Remote,2024-09-28,,Active,,,75000,1.83
EMP00650,Robert,Ali,Male,25.0,Single,Bachelor's Degree,Customer Success,Senior CSM,Senior,EMP00146,"Austin, TX",Hybrid,2025-07-24,,Active,,,132000,1.01
EMP00651,Raj,Thomas,Male,27.0,Single,Bachelor's Degree,Engineering,Software Engineer I,Entry-Level,EMP01658,Remote,Remote,2024-02-26,2025-08-13,Terminated,Voluntary,Work-Life Balance,92000,1.46
EMP00652,Yuki,Wright,Female,21.0,Married,Bachelor's Degree,Customer Success,Senior CSM,Senior,EMP00585,"San Francisco, CA",Hybrid,2025-04-01,2025-04-11,Terminated,Voluntary,Personal Reasons,89500,0.03
EMP00653,Liam,Khan,Male,28.0,Single,Bachelor's Degree,Marketing,Marketing Specialist,Mid-Level,EMP01264,"Denver, CO",Onsite,2025-06-21,,Active,,,86500,1.1
EMP00654,Kofi,Young,Male,32.0,Single,Associate's Degree,Customer Success,Senior CSM,Senior,EMP01501,"Denver, CO",Hybrid,2023-03-03,,Active,,,103000,3.4
EMP00655,Emily,Jackson,Female,36.0,Single,Bachelor's Degree,Finance,Finance Manager,Manager,EMP01386,"Chicago, IL",Hybrid,2024-11-20,,Active,,,139500,1.68
EMP00656,Charlotte,Gonzalez,Female,25.0,Single,High School,Marketing,Marketing Specialist,Mid-Level,EMP00641,Remote,Remote,2024-01-02,2024-06-27,Terminated,Voluntary,Personal Reasons,84500,0.48
EMP00657,Mia,Miller,Female,24.0,Married,Associate's Degree,People,Senior HR Business Partner,Senior,EMP00125,"New York, NY",Onsite,2023-04-09,2023-11-09,Terminated,Involuntary,Performance,109500,0.59
EMP00658,Lucia,Nguyen,Female,32.0,Divorced,Bachelor's Degree,Finance,Financial Analyst II,Mid-Level,EMP00437,Remote,Remote,2026-07-19,,Active,,,91000,0.02
EMP00659,Aisha,Roberts,Female,31.0,Single,Master's Degree,Customer Success,Customer Success Manager,Mid-Level,EMP00828,Remote,Remote,2024-10-15,2024-10-20,Terminated,Voluntary,Career Growth,73500,0.01
EMP00660,Wei,Costa,Male,27.0,Married,High School,Customer Success,Senior CSM,Senior,EMP01147,Remote,Remote,2026-03-18,,Active,,,108500,0.36
EMP00661,William,Wang,Male,21.0,Married,Bachelor's Degree,Engineering,Software Engineer I,Entry-Level,EMP00299,"New York, NY",Hybrid,2024-07-26,2025-04-29,Terminated,Voluntary,Personal Reasons,90500,0.76
EMP00662,Rebecca,Young,F,32.0,Married,Bachelor's Degree,sales,Account Executive,Mid-Level,EMP01580,"Austin, TX",Onsite,2025-11-11,,Active,,,100500,0.71
EMP00663,Noah,Lee,Male,26.0,Married,Master's Degree,Sales,Sales Development Rep,Entry-Level,EMP00482,"New York, NY",Hybrid,2026-01-25,,Active,,,73000,0.5
EMP00664,Mia,Adams,F,22.0,Single,High School,Engineering,Senior Software Engineer,Senior,EMP00557,Remote,Remote,2025-08-23,,Active,,,144500,0.93
EMP00665,James,Nilsson,Male,40.0,Married,Bachelor's Degree,Product,Director of Product,Director,EMP01486,"Austin, TX",Onsite,2025-04-16,,Active,,,253500,1.28
EMP00666,Nathan,Green,Male,45.0,Single,Master's Degree,Finance,Chief Financial Officer,C-Suite,EMP01180,Remote,Remote,2025-02-22,,Active,,,372500,1.43
EMP00667,Natalie,Harris,F,28.0,Single,Bachelor's Degree,People,HR Generalist,Mid-Level,EMP01630,Remote,Remote,2024-11-17,,Active,,,78500,1.69
EMP00668,Nicole,Lee,Female,27.0,Married,Bachelor's Degree,Marketing,Marketing Specialist,Mid-Level,EMP00369,"Chicago, IL",Hybrid,2026-06-05,,Active,,,87000,0.15
EMP00669,Adrian,Kone,Male,24.0,Married,Bachelor's Degree,Design,Product Designer,Mid-Level,EMP00684,"Chicago, IL",Onsite,2026-03-12,,Active,,,87500,0.38
EMP00670,Priya,Osei,Female,36.0,Single,Bachelor's Degree,Engineering,Engineering Manager,Manager,EMP01461,"Denver, CO",Hybrid,2026-07-11,,Active,,,189500,0.05
EMP00671,Amy,Ali,Female,22.0,Married,Master's Degree,Engineering,Software Engineer I,Entry-Level,EMP00375,"Chicago, IL",Hybrid,2023-12-30,2024-03-18,Terminated,Voluntary,Relocation,71000,0.22
EMP00672,Kevin,Kone,Male,56.0,Married,Master's Degree,ENGINEERING,Director of Engineering,Director,EMP00810,"New York, NY",Hybrid,2025-12-15,2026-01-18,Terminated,Voluntary,Personal Reasons,218500,0.09
EMP00673,Mason,Flores,Male,27.0,Married,Associate's Degree,Engineering,Software Engineer II,Mid-Level,,Remote,Remote,2026-06-27,,Active,,,93000,0.08
EMP00674,Amara,Kone,Female,44.0,Married,Master's Degree,Engineering,VP of Engineering,VP,EMP01037,"Chicago, IL",Hybrid,2024-03-03,,Active,,,286000,2.4
EMP00675,Divya,Williams,Female,43.0,Married,Bachelor's Degree,People,People Team Lead,Manager,EMP00174,Remote,Remote,2023-05-01,2025-10-15,Terminated,Voluntary,Work-Life Balance,143500,2.46
EMP00676,John,Lopez,Male,29.0,Married,Master's Degree,Customer Success,CS Team Lead,Manager,EMP01021,Remote,Remote,2025-12-20,,Active,,,119500,0.6
EMP00677,Zainab,Patel,Female,26.0,Single,Bachelor's Degree,Engineering,Software Engineer II,Mid-Level,EMP01133,"Austin, TX",Hybrid,2025-07-29,,Active,,,99000,1.0
EMP00678,Angela,Abara,Female,21.0,Single,Bachelor's Degree,ENGINEERING,Software Engineer I,Entry-Level,EMP00708,"Austin, TX",Hybrid,2026-03-16,,Active,,,89000,0.37
EMP00679,Elizabeth,Ahmed,Female,30.0,Single,Bachelor's Degree,Sales,Account Executive,Mid-Level,EMP00848,Remote,Remote,2024-01-02,2026-03-09,Terminated,Voluntary,Compensation,96000,2.18
EMP00680,Divya,Walker,Female,25.0,Married,Bachelor's Degree,Engineering,Software Engineer II,Mid-Level,EMP01565,"San Francisco, CA",Hybrid,2026-02-02,,Active,,,90000,0.48
EMP00681,Andrew,Ramirez,Male,27.0,Married,Master's Degree,Finance,Financial Analyst I,Entry-Level,EMP00941,"Denver, CO",Onsite,2024-04-03,2025-07-17,Terminated,Voluntary,Better Opportunity Elsewhere,77000,1.29
EMP00682,Raj,Dubois,Male,29.0,Divorced,Bachelor's Degree,Design,Product Designer,Mid-Level,EMP00266,"New York, NY",Onsite,2024-02-08,2025-06-25,Terminated,Voluntary,Compensation,114500,1.38
EMP00683,Sophia,Rivera,Female,30.0,Married,Bachelor's Degree,Design,Product Designer,Mid-Level,EMP00478,"Austin, TX",Onsite,2024-02-24,2024-06-30,Terminated,Voluntary,Better Opportunity Elsewhere,87500,0.35
EMP00684,Amara,Miller,Female,32.0,Single,Bachelor's Degree,Design,Senior Product Designer,Senior,EMP01724,"Austin, TX",Onsite,2026-03-28,,Active,,,145000,0.33
EMP00685,Zainab,Miller,Female,29.0,Single,Bachelor's Degree,Engineering,Senior Software Engineer,Senior,EMP01154,Remote,Remote,2025-10-15,2025-10-30,Terminated,Involuntary,Budget Reduction,115000,0.04
EMP00686,Femi,Torres,Male,21.0,Single,Bachelor's Degree,Sales,Sales Development Rep,Entry-Level,EMP00320,"Denver, CO",Hybrid,2025-06-07,,Active,,,65000,1.14
EMP00687,Carlos,Kone,Male,48.0,Married,Master's Degree,CUSTOMER SUCCESS,VP of Customer Success,VP,EMP00759,"New York, NY",Onsite,2024-12-06,,Active,,,210500,1.64
EMP00688,Nathan,Silva,Male,30.0,Married,Bachelor's Degree,Customer Success,Support Associate,Entry-Level,EMP01338,Remote,Remote,2026-04-09,,Active,,,56500,0.3
EMP00689,Kenji,Okafor,Male,23.0,Divorced,Master's Degree,Engineering,Software Engineer II,Mid-Level,EMP00947,"Austin, TX",Hybrid,2025-01-20,,Active,,,124000,1.52
EMP00690,Sione,Torres,M,30.0,Married,Bachelor's Degree,Sales,Account Executive,Mid-Level,EMP00712,"San Francisco, CA",Hybrid,2026-03-28,,Active,,,111000,0.33
EMP00691,Grace,Rossi,Female,30.0,Married,Bachelor's Degree,Sales,Sales Manager,Manager,EMP01536,Remote,Remote,2025-03-01,,Active,,,130500,1.41
EMP00692,Mohammed,Johnson,Male,25.0,Married,Master's Degree,Marketing,Marketing Coordinator,Entry-Level,EMP01199,Remote,Remote,2024-12-08,2025-06-19,Terminated,Voluntary,Better Opportunity Elsewhere,55500,0.53
EMP00693,Priya,Wilson,Female,29.0,Divorced,Master's Degree,Product,Product Manager,Mid-Level,EMP00870,"New York, NY",Hybrid,2025-04-23,2025-08-03,Terminated,Voluntary,Relocation,86500,0.28
EMP00694,Kwame,Kumar,Male,28.0,Married,Bachelor's Degree,Product,Senior Product Manager,Senior,EMP00383,Remote,Remote,2024-09-23,2025-03-16,Terminated,Voluntary,Return to School,149500,0.48
EMP00695,Anjali,Moore,Female,24.0,Married,Master's Degree,Sales,Sales Development Rep,Entry-Level,,Remote,Remote,2026-01-03,,Active,,,64500,0.56
EMP00696,Ryan,King,Male,33.0,Married,Associate's Degree,Sales,Senior Account Executive,Senior,EMP00307,"Austin, TX",Hybrid,2025-05-04,,Active,,,164000,1.23
EMP00697,Samuel,Campbell,Male,38.0,Married,Associate's Degree,Sales,Senior Sales Manager,Senior Manager,EMP01731,"Austin, TX",Onsite,2024-06-26,,Active,,,213500,2.09
EMP00698,Arjun,Kim,Male,43.0,Single,Master's Degree,Sales,VP of Sales,VP,EMP00191,Remote,Remote,2026-05-25,,Active,,,358000,0.18
EMP00699,Kenji,Campbell,Male,21.0,Single,Master's Degree,Sales,Sales Development Rep,Entry-Level,EMP01677,"San Francisco, CA",Onsite,2024-12-15,,Active,,,66000,1.62
EMP00700,Rachel,Garcia,Female,25.0,Single,Bachelor's Degree,Marketing,Marketing Specialist,Mid-Level,EMP00369,"Austin, TX",Hybrid,2025-06-06,,Active,,,94000,1.14
EMP00701,Nathan,Kim,Male,22.0,Married,Master's Degree,Sales,Account Executive,Mid-Level,EMP01557,Remote,Remote,2026-05-15,,Active,,,83500,0.2
EMP00702,Angela,Miller,Female,25.0,Married,Bachelor's Degree,Finance,Financial Analyst II,Mid-Level,EMP00153,"New York, NY",Onsite,2025-09-21,,Active,,,80000,0.85
EMP00703,Emma,Andersson,Female,25.0,Single,Associate's Degree,Sales,Account Executive,Mid-Level,EMP00255,"New York, NY",Hybrid,2023-12-03,2024-04-30,Terminated,Voluntary,Return to School,102000,0.41
EMP00704,Lauren,Schmidt,Female,28.0,Single,Bachelor's Degree,Finance,Financial Analyst I,Entry-Level,EMP00941,"Austin, TX",Hybrid,2026-06-25,,Active,,,68000,0.09
EMP00705,Adrian,Harris,Male,41.0,Single,Bachelor's Degree,Marketing,Director of Marketing,Director,EMP00148,"Chicago, IL",Onsite,2025-09-21,2025-12-24,Terminated,Voluntary,Better Opportunity Elsewhere,192000,0.26
EMP00706,Natalie,Campbell,Female,49.0,Married,Bachelor's Degree,Product,Senior Group PM,Senior Manager,EMP01417,"Denver, CO",Hybrid,2024-11-21,,Active,,,190000,1.68
EMP00707,Ahmed,Muller,Male,21.0,Single,Bachelor's Degree,Marketing,Marketing Coordinator,Entry-Level,EMP00357,"San Francisco, CA",Onsite,2024-01-14,2026-07-09,Terminated,Voluntary,Career Growth,82500,2.48
EMP00708,Amit,Torres,Male,28.0,Single,Bachelor's Degree,Engineering,Software Engineer II,Mid-Level,EMP01663,"San Francisco, CA",Hybrid,2026-02-20,,Active,,,121500,0.43
EMP00709,Emma,Martinez,Female,25.0,Single,Bachelor's Degree,Finance,Financial Analyst II,Mid-Level,EMP00426,"Denver, CO",Hybrid,2025-09-14,,Active,,,91500,0.87
EMP00710,Angela,Roberts,Female,22.0,Single,Master's Degree,Sales,Account Executive,Mid-Level,EMP00750,Remote,Remote,2025-06-04,2026-03-21,Terminated,Involuntary,Role Elimination / Restructuring,103500,0.79
EMP00711,Charles,Abara,Male,29.0,Married,Master's Degree,Engineering,Senior Software Engineer,Senior,EMP01661,Remote,Remote,2026-05-12,,Active,,,159000,0.21
EMP00712,Kenji,Khan,Male,29.0,Single,Bachelor's Degree,Sales,Senior Account Executive,Senior,EMP01083,"San Francisco, CA",Hybrid,2026-02-17,2026-02-23,Terminated,Voluntary,Better Opportunity Elsewhere,118000,0.02
EMP00713,Robert,Muller,Male,40.0,Married,Master's Degree,Legal,Legal Manager,Manager,EMP01568,Remote,Remote,2024-02-07,,Active,,,165000,2.47
EMP00714,Alexander,Scott,Male,33.0,Married,Bachelor's Degree,ENGINEERING,Staff Engineer,Staff,EMP01028,Remote,Remote,2024-10-09,2024-11-26,Terminated,Voluntary,Better Opportunity Elsewhere,198000,0.13
EMP00715,Anthony,Souza,Male,26.0,Divorced,Bachelor's Degree,Sales,Senior Account Executive,Senior,EMP00534,Remote,Remote,2024-07-03,2025-12-04,Terminated,Voluntary,Personal Reasons,154500,1.42
EMP00716,Angela,Costa,Female,31.0,Single,Master's Degree,Customer Success,Senior CSM,Senior,EMP00146,"Denver, CO",Hybrid,2026-01-28,2026-03-27,Terminated,Involuntary,Role Elimination / Restructuring,128500,0.16
EMP00717,Lauren,Thomas,Female,26.0,Single,Master's Degree,Marketing,Senior Marketing Specialist,Senior,EMP01368,"Austin, TX",Hybrid,2023-01-13,,Active,,,106000,3.54
EMP00718,Ana,Taylor,Female,25.0,Single,Bachelor's Degree,Design,Senior Product Designer,Senior,EMP00521,Remote,Remote,2025-07-15,,Active,,,114500,1.03
EMP00719,Carlos,Gonzalez,M,26.0,Single,Bachelor's Degree,Engineering,Software Engineer II,Mid-Level,EMP01639,"Austin, TX",Hybrid,2026-01-18,,Active,,,113500,0.52
EMP00720,Ngozi,Patel,Female,25.0,Married,Bachelor's Degree,engineering,Software Engineer I,Entry-Level,EMP00139,"Austin, TX",Onsite,2026-04-19,2026-05-09,Terminated,Voluntary,Personal Reasons,73000,0.05
EMP00721,Melissa,Mitchell,Female,27.0,Single,Bachelor's Degree,Sales,Account Executive,Mid-Level,EMP00935,"Denver, CO",Onsite,2024-11-01,,Active,,,93500,1.74
EMP00722,Stephanie,Baker,Female,28.0,Single,Bachelor's Degree,Sales,Account Executive,Mid-Level,EMP01157,Remote,Remote,2026-03-06,,Active,,,102000,0.39
EMP00723,Joseph,Schmidt,Male,36.0,Married,Associate's Degree,Finance,Director of Finance,Director,EMP01190,"San Francisco, CA",Hybrid,2023-11-27,2026-05-27,Terminated,Voluntary,Better Opportunity Elsewhere,191500,2.5
EMP00724,Justin,Campbell,M,28.0,Married,Master's Degree,Engineering,Software Engineer II,Mid-Level,EMP00757,"Chicago, IL",Onsite,2026-03-27,,Active,,,121500,0.34
EMP00725,Diego,Jackson,Male,27.0,Single,Master's Degree,Customer Success,Customer Success Manager,Mid-Level,EMP01449,"San Francisco, CA",Hybrid,2023-12-23,,Active,,,87500,2.6
EMP00726,Mia,Sanchez,Female,27.0,Single,Bachelor's Degree,Engineering,Software Engineer II,Mid-Level,EMP00178,Remote,Remote,2025-01-27,2026-03-13,Terminated,Voluntary,Compensation,116000,1.12
EMP00727,Rebecca,Santos,Female,30.0,Single,Master's Degree,Engineering,Senior Software Engineer,Senior,EMP00454,"Denver, CO",Onsite,2026-02-27,,Active,,,150500,0.41
EMP00728,Charlotte,Osei,Female,34.0,Divorced,Bachelor's Degree,Sales,Sales Development Rep,Entry-Level,EMP01437,"San Francisco, CA",Onsite,2024-02-02,2026-01-14,Terminated,Voluntary,Relocation,70000,1.95
EMP00729,Jason,Kim,Male,46.0,Married,Bachelor's Degree,Sales,Director of Sales,Director,EMP00298,"San Francisco, CA",Hybrid,2024-06-24,,Active,,,226500,2.09
EMP00730,Robert,Abara,Male,37.0,Married,Bachelor's Degree,CUSTOMER SUCCESS,CS Team Lead,Manager,EMP00366,"New York, NY",Hybrid,2025-12-14,,Active,,,137500,0.62
EMP00731,Jun,Garcia,Male,26.0,Divorced,Master's Degree,People,Senior HR Business Partner,Senior,EMP00796,"Austin, TX",Hybrid,2025-12-06,,Active,,,102500,0.64
EMP00732,Jun,Garcia,Male,28.0,Married,PhD,Sales,Senior Account Executive,Senior,EMP00735,"Austin, TX",Hybrid,2025-09-14,,Active,,,124000,0.87
EMP00733,Luis,Jones,Male,31.0,Single,Bachelor's Degree,Finance,Financial Analyst I,Entry-Level,EMP00556,"Chicago, IL",Onsite,2025-11-04,2026-06-17,Terminated,Voluntary,Career Growth,79000,0.62
EMP00734,Ngozi,Moore,Female,24.0,Single,Bachelor's Degree,People,HR Generalist,Mid-Level,EMP00480,"New York, NY",Hybrid,2025-06-21,,Active,,,106500,1.1
EMP00735,Raj,Nelson,Male,32.0,Married,Bachelor's Degree,Sales,Enterprise Account Executive,Staff,EMP01520,"Chicago, IL",Hybrid,2024-07-08,2024-12-30,Terminated,Voluntary,Return to School,162000,0.48
EMP00736,Yuki,Okafor,Female,23.0,Divorced,Master's Degree,Marketing,Marketing Coordinator,Entry-Level,EMP01608,"Austin, TX",Hybrid,2024-11-03,,Active,,,67500,1.73
EMP00737,John,Cohen,Male,28.0,Single,Bachelor's Degree,Sales,Account Executive,Mid-Level,EMP00893,"Denver, CO",Hybrid,2024-03-19,,Active,,,104000,2.36
EMP00738,Jason,Ahmed,Male,28.0,Married,Bachelor's Degree,Engineering,Senior Software Engineer,Senior,EMP00363,"New York, NY",Hybrid,2026-05-30,,Active,,,141000,0.16
EMP00739,Jun,Martin,Male,28.0,Divorced,Bachelor's Degree,Customer Success,Customer Success Manager,Mid-Level,EMP00716,"Austin, TX",Onsite,2025-07-14,,Active,,,88500,1.04
EMP00740,Lucia,Santos,Female,39.0,Single,Bachelor's Degree,Engineering,Director of Engineering,Director,EMP01739,"Denver, CO",Hybrid,2025-01-27,,Active,,,235000,1.5
EMP00741,Adrian,Osei,Male,30.0,Married,High School,Sales,Sales Development Rep,Entry-Level,EMP00616,"Austin, TX",Hybrid,2025-04-20,2025-08-03,Terminated,Voluntary,Return to School,71000,0.29
EMP00742,Aaliyah,Moore,Female,29.0,Single,Bachelor's Degree,Customer Success,Strategic CSM,Staff,EMP00353,Remote,Remote,2026-06-17,,Active,,,140000,0.11
EMP00743,Mason,Adams,Male,31.0,Married,Master's Degree,Engineering,Senior Software Engineer,Senior,EMP00542,"Chicago, IL",Onsite,2024-02-25,,Active,,,117000,2.42
EMP00744,Jessica,Costa,Female,30.0,Single,Bachelor's Degree,ENGINEERING,Staff Engineer,Staff,EMP00912,"Denver, CO",Hybrid,2025-08-08,2025-11-11,Terminated,Involuntary,Policy Violation,164500,0.26
EMP00745,Victoria,Green,Female,23.0,Married,Associate's Degree,People,HR Generalist,Mid-Level,EMP00525,"Austin, TX",Hybrid,2025-05-24,2025-11-21,Terminated,Voluntary,Compensation,73500,0.5
EMP00746,Kofi,Lee,Male,24.0,Married,Master's Degree,Sales,Account Executive,Mid-Level,EMP01510,"San Francisco, CA",Hybrid,2025-08-14,,Active,,,83000,0.95
EMP00747,Lucia,Patel,Female,27.0,Single,High School,Engineering,Engineering Manager,Manager,EMP00565,"New York, NY",Hybrid,2022-11-26,2023-01-18,Terminated,Voluntary,Career Growth,169500,0.15
EMP00748,Arjun,Costa,Male,29.0,Married,Bachelor's Degree,CUSTOMER SUCCESS,Customer Success Manager,Mid-Level,EMP01593,"Chicago, IL",Onsite,2026-04-06,,Active,,,83000,0.31
EMP00749,Jennifer,Hill,Female,22.0,Married,Bachelor's Degree,Sales,Account Executive,Mid-Level,EMP01279,"Austin, TX",Hybrid,2026-06-23,,Active,,,95500,0.1
EMP00750,Miguel,Bernard,Male,28.0,Married,Bachelor's Degree,Sales,Senior Account Executive,Senior,EMP01529,"Austin, TX",Onsite,2025-07-22,,Active,,,146500,1.02
EMP00751,Mark,Baker,Male,33.0,Single,PhD,Legal,Corporate Counsel,Senior,EMP00814,"San Francisco, CA",Onsite,2025-11-16,,Active,,,137000,0.7
EMP00752,Victoria,Abara,Female,30.0,Divorced,Master's Degree,Customer Success,Customer Success Manager,Mid-Level,EMP01217,"New York, NY",Onsite,2026-05-25,,Active,,,84000,0.18
EMP00753,Lucia,Osei,Female,34.0,Single,Bachelor's Degree,Product,Director of Product,Director,EMP00377,"Austin, TX",Hybrid,2025-11-19,2026-04-10,Terminated,Voluntary,Compensation,207500,0.39
EMP00754,Jun,Rossi,Male,28.0,Single,Bachelor's Degree,Customer Success,Customer Success Manager,Mid-Level,EMP00351,"New York, NY",Hybrid,2024-02-14,,Active,,,80000,2.45
EMP00755,Ngozi,Diallo,Female,32.0,Single,High School,People,HR Generalist,Mid-Level,EMP00384,"San Francisco, CA",Hybrid,2025-07-19,,Active,,,87000,1.02
EMP00756,Samuel,Andersson,Male,30.0,Single,Bachelor's Degree,Engineering,Staff Engineer,Staff,EMP01602,"New York, NY",Hybrid,2025-08-03,,Active,,,202000,0.98
EMP00757,Samuel,Hill,Male,32.0,Divorced,Bachelor's Degree,Engineering,Senior Software Engineer,Senior,EMP00330,"San Francisco, CA",Onsite,2025-02-10,,Active,,,175,1.46
EMP00758,Ngozi,Okafor,Female,30.0,Single,Bachelor's Degree,Engineering, Engineering Manager ,Manager,EMP00370,"Denver, CO",Onsite,2025-12-19,,Active,,,162000,0.61
EMP00759,Femi,Williams,Male,48.0,Single,Associate's Degree,Customer Success, Chief Customer Officer ,C-Suite,EMP01180,"Austin, TX",Onsite,2026-06-09,,Active,,,274000,0.13
EMP00760,Justin,Mitchell,Male,27.0,Married,High School,Sales,Account Executive,Mid-Level,EMP00300,"Austin, TX",Hybrid,2026-06-28,,Active,,,90000,0.08
EMP00761,Aisha,Nelson,Female,27.0,Married,Bachelor's Degree,Sales,Sales Development Rep,Entry-Level,EMP00710,"New York, NY",Hybrid,2025-03-20,,Active,,,57500,1.36
EMP00762,Justin,Anderson,Male,27.0,Married,Master's Degree,Finance,Financial Analyst I,Entry-Level,EMP01323,"San Francisco, CA",Hybrid,2023-11-13,,Active,,,79000,2.7
EMP00763,Lauren,Wang,Female,24.0,Single,Bachelor's Degree,Customer Success,Senior CSM,Senior,EMP00931,"New York, NY",Onsite,2026-07-07,,Active,,,101000,0.06
EMP00764,Hiroshi,Dubois,Male,,Married,High School,Engineering,Engineering Manager,Manager,EMP01409,Remote,Remote,2026-03-14,,Active,,,165000,0.37
EMP00765,Amit,Flores,Male,33.0,Single,Bachelor's Degree,Product,Product Manager,Mid-Level,EMP01567,Remote,Remote,2023-12-09,2024-11-21,Terminated,Voluntary,Personal Reasons,101000,0.95
EMP00766,Michael,Brown,Male,21.0,Divorced,Bachelor's Degree,Design,Junior Product Designer,Entry-Level,EMP01148,"San Francisco, CA",Hybrid,2026-05-27,,Active,,,75500,0.17
EMP00767,Lucia,Silva,Female,28.0,Married,Associate's Degree,Design,Junior Product Designer,Entry-Level,EMP00498,Remote,Remote,2026-04-28,,Active,,,72000,0.25
EMP00768,Ana,Okafor,F,42.0,Married,PhD,Customer Success,CS Team Lead,Manager,EMP01370,"New York, NY",Onsite,2025-06-23,,Active,,,156500,1.1
EMP00769,Ethan,King,Male,21.0,Single,PhD,People,HR Generalist,Mid-Level,EMP00525,"San Francisco, CA",Onsite,2025-08-25,,Active,,,96500,0.92
EMP00770,Lucas,Dubois,Male,24.0,Single,Master's Degree,Engineering,Software Engineer II,Mid-Level,EMP01467,Remote,Remote,2025-01-28,2026-07-01,Terminated,Voluntary,Work-Life Balance,128500,1.42
EMP00771,Mei,Nilsson,Female,29.0,Single,Bachelor's Degree,Sales,Account Executive,Mid-Level,EMP01131,Remote,Remote,2023-03-19,2023-11-21,Terminated,Voluntary,Work-Life Balance,99000,0.68
EMP00772,Benjamin,Robinson,Male,31.0,Single,Master's Degree,Customer Success,CS Team Lead,Manager,EMP01370,Remote,Remote,2024-11-15,2026-04-21,Terminated,Voluntary,Career Growth,124500,1.43
EMP00773,Laura,Miller,Female,36.0,Single,Associate's Degree,Design,Senior Product Designer,Senior,EMP00268,"Austin, TX",Hybrid,2026-02-20,,Active,,,142000,0.43
EMP00774,Raj,Dubois,Male,34.0,Married,Bachelor's Degree,Engineering,Senior Software Engineer,Senior,EMP00557,"Austin, TX",Hybrid,2022-08-14,2023-12-21,Terminated,Voluntary,Personal Reasons,173500,1.35
EMP00775,Stephanie,Mensah,Female,21.0,Single,Bachelor's Degree,Sales,Sales Development Rep,Entry-Level,EMP00804,"New York, NY",Onsite,2024-10-24,,Active,,,65000,1.76
EMP00776,Sione,Perez,Male,23.0,Married,Bachelor's Degree,Engineering,Software Engineer II,Mid-Level,EMP01682,"Chicago, IL",Hybrid,2025-01-06,2025-07-29,Terminated,Voluntary,Better Opportunity Elsewhere,97000,0.56
EMP00777,Ngozi,Levi,Female,33.0,Single,Bachelor's Degree,Finance,Senior Financial Analyst,Senior,EMP01102,"Austin, TX",Hybrid,2025-06-21,,Active,,,134000,1.1
EMP00778,Jessica,Souza,Female,47.0,Single,High School,Engineering,VP of Engineering,VP,EMP01037,Remote,Remote,2026-05-29,,Active,,,256500,0.16
EMP00779,Wei,Carter,Male,34.0,Married,PhD,Sales,Sales Development Rep,Entry-Level,EMP01587,"Denver, CO",Hybrid,2024-11-04,,Active,,,61000,1.73
EMP00780,Chidi,Jackson,Male,21.0,Married,PhD,Sales,Sales Development Rep,Entry-Level,EMP00703,"New York, NY",Hybrid,2024-11-08,2025-11-09,Terminated,Voluntary,Work-Life Balance,61500,1.0
EMP00781,Chioma,Young,Female,31.0,Married,Bachelor's Degree,Legal,Legal Coordinator,Entry-Level,EMP01674,"Denver, CO",Hybrid,2025-12-17,,Active,,,62500,0.61
EMP00782,Sophia,Jones,Female,23.0,Single,Bachelor's Degree,Engineering,Software Engineer II,Mid-Level,EMP00082,"Chicago, IL",Hybrid,2025-03-30,,Active,,,99500,1.33
EMP00783,Michael,Nilsson,Male,37.0,Married,Master's Degree,Engineering,Engineering Manager,Manager,EMP00123,"Austin, TX",Hybrid,2024-06-09,2024-09-08,Terminated,Voluntary,Better Opportunity Elsewhere,197000,0.25
EMP00784,Daniel,Anderson,M,28.0,Single,Master's Degree,Engineering,Software Engineer I,Entry-Level,EMP00886,Remote,Remote,2025-03-01,,Active,,,69000,1.41
EMP00785,Ava,Harris,Female,21.0,Single,Bachelor's Degree,Engineering,Software Engineer II,Mid-Level,EMP01185,"San Francisco, CA",Hybrid,2024-01-24,2025-08-11,Terminated,Voluntary,Career Growth,102500,1.55
EMP00786,Hiroshi,Williams,Male,31.0,Married,Master's Degree,Engineering,Software Engineer II,Mid-Level,EMP00523,"Austin, TX",Hybrid,2024-03-20,,Active,,,110500,2.35
EMP00787,Stephanie,Sharma,Female,30.0,Single,Master's Degree,Sales,Sales Development Rep,Entry-Level,EMP00031,Remote,Remote,2025-05-25,2026-05-09,Terminated,Involuntary,Budget Reduction,64000,0.96
EMP00788,Raj,Green,Male,32.0,Single,PhD,Engineering,Software Engineer II,Mid-Level,EMP01321,Remote,Remote,2025-02-14,,Active,,,122500,1.45
EMP00789,Michelle,Wang,Female,36.0,Divorced,Bachelor's Degree,Engineering,Software Engineer II,Mid-Level,EMP01639,Remote,Remote,2026-05-11,,Active,,,99000,0.21
EMP00790,Amanda,Martin,Female,31.0,Married,Bachelor's Degree,Marketing,Marketing Specialist,Mid-Level,EMP01615,Remote,Remote,2024-12-21,2025-03-29,Terminated,Voluntary,Career Growth,93500,0.27
EMP00791,Casey,Chen,Non-binary,27.0,Single,PhD,Product,Senior Product Manager,Senior,EMP01169,"Denver, CO",Hybrid,2025-07-03,,Active,,,132000,1.07
EMP00792,Diego,Clark,Male,35.0,Married,Bachelor's Degree,Product,Senior Product Manager,Senior,EMP01169,Remote,Remote,2025-09-09,2026-06-15,Terminated,Involuntary,Performance,153000,0.76
EMP00793,Maria,Chen,Female,21.0,Single,Master's Degree,Engineering,Software Engineer I,Entry-Level,EMP01708,"Austin, TX",Onsite,2022-10-27,,Active,,,77500,3.75
EMP00794,Jason,Abara,Male,41.0,Married,Bachelor's Degree,Legal,Director of Legal,Director,EMP01653,Remote,Remote,2025-10-14,,Active,,,242000,0.79
EMP00795,Divya,Costa,Female,33.0,Married,Bachelor's Degree,Engineering,Senior Software Engineer,Senior,EMP01322,"Chicago, IL",Hybrid,2024-03-30,,Active,,,165500,2.33
EMP00796,Carlos,Okafor,Male,34.0,Single,Bachelor's Degree,People,Principal People Partner,Staff,EMP00962,"Austin, TX",Hybrid,2026-07-09,,Active,,,157000,0.05
EMP00797,Luis,Davis,Male,30.0,Single,Bachelor's Degree,Customer Success,Support Associate,Entry-Level,EMP01247,"Denver, CO",Hybrid,2024-01-04,,Active,,,62000,2.56
EMP00798,Victoria,Moore,Female,35.0,Single,PhD,Engineering,Software Engineer I,Entry-Level,EMP00275,"New York, NY",Hybrid,2025-02-27,,Active,,,76000,1.41
EMP00799,Diego,Cohen,Male,21.0,Married,High School,Legal,Legal Coordinator,Entry-Level,EMP01426,"Chicago, IL",Hybrid,2023-07-04,2026-03-13,Terminated,Voluntary,Career Growth,89500,2.69
EMP00800,Lauren,Clark,Female,23.0,Married,Master's Degree,Engineering,Software Engineer I,Entry-Level,EMP00811,"Austin, TX",Onsite,2026-07-08,,Active,,,68500,0.05
EMP00801,Victoria,Schmidt,Female,28.0,Single,Master's Degree,Engineering,Software Engineer II,Mid-Level,EMP00924,Remote,Remote,2025-05-02,,Active,,,112500,1.24
EMP00802,Yuki,Adams,Female,39.0,Single,Bachelor's Degree,Marketing,Director of Marketing,Director,EMP00939,"Austin, TX",Hybrid,2025-08-09,2025-09-02,Terminated,Voluntary,Personal Reasons,205000,0.07
EMP00803,Thomas,Mensah,Male,26.0,Single,Master's Degree,Customer Success,Customer Success Manager,Mid-Level,EMP01219,"New York, NY",Onsite,2023-05-29,2025-07-22,Terminated,Voluntary,Return to School,69500,2.15
EMP00804,Daniel,Levi,Male,30.0,Single,Bachelor's Degree,Sales,Account Executive,Mid-Level,EMP01279,Remote,Remote,2026-01-14,2026-04-22,Terminated,Involuntary,Performance,96000,0.27
EMP00805,Fatima,Carter,Female,32.0,Single,Master's Degree,ENGINEERING,Senior Software Engineer,Senior,EMP00584,"Denver, CO",Onsite,2024-05-22,,Active,,,121000,2.18
EMP00806,Michael,Green,Male,25.0,Married,Bachelor's Degree,Sales,Sales Development Rep,Entry-Level,EMP01435,"San Francisco, CA",Hybrid,2026-05-09,,Active,,,70000,0.22
EMP00807,Samuel,Thompson,Male,30.0,Married,Bachelor's Degree,Customer Success,Senior CSM,Senior,EMP01048,"Austin, TX",Hybrid,2024-04-24,2026-01-29,Terminated,Voluntary,Relocation,138500,1.77
EMP00808,Omar,Ahmed,Male,29.0,Divorced,Bachelor's Degree,Engineering,Senior Software Engineer,Senior,EMP00330,"Chicago, IL",Onsite,2024-04-23,,Active,,,159000,2.26
EMP00809,John,Rossi,Male,39.0,Divorced,Master's Degree,Engineering,Engineering Manager,Manager,EMP00077,Remote,Remote,2023-01-16,,Active,,,256500,3.53
EMP00810,Sofia,Baker,Female,51.0,Married,Master's Degree,Engineering,VP of Engineering,VP,EMP01037,Remote,Remote,2025-04-29,,Active,,,298000,1.25
EMP00811,Justin,Ferrari,Male,31.0,Married,Bachelor's Degree,Engineering,Software Engineer II,Mid-Level,EMP00974,"Chicago, IL",Onsite,2025-07-30,2026-02-22,Terminated,Involuntary,Budget Reduction,103500,0.57
EMP00812,Ava,Rivera,Female,22.0,Divorced,Bachelor's Degree,People,HR Generalist,Mid-Level,EMP01630,"Austin, TX",Hybrid,2023-05-17,,Active,,,81000,3.2
EMP00813,Robert,King,Male,37.0,Single,Bachelor's Degree,Sales,Senior Sales Manager,Senior Manager,EMP01140,"San Francisco, CA",Onsite,2026-01-16,,Active,,,183500,0.53
EMP00814,Adrian,Costa,Male,33.0,Single,Master's Degree,Legal,Senior Counsel,Staff,EMP01465,"Austin, TX",Onsite,2025-03-30,,Active,,,187500,1.33
EMP00815,Noah,Mensah,Male,23.0,Single,High School,Design,Product Designer,Mid-Level,EMP00164,"San Francisco, CA",Onsite,2025-06-12,,Active,,,109500,1.13
EMP00816,David,Harris,Male,41.0,Married,Master's Degree,CUSTOMER SUCCESS,Director of Customer Success,Director,EMP00687,"San Francisco, CA",Hybrid,2025-03-03,,Active,,,212000,1.4
EMP00817,Nathan,Young,Male,24.0,Married,Bachelor's Degree,Engineering,Software Engineer I,Entry-Level,EMP01429,"San Francisco, CA",Onsite,2025-01-11,,Active,,,89500,1.54
EMP00818,Jessica,Scott,Female,46.0,Single,Bachelor's Degree,Product,Director of Product,Director,EMP01486,"Denver, CO",Onsite,2025-07-14,,Active,,,221000,1.04
EMP00819,William,Schmidt,Male,22.0,Married,Master's Degree,Engineering,Software Engineer I,Entry-Level,EMP00789,"San Francisco, CA",Onsite,2024-02-18,2024-12-27,Terminated,Voluntary,Return to School,67500,0.86
EMP00820,Brian,Hill,Male,,Married,Master's Degree,Product,Senior Product Manager,Senior,EMP00449,"Chicago, IL",Hybrid,2024-03-21,2025-10-24,Terminated,Voluntary,Career Growth,132500,1.59
EMP00821,Michael,Lewis,M,34.0,Single,Master's Degree,Sales,Senior Sales Manager,Senior Manager,EMP00380,Remote,Remote,2026-04-21,,Active,,,203000,0.27
EMP00822,Sione,Hill,Male,37.0,Single,Bachelor's Degree,Executive,Business Operations Director,Director,EMP00101,"Chicago, IL",Onsite,2026-06-05,2026-07-27,Terminated,Voluntary,Better Opportunity Elsewhere,327000,0.14
EMP00823,Rebecca,Torres,Female,25.0,Single,Master's Degree,Customer Success,Customer Success Manager,Mid-Level,EMP00909,Remote,Remote,2024-12-16,2025-11-28,Terminated,Voluntary,Relocation,80000,0.95
EMP00824,William,Clark,M,27.0,Single,Bachelor's Degree,ENGINEERING,Software Engineer II,Mid-Level,EMP00374,Remote,Remote,2024-08-20,2026-05-13,Terminated,Voluntary,Work-Life Balance,100500,1.73
EMP00825,Andrew,Diallo,Male,30.0,Married,PhD,Engineering,Director of Engineering,Director,EMP01285,"San Francisco, CA",Hybrid,2025-10-05,,Active,,,248500,0.81
EMP00826,Arjun,Green,Male,37.0,Married,Bachelor's Degree,Engineering,Engineering Manager,Manager,EMP01528,"Austin, TX",Hybrid,2025-02-03,,Active,,,169000,1.48
EMP00827,Sophia,Mensah,Female,37.0,Married,Bachelor's Degree,Sales,Senior Account Executive,Senior,EMP01299,"Austin, TX",Onsite,2022-12-12,2025-11-26,Terminated,Voluntary,Return to School,167500,2.96
EMP00828,Matthew,Hall,Male,33.0,Married,Bachelor's Degree,Customer Success,Senior CSM,Senior,EMP00742,"San Francisco, CA",Hybrid,2024-02-01,2024-04-02,Terminated,Voluntary,Compensation,125000,0.17
EMP00829,Chioma,Schmidt,Female,34.0,Married,Bachelor's Degree,Finance,Finance Manager,Manager,EMP01386,"Chicago, IL",Onsite,2025-12-21,,Active,,,162000,0.6
EMP00830,Jason,Scott,Male,22.0,Married,Bachelor's Degree,Engineering,Software Engineer II,Mid-Level,EMP00151,Remote,Remote,2025-10-29,,Active,,,94000,0.74
EMP00831,Divya,Torres,Female,21.0,Married,Master's Degree,Sales,Account Executive,Mid-Level,EMP01510,Remote,Remote,2022-12-09,2023-04-01,Terminated,Voluntary,Career Growth,105000,0.31
EMP00832,Mia,Thomas,Female,22.0,Married,Master's Degree,Sales,Senior Account Executive,Senior,EMP01457,"Austin, TX",Hybrid,2024-05-29,,Active,,,119000,2.16
EMP00833,Rachel,Nilsson,Female,26.0,Married,Associate's Degree,Customer Success,Customer Success Manager,Mid-Level,EMP01537,Remote,Remote,2024-06-09,2025-05-19,Terminated,Voluntary,Compensation,79500,0.94
EMP00834,Adrian,Ferrari,M,33.0,Single,Bachelor's Degree,SALES,Sales Development Rep,Entry-Level,EMP00960,"San Francisco, CA",Hybrid,2025-10-04,,Active,,,75000,0.81
EMP00835,Jose,Carter,Male,21.0,Married,Bachelor's Degree,Customer Success,Support Associate,Entry-Level,EMP01018,Remote,Remote,2022-11-03,2023-03-25,Terminated,Voluntary,Career Growth,57500,0.39
EMP00836,Ryan,Patel,Male,27.0,Single,Master's Degree,Customer Success,Support Associate,Entry-Level,EMP00316,"Austin, TX",Onsite,2023-10-17,2024-09-22,Terminated,Involuntary,Performance,60000,0.93
EMP00837,Femi,Hall,Male,32.0,Married,Bachelor's Degree,Engineering,Engineering Manager,Manager,EMP01290,"Austin, TX",Onsite,2026-02-02,2026-05-26,Terminated,Voluntary,Return to School,173500,0.31
EMP00838,Femi,Jackson,Male,25.0,Single,Bachelor's Degree,Customer Success,Customer Success Manager,Mid-Level,EMP00853,"San Francisco, CA",Hybrid,2024-03-24,2024-05-10,Terminated,Involuntary,Performance,72500,0.13
EMP00839,Samuel,Nguyen,Male,25.0,Single,Master's Degree,Engineering,Senior Software Engineer,Senior,EMP01307,Remote,Remote,2025-10-01,,Active,,,157500,0.82
EMP00840,Charlotte,Garcia,Female,21.0,Divorced,Bachelor's Degree,Customer Success,Customer Success Manager,Mid-Level,EMP00351,"San Francisco, CA",Hybrid,2024-06-08,2024-07-31,Terminated,Voluntary,Compensation,83000,0.15
EMP00841,Matthew,Torres,Male,27.0,Single,Bachelor's Degree,Design,Product Designer,Mid-Level,EMP00639,"Austin, TX",Hybrid,2023-09-13,2023-12-14,Terminated,Voluntary,Personal Reasons,105000,0.25
EMP00842,Adrian,Hernandez,Male,28.0,Single,Master's Degree,Sales,Account Executive,Mid-Level,EMP00046,Remote,Remote,2024-06-23,,Active,,,109500,2.09
EMP00843,Ryan,Hall,Male,35.0,Single,High School,People,Principal People Partner,Staff,EMP00106,Remote,Remote,2025-12-15,,Active,,,147000,0.62
EMP00844,Casey,Sharma,Non-binary,22.0,Married,Master's Degree,PEOPLE,Senior HR Business Partner,Senior,EMP00928,"Austin, TX",Onsite,2026-04-08,,Active,,,141500,0.3
EMP00845,Christopher,Allen,Male,45.0,Married,High School,Marketing,Director of Marketing,Director,EMP00939,"Chicago, IL",Hybrid,2026-03-12,,Active,,,189000,0.38
EMP00846,Aaliyah,Mensah,Female,34.0,Married,Master's Degree,Sales,Senior Account Executive,Senior,EMP00534,"San Francisco, CA",Hybrid,2025-01-22,2025-05-29,Terminated,Voluntary,Return to School,128500,0.35
EMP00847,Michael,Ramirez,Male,32.0,Married,High School,CUSTOMER SUCCESS,Senior CSM,Senior,EMP01048,"San Francisco, CA",Onsite,2025-10-12,,Active,,,120500,0.79
EMP00848,Mark,Sanchez,Male,28.0,Single,Master's Degree,Sales, Senior Account Executive ,Senior,EMP01647,"New York, NY",Hybrid,2024-04-14,2024-04-27,Terminated,Involuntary,Performance,164000,0.04
EMP00849,Kofi,Rossi,Male,42.0,Single,High School,Marketing,Director of Marketing,Director,EMP00148,"New York, NY",Onsite,2024-09-15,,Active,,,208000,1.86
EMP00850,Lucas,Wright,Male,32.0,Single,Master's Degree,Design,Staff Designer,Staff,EMP00124,"New York, NY",Hybrid,2026-05-15,,Active,,,157000,0.2
EMP00851,Lucia,Schmidt,Female,28.0,Married,Bachelor's Degree,Legal,Legal Coordinator,Entry-Level,EMP01269,"Denver, CO",Hybrid,2022-10-09,2023-10-29,Terminated,Voluntary,Better Opportunity Elsewhere,82500,1.05
EMP00852,Mei,Wright,Female,28.0,Married,Bachelor's Degree,FINANCE,Senior Financial Analyst,Senior,EMP01135,"New York, NY",Onsite,2023-08-19,,Active,,,140000,2.94
EMP00853,Alexander,Moore,M,30.0,Single,Master's Degree,Customer Success,Senior CSM,Senior,EMP01048,"Chicago, IL",Hybrid,2024-05-26,,Active,,,139500,2.17
EMP00854,Emily,Wilson,Female,25.0,Single,Bachelor's Degree,Engineering,Engineering Manager,Manager,,"Chicago, IL",Hybrid,2022-12-20,,Active,,,203500,3.6
EMP00855,Robert,Costa,Male,25.0,Single,Bachelor's Degree,Engineering,Software Engineer I,Entry-Level,EMP01325,"New York, NY",Onsite,2024-03-29,,Active,,,96500,2.33
EMP00856,Quinn,Bernard,Non-binary,32.0,Married,High School,Marketing,Marketing Manager,Manager,EMP00407,"Austin, TX",Onsite,2025-07-22,,Active,,,140,1.02
EMP00857,Morgan,Walker,Non-binary,43.0,Single,Bachelor's Degree,Engineering,Director of Engineering,Director,EMP01062,"Chicago, IL",Onsite,2025-02-08,,Active,,,246000,1.46
EMP00858,Christopher,Young,Male,30.0,Single,Bachelor's Degree,Marketing,Marketing Specialist,Mid-Level,EMP00208,Remote,Remote,2026-05-21,,Active,,,81000,0.19
EMP00859,Mason,Miller,Male,32.0,Single,Bachelor's Degree,Sales,Sales Manager,Manager,EMP00637,"Chicago, IL",Hybrid,2026-03-19,,Active,,,158500,0.36
EMP00860,Adrian,Levi,Male,24.0,Married,Bachelor's Degree,Design,Junior Product Designer,Entry-Level,EMP01158,"Denver, CO",Onsite,2024-11-06,,Active,,,80000,1.72
EMP00861,Hannah,Lewis,Female,25.0,Married,Master's Degree,People,HR Generalist,Mid-Level,EMP00480,"San Francisco, CA",Onsite,2024-07-20,,Active,,,76500,2.02
EMP00862,Lucas,Robinson,Male,26.0,Single,Bachelor's Degree,Sales,Sales Development Rep,Entry-Level,EMP00932,"Chicago, IL",Onsite,2024-12-25,,Active,,,68000,1.59
EMP00863,Leilani,Miller,Female,28.0,Married,High School,sales,Sales Development Rep,Entry-Level,EMP01312,"San Francisco, CA",Onsite,2025-08-29,,Active,,,65000,0.91
EMP00864,Elizabeth,Gonzalez,Female,38.0,Married,Associate's Degree,Sales,Sales Manager,Manager,EMP01189,Remote,Remote,2024-08-19,,Active,,,163500,1.94
EMP00865,Kofi,Chen,Male,22.0,Divorced,Master's Degree,Product,Associate Product Manager,Entry-Level,EMP01560,"Chicago, IL",Onsite,2025-09-04,2026-05-02,Terminated,Voluntary,Work-Life Balance,71500,0.66
EMP00866,David,Nelson,Male,34.0,Single,Bachelor's Degree,Customer Success,Customer Success Manager,Mid-Level,EMP01375,"San Francisco, CA",Onsite,2025-02-23,,Active,,,77500,1.42
EMP00867,Sofia,Okafor,Female,27.0,Married,Bachelor's Degree,Engineering,Software Engineer I,Entry-Level,EMP01097,"New York, NY",Onsite,2025-06-07,,Active,,,84000,1.14
EMP00868,Omar,Gonzalez,Male,33.0,Married,PhD,Finance, Financial Analyst II ,Mid-Level,EMP01490,Remote,Remote,2025-03-28,,Active,,,99000,1.33
EMP00869,Priya,Moore,Female,,Single,Bachelor's Degree,People,HR Coordinator,Entry-Level,EMP01117,"San Francisco, CA",Onsite,2024-09-28,,Active,,,60000,1.83
EMP00870,Ethan,Smith,Male,31.0,Married,Bachelor's Degree,Product,Senior Product Manager,Senior,EMP00382,"New York, NY",Hybrid,2026-06-04,,Active,,,133000,0.15
EMP00871,Jose,Muller,Male,23.0,Single,Bachelor's Degree,Customer Success,Support Associate,Entry-Level,EMP00388,"Chicago, IL",Hybrid,2026-01-22,,Active,,,57000,0.51
EMP00872,Robert,Lee,Male,33.0,Single,Master's Degree,Sales,Sales Manager,Manager,EMP01619,Remote,Remote,2024-01-12,2025-09-18,Terminated,Voluntary,Work-Life Balance,166000,1.68
EMP00873,Layla,Chen,Female,40.0,Single,Bachelor's Degree,Product,Group Product Manager,Manager,EMP00706,"Austin, TX",Onsite,2026-04-13,,Active,,,157500,0.29
EMP00874,Noah,Okafor,Male,25.0,Single,Master's Degree,Legal,Legal Coordinator,Entry-Level,EMP00002,"Denver, CO",Hybrid,2025-05-03,2026-06-27,Terminated,Voluntary,Better Opportunity Elsewhere,68500,1.15
EMP00875,Ana,Mensah,Female,37.0,Single,Master's Degree,Engineering,Senior Engineering Manager,Senior Manager,EMP01268,Remote,Remote,2026-05-22,,Active,,,204000,0.18
EMP00876,James,Sanchez,Male,21.0,Married,Bachelor's Degree,Engineering,Software Engineer I,Entry-Level,EMP01079,Remote,Remote,2026-02-12,,Active,,,85500,0.45
EMP00877,Yuki,Torres,Female,34.0,Married,Master's Degree,Sales,Account Executive,Mid-Level,EMP00935,"Chicago, IL",Hybrid,2025-02-02,,Active,,,103000,1.48
EMP00878,Aisha,Adams,Female,25.0,Married,Bachelor's Degree,Sales,Account Executive,Mid-Level,EMP01672,Remote,Remote,2022-11-24,,Active,,,99000,3.67
EMP00879,Christopher,Torres,Male,21.0,Single,Bachelor's Degree,Sales,Account Executive,Mid-Level,EMP01580,"Denver, CO",Onsite,2024-08-02,,Active,,,101500,1.98
EMP00880,Priya,Davis,Female,27.0,Married,Bachelor's Degree,Customer Success,Customer Success Manager,Mid-Level,EMP00716,"New York, NY",Hybrid,2025-06-27,2025-09-27,Terminated,Involuntary,Role Elimination / Restructuring,80000,0.25
EMP00881,Jose,Lopez,Male,31.0,Divorced,Bachelor's Degree,Sales,Enterprise Account Executive,Staff,EMP00326,"Denver, CO",Hybrid,2025-09-23,,Active,,,181000,0.84
EMP00882,Liam,Nilsson,Male,26.0,Single,Bachelor's Degree,Sales,Account Executive,Mid-Level,EMP00149,"Austin, TX",Onsite,2024-07-09,2024-09-25,Terminated,Voluntary,Better Opportunity Elsewhere,90000,0.21
EMP00883,Raj,Robinson,Male,32.0,Married,Bachelor's Degree,Engineering,Senior Software Engineer,Senior,EMP00636,"New York, NY",Hybrid,2024-01-01,,Active,,,150000,2.57
EMP00884,Charlotte,Rossi,Female,23.0,Married,Bachelor's Degree,Product,Associate Product Manager,Entry-Level,EMP01586,"New York, NY",Onsite,2026-03-08,,Active,,,80,0.39
EMP00885,Rebecca,Jones,Female,31.0,Married,Bachelor's Degree,Engineering,Staff Engineer,Staff,EMP00295,Remote,Remote,2026-07-23,,Active,,,176000,0.01
EMP00886,Priya,Thompson,Female,33.0,Single,Bachelor's Degree,Engineering,Software Engineer II,Mid-Level,EMP01564,Remote,Remote,2025-06-06,,Active,,,129500,1.14
EMP00887,Kevin,Wang,Male,21.0,Single,Master's Degree,Sales,Sales Development Rep,Entry-Level,EMP01178,"Denver, CO",Hybrid,2024-03-06,2024-12-08,Terminated,Voluntary,Relocation,60000,0.76
EMP00888,Grace,Thompson,Female,24.0,Married,High School,Engineering,Software Engineer II,Mid-Level,EMP01423,"San Francisco, CA",Hybrid,2024-08-22,,Active,,,79000,1.93
EMP00889,Ahmed,Jones,Male,28.0,Divorced,Master's Degree,engineering,Software Engineer I,Entry-Level,EMP01215,"Austin, TX",Onsite,2022-11-25,2023-10-06,Terminated,Voluntary,Career Growth,92500,0.86
EMP00890,Ava,Patel,Female,30.0,Single,Bachelor's Degree,Engineering,Software Engineer II,Mid-Level,EMP00162,"San Francisco, CA",Hybrid,2026-05-18,,Active,,,118500,0.19
EMP00891,Charles,Kone,Male,40.0,Divorced,Bachelor's Degree,Finance, Finance Manager ,Manager,EMP01496,"Chicago, IL",Hybrid,2023-12-17,2026-02-27,Terminated,Involuntary,Budget Reduction,176000,2.2
EMP00892,Quinn,White,Non-binary,33.0,Single,Bachelor's Degree,Finance,Financial Analyst I,Entry-Level,EMP01494,"San Francisco, CA",Hybrid,2025-07-29,,Active,,,80500,1.0
EMP00893,Ngozi,Nguyen,Female,37.0,Single,Bachelor's Degree,Sales,Senior Account Executive,Senior,EMP00881,"New York, NY",Hybrid,2024-08-12,2025-02-07,Terminated,Voluntary,Compensation,128500,0.49
EMP00894,Natalie,Jones,Female,24.0,Single,Bachelor's Degree,Finance,Senior Financial Analyst,Senior,EMP00516,"New York, NY",Onsite,2025-07-06,,Active,,,129500,1.06
EMP00895,Fatima,Johnson,Female,28.0,Married,Bachelor's Degree,Customer Success,CS Team Lead,Manager,EMP00524,Remote,Remote,2025-10-26,,Active,,,113500,0.75
EMP00896,Raj,Hill,Male,28.0,Single,Associate's Degree,Sales,Account Executive,Mid-Level,EMP01289,Remote,Remote,2026-03-27,2026-06-18,Terminated,Voluntary,Compensation,96500,0.23
EMP00897,Priya,Andersson,Female,21.0,Single,Associate's Degree,Engineering,Software Engineer II,Mid-Level,EMP00331,"Chicago, IL",Hybrid,2024-05-08,,Active,,,117000,2.22
EMP00898,Benjamin,Santos,Male,29.0,Married,Bachelor's Degree,Customer Success,Director of Customer Success,Director,EMP01112,"San Francisco, CA",Onsite,2022-10-19,,Active,,,199500,3.77
EMP00899,Aaliyah,Wilson,Female,31.0,Divorced,Master's Degree,Customer Success,Senior CSM,Senior,EMP00246,"New York, NY",Hybrid,2024-01-28,2025-03-08,Terminated,Voluntary,Work-Life Balance,122000,1.11
EMP00900,Lauren,Nelson,Female,17.0,Single,High School,Sales,Account Executive,Mid-Level,EMP01116,"Austin, TX",Onsite,2026-05-10,,Active,,,85000,0.22
EMP00901,Maria,Torres,Female,32.0,Single,Bachelor's Degree,Customer Success,Support Associate,Entry-Level,EMP00397,"Austin, TX",Hybrid,2026-04-01,,Active,,,60500,0.32
EMP00902,William,Ahmed,Male,30.0,Married,Master's Degree,Sales,Account Executive,Mid-Level,EMP01363,"Austin, TX",Onsite,2025-08-25,,Active,,,114500,0.92
EMP00903,Daniel,Ferrari,Male,38.0,Married,Bachelor's Degree,Customer Success,Senior CSM,Senior,EMP00115,"Austin, TX",Onsite,2025-08-29,,Active,,,93000,0.91
EMP00904,Charles,Levi,Male,31.0,Single,High School,Finance,Senior Financial Analyst,Senior,EMP01135,"Austin, TX",Hybrid,2025-10-13,,Active,,,130000,0.79
EMP00905,Anjali,Kone,Female,21.0,Divorced,Bachelor's Degree,Product,Associate Product Manager,Entry-Level,EMP00460,"San Francisco, CA",Hybrid,2024-03-17,2024-07-10,Terminated,Voluntary,Better Opportunity Elsewhere,82000,0.31
EMP00906,William,Moore,Male,33.0,Single,Bachelor's Degree,Customer Success,Senior CSM,Senior,EMP00931,"Austin, TX",Hybrid,2026-05-03,,Active,,,107000,0.24
EMP00907,Nathan,Abara,Male,36.0,Married,Bachelor's Degree,Sales,Senior Account Executive,Senior,EMP01457,"Chicago, IL",Onsite,2025-02-08,,Active,,,118000,1.46
EMP00908,Divya,Ali,Female,29.0,Single,Bachelor's Degree,Customer Success,Customer Success Manager,Mid-Level,EMP01219,Remote,Remote,2024-12-14,,Active,,,70500,1.62
EMP00909,Chioma,Wright,Female,36.0,Married,Bachelor's Degree,Customer Success,Senior CSM,Senior,EMP01092,Remote,Remote,2025-06-03,,Active,,,108500,1.15
EMP00910,Sione,Harris,Male,35.0,Single,Bachelor's Degree,Engineering,Senior Engineering Manager,Senior Manager,EMP01535,"Austin, TX",Hybrid,2023-02-16,,Active,,,205500,3.44
EMP00911,Ethan,Anderson,Male,29.0,Married,Master's Degree,Customer Success,Customer Success Manager,Mid-Level,EMP00365,"New York, NY",Onsite,2024-02-13,2024-07-27,Terminated,Involuntary,Budget Reduction,67000,0.45
EMP00912,Lucia,Nelson,Female,34.0,Divorced,Bachelor's Degree,Engineering,Engineering Manager,Manager,EMP01290,Remote,Remote,2025-12-20,,Active,,,164000,0.6
EMP00913,Luis,Lee,Male,35.0,Married,Master's Degree,Customer Success,Support Associate,Entry-Level,EMP00010,"Austin, TX",Hybrid,2023-07-24,2024-01-01,Terminated,Voluntary,Compensation,57500,0.44
EMP00914,Jessica,Ahmed,Female,28.0,Married,Master's Degree,Sales,Sales Development Rep,Entry-Level,EMP00882,Remote,Remote,2025-08-17,,Active,,,60000,0.94
EMP00915,Amit,Allen,Male,22.0,Single,Master's Degree,Customer Success,Customer Success Manager,Mid-Level,EMP01449,"Denver, CO",Hybrid,2024-07-13,2026-03-21,Terminated,Voluntary,Career Growth,77000,1.69
EMP00916,Maria,White,Female,32.0,Divorced,Master's Degree,Engineering,Software Engineer I,Entry-Level,EMP00163,Remote,Remote,2025-01-29,2025-06-09,Terminated,Voluntary,Compensation,69500,0.36
EMP00917,Kevin,Johnson,Male,24.0,Divorced,Bachelor's Degree,Sales,Senior Account Executive,Senior,EMP01647,Remote,Remote,2024-09-06,,Active,,,128500,1.89
EMP00918,Amit,Baker,Male,24.0,Married,Bachelor's Degree,engineering,Software Engineer I,Entry-Level,EMP01273,"Chicago, IL",Hybrid,2024-11-17,,Active,,,87000,1.69
EMP00919,Kimberly,Nguyen,Female,37.0,Married,Bachelor's Degree,Marketing,Marketing Manager,Manager,EMP01205,"Chicago, IL",Onsite,2025-12-14,,Active,,,137500,0.62
EMP00920,Sofia,Andersson,Female,26.0,Divorced,Associate's Degree,Finance,Financial Analyst I,Entry-Level,EMP00868,"San Francisco, CA",Hybrid,2024-09-17,,Active,,,61000,1.86
EMP00921,Thomas,Harris,Male,46.0,Single,Bachelor's Degree,Executive,Chief of Staff,VP,EMP01180,"Austin, TX",Onsite,2025-07-30,,Active,,,365500,0.99
EMP00922,Ana,Thompson,Female,,Married,High School,Customer Success,Support Associate,Entry-Level,EMP01735,"New York, NY",Hybrid,2025-04-08,,Active,,,56000,1.3
EMP00923,Charles,Costa,Male,43.0,Married,High School,Customer Success,Director of Customer Success,Director,EMP01301,"Austin, TX",Hybrid,2025-10-11,,Active,,,173500,0.79
EMP00924,Leilani,Kim,Female,35.0,Married,Associate's Degree,Engineering,Senior Software Engineer,Senior,EMP00638,"Austin, TX",Hybrid,2026-06-20,,Active,,,129500,0.1
EMP00925,Mia,Singh,Female,29.0,Married,High School,Product,Associate Product Manager,Entry-Level,EMP00566,"San Francisco, CA",Onsite,2025-12-28,,Active,,,65000,0.58
EMP00926,Charles,Osei,Male,27.0,Married,High School,Sales, Enterprise Account Executive ,Staff,EMP00326,Remote,Remote,2024-05-01,,Active,,,189500,2.24
EMP00927,Zainab,Adams,Female,24.0,Single,Bachelor's Degree,Customer Success,Customer Success Manager,Mid-Level,EMP00763,"Austin, TX",Onsite,2022-12-26,2023-09-30,Terminated,Voluntary,Relocation,89000,0.76
EMP00928,James,Lopez,Male,28.0,Single,Associate's Degree,People,Principal People Partner,Staff,EMP01401,"San Francisco, CA",Hybrid,2024-07-07,2026-03-04,Terminated,Voluntary,Personal Reasons,176000,1.66
EMP00929,Ahmed,Kim,M,31.0,Single,Bachelor's Degree,Engineering,Senior Software Engineer,Senior,EMP01307,"New York, NY",Hybrid,2025-08-21,,Active,,,150500,0.93
EMP00930,Emily,Gonzalez,Female,23.0,Married,Bachelor's Degree,Finance,Finance Business Partner,Staff,EMP01629,"New York, NY",Onsite,2023-03-21,,Active,,,148500,3.35
EMP00931,Melissa,White,Female,27.0,Single,Master's Degree,Customer Success,Strategic CSM,Staff,EMP00587,"Austin, TX",Hybrid,2025-05-17,,Active,,,167500,1.2
EMP00932,William,Moore,Male,24.0,Single,High School,Sales,Account Executive,Mid-Level,EMP01363,Remote,Remote,2025-08-30,,Active,,,83000,0.91
EMP00933,Benjamin,Mensah,Male,21.0,Married,Master's Degree,engineering,Software Engineer I,Entry-Level,EMP00811,"Denver, CO",Hybrid,2024-11-10,,Active,,,69000,1.71
EMP00934,Jun,Adams,Male,35.0,Married,Bachelor's Degree,Engineering,Engineering Manager,Manager,EMP00565,"New York, NY",Onsite,2026-01-11,,Active,,,158500,0.54
EMP00935,Jamie,Young,Non-binary,21.0,Divorced,Bachelor's Degree,Sales, Senior Account Executive ,Senior,EMP01299,"Austin, TX",Onsite,2023-10-22,,Active,,,94500,2.77
EMP00936,Kwame,Smith,Male,29.0,Divorced,Master's Degree,Customer Success,Customer Success Manager,Mid-Level,EMP00654,"New York, NY",Hybrid,2023-06-09,2023-06-12,Terminated,Voluntary,Career Growth,74000,0.01
EMP00937,Nathan,King,Male,22.0,Married,Associate's Degree,Engineering,Software Engineer I,Entry-Level,EMP00994,Remote,Remote,2025-12-09,,Active,,,76000,0.63
EMP00938,William,Roberts,Male,24.0,Single,Bachelor's Degree,Sales,Account Executive,Mid-Level,EMP01471,"San Francisco, CA",Onsite,2025-05-24,2026-03-30,Terminated,Voluntary,Career Growth,94000,0.85
EMP00939,Mason,Walker,Male,42.0,Married,Bachelor's Degree,Marketing,VP of Marketing,VP,EMP01180,"San Francisco, CA",Onsite,2025-11-05,,Active,,,240500,0.73
EMP00940,Arjun,Khan,Male,27.0,Single,Master's Degree,Marketing,Marketing Specialist,Mid-Level,EMP00435,"Austin, TX",Hybrid,2025-02-17,2025-02-23,Terminated,Voluntary,Work-Life Balance,85500,0.02
EMP00941,Noah,Wright,Male,29.0,Married,Bachelor's Degree,Finance,Financial Analyst II,Mid-Level,EMP00153,Remote,Remote,2024-07-09,,Active,,,116000,2.05
EMP00942,Alexander,Nelson,Male,36.0,Married,PhD,Product,Senior Product Manager,Senior,,"Austin, TX",Hybrid,2026-03-17,,Active,,,118500,0.36
EMP00943,Amit,Hill,Male,40.0,Married,PhD,Product,Group Product Manager,Manager,EMP01569,Remote,Remote,2026-02-24,2026-05-05,Terminated,Voluntary,Better Opportunity Elsewhere,152500,0.19
EMP00944,Anjali,Dubois,Female,37.0,Single,Bachelor's Degree,Customer Success,Customer Success Manager,Mid-Level,EMP01593,"San Francisco, CA",Hybrid,2025-11-21,,Active,,,85000,0.68
EMP00945,Michael,Nilsson,Male,30.0,Single,Associate's Degree,Design,Product Designer,Mid-Level,EMP01361,"Denver, CO",Hybrid,2024-08-19,2024-07-20,Terminated,Voluntary,Return to School,106500,0.6
EMP00946,Melissa,Johnson,Female,41.0,Married,Bachelor's Degree,Engineering,Director of Engineering,Director,EMP01285,"Chicago, IL",Hybrid,2025-08-27,,Active,,,210500,0.92
EMP00947,Megan,King,Female,28.0,Single,Master's Degree,Engineering,Senior Software Engineer,Senior,EMP01307,"Austin, TX",Onsite,2024-12-07,,Active,,,165500,1.64
EMP00948,Amy,Campbell,Female,22.0,Divorced,High School,Design,Junior Product Designer,Entry-Level,EMP01726,"New York, NY",Hybrid,2023-08-23,2024-07-16,Terminated,Involuntary,Policy Violation,67500,0.9
EMP00949,Mei,Walker,Female,26.0,Married,Master's Degree,Engineering,Software Engineer I,Entry-Level,EMP00770,"San Francisco, CA",Hybrid,2026-05-09,,Active,,,64500,0.22
EMP00950,Mason,Davis,Male,22.0,Married,Master's Degree,Product,Product Manager,Mid-Level,EMP00694,"Austin, TX",Hybrid,2024-01-07,,Active,,,123000,2.55
EMP00951,William,Thomas,Male,28.0,Divorced,Master's Degree,Engineering,Software Engineer II,Mid-Level,EMP00303,Remote,Remote,2026-06-13,,Active,,,121500,0.12
EMP00952,Mark,Ali,Male,27.0,Married,Master's Degree,Engineering,Software Engineer II,Mid-Level,EMP01143,"Austin, TX",Onsite,2025-03-11,2025-03-16,Terminated,Voluntary,Better Opportunity Elsewhere,121500,0.01
EMP00953,Ethan,Flores,Male,32.0,Single,Bachelor's Degree,Sales,Senior Sales Manager,Senior Manager,,"Chicago, IL",Hybrid,2024-04-14,,Active,,,190000,2.29
EMP00954,Aaliyah,Lee,Female,21.0,Single,Bachelor's Degree,Sales,Sales Development Rep,Entry-Level,EMP01122,"San Francisco, CA",Hybrid,2025-06-19,,Active,,,77500,1.11
EMP00955,Carmen,Kim,Female,41.0,Married,Master's Degree,Customer Success,Senior CSM,Senior,EMP00594,"Austin, TX",Hybrid,2026-04-11,,Active,,,131000,0.3
EMP00956,Fatima,Abara,Female,21.0,Married,Master's Degree,ENGINEERING,Software Engineer II,Mid-Level,EMP01682,"Chicago, IL",Hybrid,2025-12-13,,Active,,,95500,0.62
EMP00957,Kwame,Flores,Male,32.0,Married,PhD,Engineering,Staff Engineer,Staff,EMP01542,"Denver, CO",Hybrid,2026-02-14,,Active,,,193000,0.45
EMP00958,Amara,Thomas,Female,35.0,Divorced,PhD,SALES,Senior Account Executive,Senior,EMP00647,"San Francisco, CA",Hybrid,2025-10-13,,Active,,,103500,0.79
EMP00959,Miguel,Nguyen,Male,26.0,Single,Bachelor's Degree,Sales,Sales Development Rep,Entry-Level,EMP01174,"New York, NY",Onsite,2025-11-01,,Active,,,80000,0.74
EMP00960,Hiroshi,Mitchell,Male,25.0,Single,Bachelor's Degree,Sales,Account Executive,Mid-Level,EMP00507,"San Francisco, CA",Hybrid,2026-04-08,,Active,,,87500,0.3
EMP00961,Samuel,Costa,Male,21.0,Single,Bachelor's Degree,Product,Associate Product Manager,Entry-Level,EMP01620,Remote,Remote,2024-07-12,2024-11-16,Terminated,Involuntary,Performance,64000,0.35
EMP00962,Zainab,Lewis,Female,36.0,Married,Master's Degree,People,People Team Lead,Manager,EMP00174,"San Francisco, CA",Hybrid,2025-05-19,,Active,,,135000,1.19
EMP00963,Luis,Lewis,Male,23.0,Single,Bachelor's Degree,Product,Group Product Manager,Manager,EMP00212,"San Francisco, CA",Hybrid,2024-05-12,2025-03-02,Terminated,Voluntary,Compensation,178500,0.8
EMP00964,Sofia,Moore,Female,28.0,Single,Master's Degree,Sales,Account Executive,Mid-Level,EMP01131,Remote,Remote,2026-07-08,,Active,,,89500,0.05
EMP00965,Mia,Mensah,Female,27.0,Married,Bachelor's Degree,Customer Success,Customer Success Manager,Mid-Level,EMP01088,"Austin, TX",Hybrid,2026-06-08,,Active,,,86000,0.14
EMP00966,Divya,Martin,Female,32.0,Single,Bachelor's Degree,Sales,Account Executive,Mid-Level,EMP01551,"San Francisco, CA",Onsite,2023-01-29,2026-04-16,Terminated,Voluntary,Compensation,94000,3.21
EMP00967,Charles,Ahmed,Male,24.0,Married,Bachelor's Degree,Product,Senior Product Manager,Senior,EMP01169,"San Francisco, CA",Hybrid,2025-11-21,2026-07-04,Terminated,Voluntary,Work-Life Balance,150000,0.62
EMP00968,Hannah,Santos,Female,25.0,Married,Bachelor's Degree,Design,Product Designer,Mid-Level,EMP00773,Remote,Remote,2026-06-13,,Active,,,90000,0.12
EMP00969,Rachel,Mitchell,Female,29.0,Single,Bachelor's Degree,Customer Success,Customer Success Manager,Mid-Level,EMP01744,Remote,Remote,2024-03-12,2025-04-05,Terminated,Voluntary,Return to School,77000,1.07
EMP00970,Justin,Wang,Male,28.0,Single,Bachelor's Degree,Engineering,Software Engineer II,Mid-Level,EMP01232,"Chicago, IL",Onsite,2025-07-29,,Active,,,103500,1.0
EMP00971,Matthew,Muller,Male,21.0,Divorced,Bachelor's Degree,Engineering,Software Engineer I,Entry-Level,EMP01226,"New York, NY",Hybrid,2026-05-16,,Active,,,83500,0.2
EMP00972,Benjamin,Okafor,Male,29.0,Single,High School,Product,Principal Product Manager,Staff,EMP01101,"Chicago, IL",Onsite,2023-01-01,,Active,,,192500,3.57
EMP00973,Brian,Rossi,Male,30.0,Single,Master's Degree,Marketing,Marketing Coordinator,Entry-Level,EMP01013,"New York, NY",Hybrid,2025-11-13,,Active,,,69000,0.7
EMP00974,Maria,Ramirez,Female,31.0,Single,Master's Degree,Engineering,Senior Software Engineer,Senior,EMP00036,"San Francisco, CA",Hybrid,2024-09-26,2026-03-03,Terminated,Involuntary,Performance,146500,1.43
EMP00975,Elizabeth,Young,Female,33.0,Single,Bachelor's Degree,Executive,Business Operations Director,Director,EMP00101,Remote,Remote,2026-06-07,,Active,,,309500,0.14
EMP00976,Samuel,Silva,Male,31.0,Married,Master's Degree,sales,Account Executive,Mid-Level,EMP00080,"Austin, TX",Hybrid,2026-07-26,,Active,,,96500,0.01
EMP00977,Ngozi,Hernandez,Female,22.0,Single,Bachelor's Degree,Legal,Corporate Counsel,Senior,EMP00814,"San Francisco, CA",Hybrid,2026-06-05,,Active,,,148500,0.15
EMP00978,Victoria,Levi,Female,45.0,Divorced,Bachelor's Degree,Finance,VP of Finance,VP,EMP00666,Remote,Remote,2025-04-08,,Active,,,378500,1.3
EMP00979,Mason,Khan,Male,35.0,Single,Bachelor's Degree,Sales,Enterprise Account Executive,Staff,EMP00236,"Chicago, IL",Onsite,2026-04-25,,Active,,,185500,0.26
EMP00980,Michelle,Levi,Female,32.0,Divorced,Bachelor's Degree,Engineering,Software Engineer II,Mid-Level,EMP01232,"Austin, TX",Hybrid,2026-03-27,,Active,,,89000,0.34
EMP00981,Emily,Campbell,Female,21.0,Married,Master's Degree,Engineering,Software Engineer I,Entry-Level,EMP00176,"Austin, TX",Hybrid,2024-10-14,2024-09-14,Terminated,Voluntary,Relocation,90000,0.41
EMP00982,Kimberly,Martinez,Female,38.0,Married,High School,Engineering,Engineering Manager,Manager,EMP00422,"New York, NY",Hybrid,2026-03-23,,Active,,,150000,0.35
EMP00983,Samuel,Andersson,Male,31.0,Married,Associate's Degree,Customer Success,Customer Success Manager,Mid-Level,EMP00528,"New York, NY",Hybrid,2023-01-30,,Active,,,97500,3.49
EMP00984,Fatima,Anderson,Female,21.0,Single,High School,Engineering,Software Engineer I,Entry-Level,EMP00547,"New York, NY",Hybrid,2025-08-13,2025-12-20,Terminated,Voluntary,Better Opportunity Elsewhere,73500,0.35
EMP00985,Charles,Davis,Male,36.0,Married,Bachelor's Degree,Product,Group Product Manager,Manager,EMP01569,"San Francisco, CA",Hybrid,2024-06-15,,Active,,,145500,2.12
EMP00986,Grace,Muller,Female,21.0,Single,Master's Degree,Sales,Sales Manager,Manager,EMP01283,Remote,Remote,2023-12-23,2024-11-25,Terminated,Voluntary,Relocation,139500,0.93
EMP00987,Chidi,Abara,Male,31.0,Single,High School,People,VP of People,VP,EMP01180,"San Francisco, CA",Hybrid,2023-06-17,2025-06-20,Terminated,Voluntary,Work-Life Balance,259500,2.01
EMP00988,Victoria,Sanchez,Female,43.0,Married,Bachelor's Degree,Engineering,Senior Engineering Manager,Senior Manager,EMP01175,"New York, NY",Hybrid,2025-11-15,,Active,,,211000,0.7
EMP00989,Ahmed,Nilsson,Male,33.0,Single,Bachelor's Degree,ENGINEERING,Engineering Manager,Manager,EMP00279,"New York, NY",Hybrid,2024-11-20,,Active,,,174500,1.68
EMP00990,Femi,Rossi,Male,22.0,Married,Bachelor's Degree,Engineering, Software Engineer I ,Entry-Level,EMP00182,"Austin, TX",Onsite,2025-12-18,,Active,,,69500,0.61
EMP00991,Megan,Martin,Female,25.0,Single,Bachelor's Degree,People,HR Coordinator,Entry-Level,EMP01482,"San Francisco, CA",Onsite,2023-05-18,,Active,,,78000,3.2
EMP00992,Christopher,Perez,Male,28.0,Married,High School,Customer Success,Senior CSM,Senior,EMP00585,Remote,Remote,2024-10-02,2025-02-23,Terminated,Voluntary,Career Growth,111000,0.39
EMP00993,Emily,Adams,F,28.0,Divorced,Bachelor's Degree,Engineering,Senior Software Engineer,Senior,EMP00744,Remote,Remote,2025-06-04,,Active,,,142000,1.15
EMP00994,Megan,Cohen,Female,29.0,Married,Bachelor's Degree,Engineering,Software Engineer II,Mid-Level,EMP01424,"Austin, TX",Onsite,2026-02-01,,Active,,,98500,0.48
EMP00995,Amy,Sharma,Female,21.0,Married,Bachelor's Degree,engineering,Software Engineer II,Mid-Level,EMP01051,Remote,Remote,2024-10-04,,Active,,,114000,1.81
EMP00996,Jose,Anderson,Male,32.0,Married,Bachelor's Degree,Engineering,Software Engineer II,Mid-Level,EMP00064,"San Francisco, CA",Hybrid,2025-09-18,,Active,,,107000,0.86
EMP00997,Michelle,Clark,Female,,Divorced,Bachelor's Degree,Finance,Senior Financial Analyst,Senior,EMP00930,"Denver, CO",Hybrid,2026-05-05,,Active,,,107000,0.23
EMP00998,Hannah,Dubois,Female,21.0,Single,Bachelor's Degree,Customer Success,Support Associate,Entry-Level,EMP01018,"Austin, TX",Hybrid,2025-09-19,,Active,,,51000,0.85
EMP00999,Jennifer,Diallo,Female,22.0,Married,Bachelor's Degree,Sales,Account Executive,Mid-Level,EMP00300,Remote,Remote,2024-06-15,2025-03-19,Terminated,Voluntary,Work-Life Balance,74500,0.76
EMP01000,Alexander,Lopez,Male,27.0,Single,Bachelor's Degree,Marketing,Marketing Specialist,Mid-Level,EMP01505,"Austin, TX",Hybrid,2022-11-28,2023-07-29,Terminated,Voluntary,Work-Life Balance,93500,0.67
EMP01001,Omar,Osei,Male,28.0,Single,Bachelor's Degree,Engineering,Senior Software Engineer,Senior,EMP00756,"Denver, CO",Hybrid,2026-04-08,,Active,,,160000,0.3
EMP01002,Andrew,Khan,Male,21.0,Single,Bachelor's Degree,Customer Success,Support Associate,Entry-Level,EMP01546,Remote,Remote,2022-11-20,2023-07-08,Terminated,Voluntary,Career Growth,64500,0.63
EMP01003,Charles,Davis,Male,27.0,Single,Bachelor's Degree,Marketing,Senior Marketing Specialist,Senior,EMP00358,"Austin, TX",Onsite,2026-04-17,,Active,,,121000,0.28
EMP01004,David,Ahmed,Male,26.0,Married,Bachelor's Degree,Product,Senior Product Manager,Senior,EMP00972,"New York, NY",Hybrid,2025-06-01,,Active,,,157500,1.16
EMP01005,John,Taylor,Male,32.0,Divorced,Bachelor's Degree,Customer Success,Customer Success Manager,Mid-Level,EMP00506,"Austin, TX",Onsite,2026-06-12,,Active,,,90000,0.13
EMP01006,Zainab,Osei,Female,25.0,Married,Master's Degree,Engineering,Software Engineer I,Entry-Level,EMP01544,"Chicago, IL",Onsite,2026-02-26,,Active,,,69500,0.42
EMP01007,Megan,Wang,F,34.0,Married,Bachelor's Degree,Engineering,Software Engineer II,Mid-Level,EMP01476,"San Francisco, CA",Hybrid,2026-07-19,,Active,,,111000,0.02
EMP01008,Mia,Ahmed,Female,24.0,Single,Bachelor's Degree,Engineering,Software Engineer II,Mid-Level,EMP01481,"Denver, CO",Hybrid,2024-11-15,2025-10-29,Terminated,Involuntary,Policy Violation,118000,0.95
EMP01009,Andrew,Andersson,Male,37.0,Single,Bachelor's Degree,Sales,Senior Sales Manager,Senior Manager,EMP00380,Remote,Remote,2026-01-09,,Active,,,182000,0.55
EMP01010,Liam,Davis,Male,26.0,Single,Bachelor's Degree,Customer Success,Support Associate,Entry-Level,EMP01735,"San Francisco, CA",Onsite,2025-01-07,2025-06-19,Terminated,Voluntary,Better Opportunity Elsewhere,68000,0.45
EMP01011,Jamie,Schmidt,Non-binary,32.0,Married,Bachelor's Degree,Finance,Senior Financial Analyst,Senior,EMP00045,"Austin, TX",Onsite,2025-04-02,,Active,,,125000,1.32
EMP01012,Jordan,Ali,Non-binary,27.0,Single,PhD,Sales,Sales Development Rep,Entry-Level,EMP01685,"Chicago, IL",Onsite,2025-09-29,2025-12-13,Terminated,Voluntary,Return to School,65000,0.21
EMP01013,Jennifer,Flores,Female,23.0,Married,Master's Degree,Marketing,Marketing Specialist,Mid-Level,EMP01103,Remote,Remote,2026-04-09,,Active,,,79000,0.3
EMP01014,Chioma,Williams,Female,26.0,Divorced,Master's Degree,Marketing,Senior Marketing Specialist,Senior,EMP00259,Remote,Remote,2026-07-10,,Active,,,129500,0.05
EMP01015,Anthony,Patel,Male,25.0,Married,Master's Degree,Engineering,Software Engineer II,Mid-Level,EMP00743,"Austin, TX",Hybrid,2026-01-02,,Active,,,107500,0.57
EMP01016,Fatima,Allen,Female,33.0,Married,Bachelor's Degree,Sales,Account Executive,Mid-Level,EMP01049,"New York, NY",Hybrid,2025-02-19,,Active,,,93500,1.43
EMP01017,Arjun,Smith,Male,21.0,Married,High School,Engineering,Software Engineer I,Entry-Level,EMP01664,Remote,Remote,2025-02-11,,Active,,,82000,1.46
EMP01018,Kenji,Ramirez,Male,24.0,Single,Bachelor's Degree,Customer Success,Customer Success Manager,Mid-Level,EMP00230,Remote,Remote,2025-12-13,,Active,,,79500,0.62
EMP01019,Ana,Dubois,Female,33.0,Single,Bachelor's Degree,Finance,Senior Financial Analyst,Senior,EMP00045,"Denver, CO",Hybrid,2024-06-10,2025-09-21,Terminated,Voluntary,Relocation,136000,1.28
EMP01020,Kevin,Martinez,Male,30.0,Married,Bachelor's Degree,Engineering,Software Engineer II,Mid-Level,EMP01423,"San Francisco, CA",Hybrid,2023-11-14,,Active,,,98500,2.7
EMP01021,John,Garcia,Male,40.0,Married,Master's Degree,Customer Success,Senior CS Manager,Senior Manager,EMP00600,"San Francisco, CA",Hybrid,2024-11-18,2026-02-16,Terminated,Voluntary,Better Opportunity Elsewhere,171500,1.25
EMP01022,Thomas,Singh,Male,30.0,Married,Master's Degree,Sales,Senior Account Executive,Senior,EMP00881,"Austin, TX",Hybrid,2024-09-19,,Active,,,144000,1.85
EMP01023,Arjun,Hall,Male,22.0,Single,Bachelor's Degree,Sales,Account Executive,Mid-Level,EMP01443,Remote,Remote,2024-09-22,2024-10-01,Terminated,Voluntary,Career Growth,96500,0.02
EMP01024,Elizabeth,Rodriguez,Female,21.0,Married,Bachelor's Degree,Design,Junior Product Designer,Entry-Level,EMP00589,"Austin, TX",Onsite,2024-06-09,2024-11-07,Terminated,Voluntary,Compensation,68000,0.41
EMP01025,Robert,Ferrari,Male,32.0,Single,Bachelor's Degree,Product,Product Manager,Mid-Level,EMP01499,"Denver, CO",Hybrid,2023-02-25,2024-03-01,Terminated,Involuntary,Policy Violation,118500,1.01
EMP01026,Wei,Davis,Male,36.0,Single,Master's Degree,Engineering,Staff Engineer,Staff,EMP01679,"Denver, CO",Hybrid,2022-11-07,2023-04-27,Terminated,Voluntary,Return to School,225000,0.47
EMP01027,Amit,Rodriguez,Male,21.0,Single,Master's Degree,Engineering,Software Engineer II,Mid-Level,EMP01321,"San Francisco, CA",Hybrid,2026-07-03,,Active,,,103500,0.07
EMP01028,Robert,Okafor,Male,39.0,Single,Associate's Degree,Engineering,Engineering Manager,Manager,EMP01528,"San Francisco, CA",Onsite,2025-02-20,2025-04-24,Terminated,Voluntary,Work-Life Balance,169000,0.17
EMP01029,Kofi,Jones,Male,33.0,Single,High School,Sales,Account Executive,Mid-Level,EMP01224,"Chicago, IL",Hybrid,2024-12-06,,Active,,,89500,1.64
EMP01030,Emma,Torres,Female,35.0,Single,Bachelor's Degree,Engineering,Engineering Manager,Manager,EMP01409,"New York, NY",Onsite,2025-11-27,,Active,,,152000,0.67
EMP01031,Lucas,Chen,Male,26.0,Married,Bachelor's Degree,Marketing,Marketing Coordinator,Entry-Level,EMP01425,"San Francisco, CA",Hybrid,2024-05-21,2025-03-01,Terminated,Voluntary,Career Growth,63000,0.78
EMP01032,Amanda,White,Female,40.0,Married,Bachelor's Degree,Sales,Sales Manager,Manager,EMP01536,"New York, NY",Hybrid,2026-06-02,,Active,,,153500,0.15
EMP01033,Taylor,Moore,Non-binary,24.0,Married,PhD,customer success,Customer Success Manager,Mid-Level,EMP01167,Remote,Remote,2026-02-06,,Active,,,77500,0.47
EMP01034,Rebecca,Wang,Female,37.0,Married,Associate's Degree,Design,Product Designer,Mid-Level,EMP00266,Remote,Remote,2023-08-03,,Active,,,105500,2.98
EMP01035,Kofi,Mitchell,Male,32.0,Divorced,Bachelor's Degree,Sales,Account Executive,Mid-Level,EMP00604,"Chicago, IL",Onsite,2025-02-16,,Active,,,108500,1.44
EMP01036,Mark,Carter,Male,29.0,Single,High School,FINANCE,Financial Analyst II,Mid-Level,EMP00437,Remote,Remote,2026-04-08,2026-05-12,Terminated,Voluntary,Personal Reasons,84000,0.09
EMP01037,Melissa,Khan,Female,46.0,Single,Bachelor's Degree,Engineering,Chief Technology Officer,C-Suite,EMP01180,"Denver, CO",Hybrid,2026-06-02,,Active,,,323000,0.15
EMP01038,William,Carter,Male,29.0,Married,Master's Degree,Engineering,Software Engineer II,Mid-Level,EMP00805,"Denver, CO",Hybrid,2025-04-17,,Active,,,107500,1.28
EMP01039,Elizabeth,Carter,Female,21.0,Single,Bachelor's Degree,Customer Success,Support Associate,Entry-Level,EMP00513,Remote,Remote,2025-08-09,,Active,,,60500,0.97
EMP01040,Zainab,Hernandez,Female,39.0,Married,High School,Engineering,Senior Software Engineer,Senior,EMP00340,"New York, NY",Onsite,2024-02-12,,Active,,,128000,2.46
EMP01041,Victoria,Ferrari,Female,32.0,Married,High School,Engineering,Software Engineer II,Mid-Level,EMP00265,"Austin, TX",Hybrid,2026-07-03,,Active,,,93000,0.07
EMP01042,Yuki,Moore,Female,,Divorced,Bachelor's Degree,Product,Senior Product Manager,Senior,EMP00383,Remote,Remote,2024-06-11,,Active,,,135500,2.13
EMP01043,Leilani,Hall,Female,30.0,Divorced,PhD,Engineering,Senior Software Engineer,Senior,EMP00542,Remote,Remote,2026-06-01,,Active,,,145000,0.16
EMP01044,Femi,Thomas,Male,25.0,Divorced,Bachelor's Degree,Sales,Account Executive,Mid-Level,EMP01253,"New York, NY",Onsite,2025-10-23,2025-10-27,Terminated,Involuntary,Role Elimination / Restructuring,87000,0.01
EMP01045,Olivia,Thompson,Female,35.0,Single,Bachelor's Degree,Engineering,Senior Engineering Manager,Senior Manager,EMP00346,Remote,Remote,2025-08-13,,Active,,,185500,0.96
EMP01046,Amy,Rossi,Female,30.0,Married,Bachelor's Degree,People,HR Generalist,Mid-Level,EMP00525,"San Francisco, CA",Hybrid,2025-05-15,,Active,,,80000,1.2
EMP01047,Adrian,Patel,Male,22.0,Single,Bachelor's Degree,Customer Success,Support Associate,Entry-Level,,"San Francisco, CA",Onsite,2024-06-26,2026-01-21,Terminated,Involuntary,Budget Reduction,58500,1.57
EMP01048,Amara,Levi,Female,32.0,Married,Master's Degree,Customer Success,Strategic CSM,Staff,EMP00730,"Denver, CO",Hybrid,2024-03-05,2026-02-16,Terminated,Voluntary,Career Growth,153500,1.95
EMP01049,Lucia,Taylor,F,32.0,Married,Bachelor's Degree,Sales,Senior Account Executive,Senior,EMP00979,"San Francisco, CA",Hybrid,2024-05-21,,Active,,,122000,2.18
EMP01050,Anjali,Lewis,Female,24.0,Single,Bachelor's Degree,Marketing,Marketing Specialist,Mid-Level,EMP00435,"Chicago, IL",Onsite,2024-04-17,2025-09-25,Terminated,Voluntary,Return to School,90500,1.44
EMP01051,Anjali,Smith,Female,34.0,Married,Master's Degree,Engineering,Senior Software Engineer,Senior,EMP00636,"Austin, TX",Hybrid,2026-02-25,,Active,,,150500,0.42
EMP01052,Mark,Williams,Male,24.0,Single,High School,Marketing,Marketing Coordinator,Entry-Level,EMP01582,"Austin, TX",Onsite,2024-11-23,2025-07-14,Terminated,Voluntary,Relocation,67500,0.64
EMP01053,Aaliyah,Hill,Female,21.0,Single,Master's Degree,Customer Success,Customer Success Manager,Mid-Level,EMP01624,"Denver, CO",Hybrid,2023-03-24,2024-05-29,Terminated,Voluntary,Work-Life Balance,86500,1.18
EMP01054,Priya,Ali,Female,35.0,Divorced,Bachelor's Degree,Customer Success,Senior CS Manager,Senior Manager,EMP00600,"Denver, CO",Onsite,2026-07-25,,Active,,,146000,0.01
EMP01055,Hannah,Ferrari,Female,30.0,Single,Bachelor's Degree,Sales,Sales Development Rep,Entry-Level,EMP00011,"Austin, TX",Hybrid,2026-05-06,,Active,,,72000,0.23
EMP01056,Kofi,Singh,Male,23.0,Single,Master's Degree,Engineering,Software Engineer II,Mid-Level,EMP00539,Remote,Remote,2026-06-28,,Active,,,124500,0.08
EMP01057,Sione,Rossi,Male,39.0,Single,Master's Degree,Design,Design Manager,Manager,EMP01446,"Denver, CO",Hybrid,2026-07-21,,Active,,,166500,0.02
EMP01058,Amanda,Carter,Female,41.0,Married,Bachelor's Degree,Customer Success,Director of Customer Success,Director,EMP01328,"Austin, TX",Hybrid,2024-03-22,2024-04-24,Terminated,Voluntary,Work-Life Balance,179500,0.09
EMP01059,Sione,Robinson,Male,26.0,Single,High School,Engineering,Software Engineer II,Mid-Level,EMP01704,"San Francisco, CA",Hybrid,2025-01-11,2026-07-02,Terminated,Voluntary,Compensation,113500,1.47
EMP01060,Samuel,Young,Male,,Single,Bachelor's Degree,Customer Success,Customer Success Manager,Mid-Level,EMP00368,Remote,Remote,2026-01-18,,Active,,,69500,0.52
EMP01061,Nicole,Ahmed,Female,24.0,Divorced,Bachelor's Degree,Engineering,Senior Software Engineer,Senior,EMP00328,"New York, NY",Hybrid,2025-11-04,,Active,,,137000,0.73
EMP01062,Nathan,Hall,Male,37.0,Single,Bachelor's Degree,Engineering,VP of Engineering,VP,EMP01037,"Austin, TX",Hybrid,2024-02-03,2026-04-13,Terminated,Voluntary,Personal Reasons,272500,2.19
EMP01063,Jason,Martin,Male,35.0,Single,Master's Degree,Engineering,Engineering Manager,Manager,EMP00910,"Austin, TX",Hybrid,2026-03-13,,Active,,,173500,0.38
EMP01064,Liam,Scott,Male,35.0,Married,High School,Engineering,Software Engineer II,Mid-Level,EMP01130,"New York, NY",Hybrid,2024-06-23,2026-06-10,Terminated,Voluntary,Return to School,68500,1.96
EMP01065,Jason,Harris,Male,27.0,Married,Bachelor's Degree,Sales, Account Executive ,Mid-Level,EMP00173,"San Francisco, CA",Hybrid,2024-06-09,2024-06-28,Terminated,Voluntary,Work-Life Balance,95500,0.05
EMP01066,Rachel,Anderson,F,28.0,Married,Bachelor's Degree,Engineering,Software Engineer II,Mid-Level,EMP01467,"Chicago, IL",Onsite,2025-06-21,,Active,,,110500,1.1
EMP01067,Ethan,Jones,Male,31.0,Single,Bachelor's Degree,Legal,Senior Counsel,Staff,EMP01465,Remote,Remote,2025-08-06,,Active,,,193000,0.97
EMP01068,Daniel,Wang,Male,31.0,Divorced,Master's Degree,Sales,Senior Account Executive,Senior,EMP01529,"San Francisco, CA",Hybrid,2025-07-26,,Active,,,146000,1.0
EMP01069,Laura,Costa,Female,28.0,Divorced,Bachelor's Degree,Engineering,Senior Software Engineer,Senior,EMP01330,Remote,Remote,2023-08-30,2024-12-15,Terminated,Voluntary,Work-Life Balance,159000,1.3
EMP01070,Angela,Williams,Female,50.0,Single,Bachelor's Degree,Customer Success,VP of Customer Success,VP,EMP00759,Remote,Remote,2026-04-28,2026-05-06,Terminated,Voluntary,Compensation,307500,0.02
EMP01071,Michelle,Walker,Female,27.0,Single,Associate's Degree,People,HR Coordinator,Entry-Level,EMP01645,Remote,Remote,2024-08-12,,Active,,,61000,1.96
EMP01072,Kwame,Clark,Male,26.0,Divorced,Bachelor's Degree,Customer Success, Customer Success Manager ,Mid-Level,EMP01375,Remote,Remote,2023-12-02,2025-10-02,Terminated,Voluntary,Compensation,101500,1.83
EMP01073,Robert,Rodriguez,Male,22.0,Married,Bachelor's Degree,Engineering,Software Engineer II,Mid-Level,EMP00523,Remote,Remote,2026-05-03,,Active,,,100500,0.24
EMP01074,Laura,Gonzalez,Female,27.0,Married,Bachelor's Degree,People,HR Generalist,Mid-Level,EMP00731,"Denver, CO",Hybrid,2026-06-03,,Active,,,84500,0.15
EMP01075,James,Silva,Male,30.0,Married,Associate's Degree,Customer Success,Support Associate,Entry-Level,EMP00582,"New York, NY",Hybrid,2026-04-28,,Active,,,62000,0.25
EMP01076,Yuki,Jones,Female,21.0,Married,Associate's Degree,Engineering,Software Engineer I,Entry-Level,EMP00673,"New York, NY",Onsite,2026-03-12,,Active,,,70500,0.38
EMP01077,Kenji,Khan,Male,31.0,Married,Bachelor's Degree,Engineering,Senior Software Engineer,Senior,EMP00340,Remote,Remote,2025-10-15,,Active,,,130000,0.78
EMP01078,Mason,Silva,Male,30.0,Single,High School,Sales,Sales Manager,Manager,EMP01619,"San Francisco, CA",Hybrid,2025-06-09,,Active,,,167000,1.13
EMP01079,Leilani,Miller,Female,22.0,Single,Master's Degree,Engineering,Software Engineer II,Mid-Level,EMP00974,"Austin, TX",Onsite,2023-08-23,2024-06-09,Terminated,Voluntary,Better Opportunity Elsewhere,105,0.8
EMP01080,Fatima,Young,Female,35.0,Divorced,Bachelor's Degree,Marketing,Senior Marketing Specialist,Senior,EMP00234,"Austin, TX",Hybrid,2025-02-08,2025-09-13,Terminated,Voluntary,Relocation,120500,0.59
EMP01081,Megan,Garcia,Female,30.0,Married,Bachelor's Degree,Product,Product Manager,Mid-Level,EMP01004,Remote,Remote,2024-12-11,,Active,,,101500,1.63
EMP01082,David,Kim,Male,34.0,Married,Master's Degree,People,Principal People Partner,Staff,EMP00962,Remote,Remote,2024-07-16,2026-01-12,Terminated,Voluntary,Better Opportunity Elsewhere,165000,1.49
EMP01083,Justin,Sharma,Male,22.0,Divorced,Bachelor's Degree,Sales,Enterprise Account Executive,Staff,EMP01453,"New York, NY",Hybrid,2025-12-26,,Active,,,185000,0.59
EMP01084,Megan,Robinson,Female,27.0,Married,High School,Engineering,Senior Software Engineer,Senior,EMP00363,"San Francisco, CA",Hybrid,2025-05-27,,Active,,,142000,1.17
EMP01085,Charlotte,Ferrari,Female,27.0,Single,Master's Degree,Engineering,Software Engineer II,Mid-Level,EMP00575,"Chicago, IL",Hybrid,2023-07-25,,Active,,,84000,3.01
EMP01086,Anthony,Ramirez,Male,21.0,Married,Bachelor's Degree,Sales,Sales Development Rep,Entry-Level,EMP00408,"Austin, TX",Hybrid,2024-05-22,,Active,,,76500,2.18
EMP01087,Mason,Davis,Male,22.0,Single,Bachelor's Degree,Customer Success,Support Associate,Entry-Level,EMP00581,"Denver, CO",Hybrid,2025-11-04,2025-11-22,Terminated,Voluntary,Compensation,50500,0.05
EMP01088,Raj,Moore,Male,33.0,Single,Bachelor's Degree,Customer Success,Senior CSM,Senior,EMP01147,"New York, NY",Hybrid,2023-06-28,2026-02-20,Terminated,Voluntary,Return to School,110500,2.65
EMP01089,Jordan,Abara,Non-binary,28.0,Single,Bachelor's Degree,ENGINEERING,Engineering Manager,Manager,EMP00910,Remote,Remote,2026-04-01,,Active,,,166000,0.32
EMP01090,Isabella,Nguyen,Female,28.0,Married,Bachelor's Degree,Engineering,Engineering Manager,Manager,EMP00910,"New York, NY",Hybrid,2025-05-24,,Active,,,193500,1.18
EMP01091,Amy,Robinson,Female,21.0,Divorced,Bachelor's Degree,Engineering,Software Engineer II,Mid-Level,EMP00598,"Denver, CO",Hybrid,2025-04-07,,Active,,,98000,1.31
EMP01092,Thomas,Nilsson,Male,34.0,Single,Master's Degree,Customer Success,Strategic CSM,Staff,EMP00514,"Chicago, IL",Hybrid,2025-08-02,2025-11-07,Terminated,Voluntary,Career Growth,130000,0.27
EMP01093,Emma,Green,Female,38.0,Single,Master's Degree,Engineering,Director of Engineering,Director,EMP00778,"New York, NY",Hybrid,2026-03-24,,Active,,,206000,0.34
EMP01094,Chidi,Nilsson,Male,31.0,Married,Bachelor's Degree,Design,Product Designer,Mid-Level,EMP01570,"San Francisco, CA",Hybrid,2024-11-28,,Active,,,105000,1.66
EMP01095,Ethan,Silva,Male,27.0,Married,Master's Degree,Sales,Account Executive,Mid-Level,EMP01585,"Denver, CO",Hybrid,2025-10-05,,Active,,,106500,0.81
EMP01096,Emily,Adams,Female,49.0,Married,Master's Degree,FINANCE,Director of Finance,Director,EMP01662,Remote,Remote,2025-07-07,,Active,,,227500,1.06
EMP01097,Hiroshi,Walker,Male,21.0,Married,Master's Degree,Engineering,Software Engineer II,Mid-Level,EMP01069,"New York, NY",Hybrid,2024-08-04,2025-07-02,Terminated,Voluntary,Personal Reasons,111500,0.91
EMP01098,Matthew,Hill,Male,39.0,Married,Bachelor's Degree,Engineering,Senior Engineering Manager,Senior Manager,EMP00218,"Chicago, IL",Hybrid,2026-04-05,,Active,,,237000,0.31
EMP01099,Omar,Jackson,Male,40.0,Single,Master's Degree,customer success,VP of Customer Success,VP,EMP00759,Remote,Remote,2026-02-24,2026-03-01,Terminated,Involuntary,Performance,218500,0.01
EMP01100,Justin,Cohen,Male,32.0,Single,Bachelor's Degree,sales,Senior Account Executive,Senior,EMP01193,Remote,Remote,2025-10-01,,Active,,,151000,0.82
EMP01101,Ava,Lewis,Female,36.0,Single,High School,Product,Group Product Manager,Manager,EMP01706,"Chicago, IL",Hybrid,2026-04-01,,Active,,,142000,0.32
EMP01102,Rebecca,Chen,Female,28.0,Divorced,Bachelor's Degree,Finance,Finance Business Partner,Staff,EMP00614,Remote,Remote,2026-04-15,,Active,,,153000,0.28
EMP01103,Lauren,Hill,Female,29.0,Single,Master's Degree,Marketing,Senior Marketing Specialist,Senior,EMP00446,Remote,Remote,2025-11-20,,Active,,,140500,0.68
EMP01104,Rebecca,Scott,Female,,Married,High School,Engineering,Software Engineer II,Mid-Level,EMP01136,Remote,Remote,2026-03-19,,Active,,,99000,0.36
EMP01105,Sarah,Davis,Female,21.0,Single,Bachelor's Degree,Engineering,Software Engineer I,Entry-Level,EMP00801,Remote,Remote,2025-11-29,,Active,,,82000,0.66
EMP01106,John,Schmidt,Male,30.0,Married,Master's Degree,Sales,Account Executive,Mid-Level,EMP00149,"Denver, CO",Hybrid,2025-11-10,,Active,,,98500,0.71
EMP01107,Ryan,Bernard,Male,25.0,Single,Master's Degree,Customer Success,Senior CSM,Senior,EMP01147,"New York, NY",Onsite,2025-09-28,2026-01-04,Terminated,Involuntary,Policy Violation,109500,0.27
EMP01108,Casey,Thompson,Non-binary,33.0,Single,Master's Degree,Engineering,Software Engineer I,Entry-Level,EMP01027,"Austin, TX",Onsite,2026-01-18,,Active,,,82000,0.52
EMP01109,Femi,Singh,Male,28.0,Single,Bachelor's Degree,Customer Success,Support Associate,Entry-Level,EMP00911,"New York, NY",Hybrid,2024-02-28,2024-07-02,Terminated,Voluntary,Better Opportunity Elsewhere,57000,0.34
EMP01110,Chloe,Schmidt,F,26.0,Married,High School,Customer Success,Support Associate,Entry-Level,EMP00403,Remote,Remote,2026-04-03,,Active,,,53500,0.32
EMP01111,Kofi,Kone,Male,42.0,Single,Bachelor's Degree,engineering,Senior Software Engineer,Senior,EMP01508,Remote,Remote,2026-04-11,,Active,,,145500,0.3
EMP01112,Megan,Miller,Female,42.0,Married,High School,Customer Success,VP of Customer Success,VP,EMP00759,"New York, NY",Hybrid,2022-12-15,,Active,,,243500,3.62
EMP01113,Anjali,Hall,Female,46.0,Married,Bachelor's Degree,Finance,VP of Finance,VP,EMP00666,"Denver, CO",Hybrid,2026-03-27,,Active,,,225500,0.34
EMP01114,Matthew,Carter,Male,28.0,Married,Bachelor's Degree,Engineering,Software Engineer II,Mid-Level,EMP00050,"San Francisco, CA",Hybrid,2023-12-30,,Active,,,114500,2.58
EMP01115,Raj,Levi,Male,39.0,Married,Master's Degree,Product,Group Product Manager,Manager,EMP01569,"New York, NY",Hybrid,2024-11-11,2025-04-06,Terminated,Voluntary,Work-Life Balance,163000,0.4
EMP01116,Mia,Green,Female,36.0,Divorced,Bachelor's Degree,Sales,Senior Account Executive,Senior,EMP01597,"Chicago, IL",Hybrid,2026-01-17,,Active,,,123500,0.53
EMP01117,Mark,Wang,Male,29.0,Single,Bachelor's Degree,People,HR Generalist,Mid-Level,EMP01405,"New York, NY",Hybrid,2024-02-17,2026-03-20,Terminated,Voluntary,Personal Reasons,85000,2.09
EMP01118,Mason,Chen,Male,34.0,Single,Master's Degree,Finance,Senior Financial Analyst,Senior,EMP01135,"Austin, TX",Onsite,2026-03-06,,Active,,,133500,0.39
EMP01119,Mei,Martin,Female,22.0,Divorced,Bachelor's Degree,Sales,Sales Development Rep,Entry-Level,EMP00746,"Denver, CO",Hybrid,2026-03-05,2026-07-23,Terminated,Involuntary,Budget Reduction,74500,0.38
EMP01120,Charles,Hill,Male,40.0,Single,Bachelor's Degree,Customer Success,Director of Customer Success,Director,EMP01112,"San Francisco, CA",Hybrid,2025-05-08,2025-05-11,Terminated,Involuntary,Policy Violation,181500,0.01
EMP01121,Layla,Carter,Female,34.0,Married,Master's Degree,Sales, Account Executive ,Mid-Level,EMP00149,Remote,Remote,2022-09-02,2025-09-17,Terminated,Voluntary,Better Opportunity Elsewhere,90000,3.04
EMP01122,Omar,White,Male,29.0,Single,Bachelor's Degree,Sales,Account Executive,Mid-Level,EMP00935,"New York, NY",Hybrid,2024-09-16,2026-05-04,Terminated,Involuntary,Role Elimination / Restructuring,107500,1.63
EMP01123,Amit,Rossi,Male,31.0,Married,Bachelor's Degree,Engineering,Senior Software Engineer,Senior,EMP00714,Remote,Remote,2025-09-20,,Active,,,164500,0.85
EMP01124,Anjali,Okafor,Female,23.0,Single,Bachelor's Degree,Engineering,Software Engineer II,Mid-Level,EMP00531,"San Francisco, CA",Hybrid,2026-07-24,,Active,,,108500,0.01
EMP01125,Daniel,Walker,Male,31.0,Divorced,Bachelor's Degree,Engineering,Software Engineer II,Mid-Level,EMP00993,"Austin, TX",Hybrid,2025-09-12,,Active,,,115000,0.87
EMP01126,Femi,Lewis,Male,26.0,Married,High School,Sales,Senior Account Executive,Senior,EMP00561,"Denver, CO",Hybrid,2024-07-06,,Active,,,126000,2.06
EMP01127,David,Hill,Male,21.0,Single,Master's Degree,Engineering,Software Engineer I,Entry-Level,EMP00275,Remote,Remote,2025-09-01,,Active,,,78000,0.9
EMP01128,Hiroshi,Jackson,Male,30.0,Single,Master's Degree,People,Senior HR Business Partner,Senior,EMP00796,"Denver, CO",Onsite,2025-06-04,,Active,,,122500,1.15
EMP01129,Samuel,Ali,Male,21.0,Single,Bachelor's Degree,Engineering,Software Engineer II,Mid-Level,EMP01460,"San Francisco, CA",Onsite,2026-02-17,,Active,,,112000,0.44
EMP01130,Carlos,Davis,Male,32.0,Married,Bachelor's Degree,Engineering,Senior Software Engineer,Senior,EMP00036,"Austin, TX",Hybrid,2023-10-13,,Active,,,148500,2.79
EMP01131,Femi,Schmidt,Male,31.0,Single,PhD,Sales,Senior Account Executive,Senior,EMP00561,"Denver, CO",Hybrid,2026-01-18,,Active,,,119000,0.52
EMP01132,Thomas,Chen,Male,28.0,Single,Associate's Degree,customer success,Senior CSM,Senior,EMP00246,"Austin, TX",Hybrid,2025-06-05,2025-06-07,Terminated,Voluntary,Return to School,135500,0.01
EMP01133,Jessica,Wang,F,28.0,Married,Bachelor's Degree,Engineering,Senior Software Engineer,Senior,EMP00744,"San Francisco, CA",Hybrid,2026-07-24,,Active,,,132000,0.01
EMP01134,Melissa,Schmidt,Female,29.0,Single,Master's Degree,Product,Senior Product Manager,Senior,EMP00972,"Chicago, IL",Hybrid,2024-11-24,,Active,,,151500,1.67
EMP01135,Justin,Levi,Male,29.0,Single,Master's Degree,Finance,Finance Business Partner,Staff,EMP00258,"Austin, TX",Onsite,2025-09-27,,Active,,,184000,0.83
EMP01136,Isabella,Moore,Female,30.0,Single,Bachelor's Degree,Engineering,Senior Software Engineer,Senior,EMP00744,"Austin, TX",Hybrid,2026-06-03,,Active,,,155000,0.15
EMP01137,Chioma,Roberts,Female,34.0,Married,High School,Product,Group Product Manager,Manager,EMP01706,"Austin, TX",Hybrid,2023-10-11,2025-12-17,Terminated,Voluntary,Compensation,172000,2.18
EMP01138,Aaliyah,Young,Female,25.0,Divorced,Bachelor's Degree,Marketing,Marketing Coordinator,Entry-Level,EMP00126,Remote,Remote,2026-06-13,,Active,,,71000,0.12
EMP01139,Jessica,Allen,Female,26.0,Single,Master's Degree,Engineering,Software Engineer II,Mid-Level,EMP01423,"New York, NY",Hybrid,2025-11-04,,Active,,,94500,0.73
EMP01140,Nathan,Clark,Male,39.0,Married,Master's Degree,Sales,Director of Sales,Director,EMP01697,Remote,Remote,2023-05-26,2025-05-07,Terminated,Voluntary,Relocation,231000,1.95
EMP01141,Isabella,Nelson,Female,28.0,Single,Master's Degree,Product,Product Manager,Mid-Level,EMP00477,"San Francisco, CA",Onsite,2024-09-27,,Active,,,105500,1.83
EMP01142,Charles,Hernandez,Male,28.0,Single,Bachelor's Degree,Product,Associate Product Manager,Entry-Level,EMP00121,Remote,Remote,2025-11-14,,Active,,,63000,0.7
EMP01143,Kofi,Khan,Male,27.0,Married,Master's Degree,Engineering,Senior Software Engineer,Senior,EMP01661,"San Francisco, CA",Hybrid,2023-05-22,2023-05-31,Terminated,Voluntary,Relocation,171000,0.02
EMP01144,Ashley,Mitchell,Female,26.0,Single,Master's Degree,Engineering,Software Engineer I,Entry-Level,EMP01041,"New York, NY",Onsite,2025-07-11,2025-07-19,Terminated,Voluntary,Better Opportunity Elsewhere,66500,0.02
EMP01145,Nathan,Lopez,Male,26.0,Married,Master's Degree,Product,Associate Product Manager,Entry-Level,EMP00179,Remote,Remote,2024-11-27,,Active,,,73500,1.66
EMP01146,Nathan,Rossi,Male,41.0,Divorced,High School,engineering,VP of Engineering,VP,EMP01037,Remote,Remote,2025-09-10,,Active,,,383000,0.88
EMP01147,Michelle,Harris,Female,34.0,Divorced,Master's Degree,Customer Success,Strategic CSM,Staff,EMP00183,Remote,Remote,2023-02-19,2026-05-27,Terminated,Voluntary,Compensation,153500,3.27
EMP01148,Fatima,Miller,Female,,Single,High School,Design,Product Designer,Mid-Level,EMP00044,Remote,Remote,2026-04-18,,Active,,,98000,0.28
EMP01149,Amara,Wright,Female,46.0,Single,Master's Degree,Sales,VP of Sales,VP,,"San Francisco, CA",Hybrid,2026-07-06,,Active,,,291500,0.06
EMP01150,Ava,Carter,Female,40.0,Divorced,Master's Degree,People,Director of People,Director,EMP00987,"New York, NY",Hybrid,2026-07-27,,Active,,,177000,0.0
EMP01151,Kenji,Santos,Male,26.0,Single,Bachelor's Degree,Customer Success,Customer Success Manager,Mid-Level,EMP01088,"New York, NY",Onsite,2026-01-29,,Active,,,89000,0.49
EMP01152,Charles,Santos,Male,30.0,Married,Master's Degree,engineering,Software Engineer II,Mid-Level,EMP00132,Remote,Remote,2023-12-15,2024-06-20,Terminated,Involuntary,Policy Violation,108500,0.51
EMP01153,Michelle,Garcia,Female,37.0,Single,High School,Finance,Finance Manager,Manager,EMP01710,"San Francisco, CA",Hybrid,2026-01-21,,Active,,,128500,0.51
EMP01154,Chidi,Martinez,M,22.0,Single,Master's Degree,Engineering,Staff Engineer,Staff,EMP00555,Remote,Remote,2022-11-10,,Active,,,208000,3.71
EMP01155,Priya,Harris,Female,26.0,Single,Bachelor's Degree,Engineering,Senior Software Engineer,Senior,EMP00957,"New York, NY",Onsite,2022-11-05,,Active,,,162500,3.73
EMP01156,Liam,Bernard,Male,40.0,Married,Master's Degree,Customer Success,Senior CS Manager,Senior Manager,EMP00898,"Chicago, IL",Hybrid,2024-10-26,2024-12-04,Terminated,Voluntary,Better Opportunity Elsewhere,155000,0.11
EMP01157,Amit,Schmidt,Male,29.0,Divorced,PhD,Sales,Senior Account Executive,Senior,EMP01299,"San Francisco, CA",Hybrid,2025-05-29,2026-07-11,Terminated,Voluntary,Better Opportunity Elsewhere,115500,1.12
EMP01158,Daniel,Ramirez,Male,22.0,Single,Bachelor's Degree,DESIGN,Product Designer,Mid-Level,EMP00615,"New York, NY",Hybrid,2026-01-05,,Active,,,99000,0.56
EMP01159,Fatima,Mensah,Female,36.0,Married,Bachelor's Degree,Engineering,Senior Software Engineer,Senior,EMP01511,"Chicago, IL",Hybrid,2025-11-10,,Active,,,142500,0.71
EMP01160,Miguel,Clark,Male,23.0,Single,Bachelor's Degree,Sales,Account Executive,Mid-Level,EMP01382,"New York, NY",Hybrid,2025-03-28,2025-05-10,Terminated,Voluntary,Compensation,108500,0.12
EMP01161,Jun,Nelson,Male,33.0,Single,Bachelor's Degree,Engineering,Engineering Manager,Manager,EMP00910,Remote,Remote,2024-08-05,,Active,,,234000,1.98
EMP01162,Luis,Hill,Male,29.0,Married,Bachelor's Degree,People,Senior HR Business Partner,Senior,EMP00125,Remote,Remote,2026-07-03,,Active,,,114000,0.07
EMP01163,Carlos,Johnson,Male,21.0,Married,Master's Degree,Engineering,Software Engineer I,Entry-Level,EMP01139,"Denver, CO",Hybrid,2025-02-23,,Active,,,93000,1.42
EMP01164,Ethan,Ramirez,Male,28.0,Single,PhD,People,HR Generalist,Mid-Level,EMP01128,Remote,Remote,2025-03-06,2026-02-20,Terminated,Voluntary,Work-Life Balance,104000,0.96
EMP01165,Christopher,Harris,Male,29.0,Single,Master's Degree,Sales,Account Executive,Mid-Level,EMP00348,"Chicago, IL",Onsite,2024-02-04,2024-10-05,Terminated,Voluntary,Return to School,80000,0.67
EMP01166,Ryan,Thomas,M,25.0,Divorced,Bachelor's Degree,Marketing,Marketing Specialist,Mid-Level,EMP01380,"Chicago, IL",Onsite,2026-02-18,,Active,,,74000,0.44
EMP01167,Luis,Mensah,Male,,Married,Master's Degree,Customer Success,Senior CSM,Senior,EMP00115,"San Francisco, CA",Onsite,2025-11-28,,Active,,,118500,0.66
EMP01168,Jun,Young,Male,30.0,Married,Master's Degree,Customer Success,Senior CSM,Senior,EMP01147,"New York, NY",Hybrid,2024-05-09,,Active,,,98500,2.22
EMP01169,Mia,Santos,Female,24.0,Single,Bachelor's Degree,Product,Principal Product Manager,Staff,EMP00274,"Chicago, IL",Hybrid,2023-07-17,,Active,,,200000,3.03
EMP01170,Aisha,Clark,Female,21.0,Married,Bachelor's Degree,Engineering,Software Engineer I,Entry-Level,EMP01738,Remote,Remote,2025-11-29,2026-02-12,Terminated,Voluntary,Relocation,75000,0.21
EMP01171,Anthony,Patel,Male,31.0,Single,Bachelor's Degree,Engineering,Senior Software Engineer,Senior,EMP00328,"San Francisco, CA",Onsite,2025-10-13,,Active,,,136000,0.79
EMP01172,Ethan,Walker,Male,33.0,Divorced,Master's Degree,Marketing,Marketing Manager,Manager,EMP01393,"San Francisco, CA",Onsite,2024-08-27,2025-08-01,Terminated,Voluntary,Personal Reasons,155000,0.93
EMP01173,Wei,Muller,Male,27.0,Single,Bachelor's Degree,Marketing,Senior Marketing Specialist,Senior,EMP01368,"Denver, CO",Hybrid,2026-06-15,,Active,,,114500,0.12
EMP01174,Victoria,Adams,Female,31.0,Single,Master's Degree,Sales,Account Executive,Mid-Level,EMP00239,"Austin, TX",Hybrid,2024-02-20,2025-07-20,Terminated,Voluntary,Career Growth,88500,1.41
EMP01175,Kwame,Torres,Male,38.0,Single,Bachelor's Degree,Engineering,Director of Engineering,Director,EMP01062,"Chicago, IL",Hybrid,2025-02-17,2025-08-18,Terminated,Involuntary,Budget Reduction,220000,0.5
EMP01176,David,Carter,Male,36.0,Married,Associate's Degree,PRODUCT,Product Manager,Mid-Level,EMP01270,"Chicago, IL",Hybrid,2026-06-13,,Active,,,93500,0.12
EMP01177,Divya,Ali,Female,21.0,Married,Bachelor's Degree,Sales,Sales Development Rep,Entry-Level,EMP00223,"San Francisco, CA",Hybrid,2025-02-16,,Active,,,72500,1.44
EMP01178,Daniel,Rossi,Male,21.0,Single,Master's Degree,Sales,Account Executive,Mid-Level,EMP00935,Remote,Remote,2025-09-22,,Active,,,100000,0.85
EMP01179,Maria,Rivera,Female,28.0,Married,High School,Customer Success,Support Associate,Entry-Level,EMP01712,"New York, NY",Hybrid,2025-01-04,,Active,,,59000,1.56
EMP01180,Thomas,Flores,Male,42.0,Married,Bachelor's Degree,Executive,Chief Executive Officer,C-Suite,,"Chicago, IL",Hybrid,2024-08-05,,Active,,,546000,1.98
EMP01181,Maria,King,Female,21.0,Single,Master's Degree,Engineering,Software Engineer I,Entry-Level,EMP00996,"San Francisco, CA",Hybrid,2026-07-05,,Active,,,72000,0.06
EMP01182,Matthew,Campbell,Male,37.0,Married,Associate's Degree,Sales,Enterprise Account Executive,Staff,EMP00319,"New York, NY",Hybrid,2025-02-09,2025-07-14,Terminated,Involuntary,Performance,186000,0.42
EMP01183,Natalie,Osei,Female,30.0,Divorced,Bachelor's Degree,Design,Staff Designer,Staff,EMP00395,Remote,Remote,2026-05-17,,Active,,,172500,0.2
EMP01184,Mei,Kone,Female,28.0,Single,High School,Engineering,Software Engineer I,Entry-Level,EMP01281,"San Francisco, CA",Onsite,2024-06-13,2024-07-11,Terminated,Voluntary,Return to School,72500,0.08
EMP01185,Mohammed,Ali,Male,27.0,Single,Bachelor's Degree,Engineering,Senior Software Engineer,Senior,EMP01508,"New York, NY",Hybrid,2024-05-02,2025-04-05,Terminated,Involuntary,Performance,152500,0.93
EMP01186,James,Gonzalez,Male,26.0,Single,High School,Engineering,Software Engineer I,Entry-Level,EMP01208,"San Francisco, CA",Hybrid,2022-12-13,,Active,,,92500,3.62
EMP01187,Ethan,Okafor,Male,24.0,Single,Bachelor's Degree,People,HR Generalist,Mid-Level,EMP01630,"Austin, TX",Hybrid,2025-10-22,,Active,,,95500,0.76
EMP01188,Ngozi,Green,Female,21.0,Married,Master's Degree,Design,Junior Product Designer,Entry-Level,EMP00102,"San Francisco, CA",Hybrid,2024-12-21,2025-08-23,Terminated,Voluntary,Return to School,73000,0.67
EMP01189,Divya,Clark,Female,46.0,Married,PhD,Sales,Senior Sales Manager,Senior Manager,EMP01140,"San Francisco, CA",Hybrid,2026-04-27,,Active,,,178000,0.25
EMP01190,Jun,Mitchell,Male,49.0,Married,Bachelor's Degree,Finance,VP of Finance,VP,EMP00666,Remote,Remote,2025-04-23,2026-06-17,Terminated,Involuntary,Role Elimination / Restructuring,279000,1.15
EMP01191,Amanda,Green,Female,24.0,Single,Bachelor's Degree,Customer Success,Customer Success Manager,Mid-Level,EMP00992,Remote,Remote,2026-07-19,,Active,,,66000,0.02
EMP01192,Brian,Chen,Male,23.0,Married,Bachelor's Degree,Engineering,Software Engineer I,Entry-Level,EMP00776,"San Francisco, CA",Onsite,2024-04-03,,Active,,,83500,2.32
EMP01193,Ahmed,Garcia,Male,39.0,Married,Bachelor's Degree,Sales,Enterprise Account Executive,Staff,EMP00417,Remote,Remote,2026-04-10,,Active,,,173500,0.3
EMP01194,Carmen,Andersson,Female,22.0,Divorced,Bachelor's Degree,Sales,Account Executive,Mid-Level,EMP01289,"Austin, TX",Hybrid,2026-01-02,2026-05-16,Terminated,Involuntary,Budget Reduction,89500,0.37
EMP01195,Olivia,Lewis,Female,34.0,Single,Bachelor's Degree,Customer Success,Senior CS Manager,Senior Manager,EMP01058,"New York, NY",Onsite,2026-01-13,,Active,,,164000,0.54
EMP01196,Nathan,Jackson,Male,32.0,Married,High School,Customer Success,Senior CSM,Senior,EMP00585,"San Francisco, CA",Hybrid,2026-03-19,,Active,,,118500,0.36
EMP01197,Aisha,Williams,Female,37.0,Divorced,Bachelor's Degree,Customer Success,Customer Success Manager,Mid-Level,EMP01196,"Austin, TX",Hybrid,2026-01-26,,Active,,,83500,0.5
EMP01198,Emma,King,Female,35.0,Married,Bachelor's Degree,Product,Group Product Manager,Manager,EMP00706,Remote,Remote,2025-09-17,,Active,,,144000,0.86
EMP01199,Anjali,Muller,Female,32.0,Single,Bachelor's Degree,Marketing,Marketing Specialist,Mid-Level,EMP01003,"Austin, TX",Hybrid,2023-12-21,,Active,,,105000,2.6
EMP01200,Victoria,Dubois,Female,33.0,Single,Bachelor's Degree,Engineering,Director of Engineering,Director,EMP01452,Remote,Remote,2023-01-14,,Active,,,275500,3.53
EMP01201,Amanda,Dubois,Female,40.0,Married,Master's Degree,Engineering,Senior Engineering Manager,Senior Manager,EMP01284,"New York, NY",Hybrid,2026-05-12,,Active,,,179500,0.21
EMP01202,Jason,Wang,M,99.0,Single,Master's Degree,Product,Associate Product Manager,Entry-Level,EMP00056,"Austin, TX",Onsite,2025-09-21,,Active,,,79000,0.85
EMP01203,Lauren,Nguyen,Female,32.0,Divorced,Master's Degree,engineering,Software Engineer I,Entry-Level,EMP01664,Remote,Remote,2026-02-12,,Active,,,72500,0.45
EMP01204,Kwame,Martin,Male,51.0,Married,Bachelor's Degree,Engineering,VP of Engineering,VP,EMP01037,"Denver, CO",Hybrid,2025-04-11,,Active,,,311500,1.3
EMP01205,Stephanie,Sanchez,Female,48.0,Single,Bachelor's Degree,Marketing,Senior Marketing Manager,Senior Manager,EMP00143,"San Francisco, CA",Hybrid,2023-12-07,,Active,,,200500,2.64
EMP01206,Anthony,Nelson,Male,21.0,Married,Bachelor's Degree,Finance,Financial Analyst I,Entry-Level,EMP00023,"San Francisco, CA",Hybrid,2023-12-04,2023-12-17,Terminated,Involuntary,Performance,66000,0.04
EMP01207,Anjali,Robinson,Female,35.0,Single,High School,Engineering,Engineering Manager,Manager,EMP00077,"Austin, TX",Hybrid,2025-11-19,,Active,,,175500,0.69
EMP01208,Mason,Carter,Male,28.0,Single,Master's Degree,Engineering,Software Engineer II,Mid-Level,EMP01084,Remote,Remote,2025-02-01,,Active,,,110500,1.48
EMP01209,Amit,Andersson,Male,24.0,Married,Bachelor's Degree,Engineering,Software Engineer II,Mid-Level,EMP01130,"New York, NY",Hybrid,2024-04-28,2024-05-25,Terminated,Voluntary,Return to School,117000,0.07
EMP01210,Matthew,Young,Male,36.0,Married,Bachelor's Degree,Engineering,Engineering Manager,Manager,EMP01045,"Austin, TX",Onsite,2025-05-24,,Active,,,200500,1.18
EMP01211,Alex,Kone,Non-binary,28.0,Single,Bachelor's Degree,Engineering,Software Engineer II,Mid-Level,EMP01043,Remote,Remote,2023-04-29,,Active,,,92500,3.25
EMP01212,Emma,Muller,Female,38.0,Married,Bachelor's Degree,Finance,Director of Finance,Director,EMP00978,"San Francisco, CA",Onsite,2025-07-03,,Active,,,211000,1.07
EMP01213,Femi,Baker,Male,21.0,Single,Associate's Degree,Engineering,Software Engineer I,Entry-Level,EMP01007,"San Francisco, CA",Onsite,2024-08-13,2025-06-30,Terminated,Involuntary,Performance,73000,0.88
EMP01214,Morgan,Allen,Non-binary,26.0,Married,Bachelor's Degree,Design,Senior Product Designer,Senior,EMP00850,"San Francisco, CA",Onsite,2026-02-15,,Active,,,116500,0.45
EMP01215,Charlotte,Diallo,Female,21.0,Married,Bachelor's Degree,Engineering,Software Engineer II,Mid-Level,EMP01423,"Denver, CO",Onsite,2024-09-02,2024-10-07,Terminated,Voluntary,Relocation,89000,0.1
EMP01216,Laura,Diallo,Female,33.0,Single,Bachelor's Degree,Marketing,Senior Marketing Specialist,Senior,EMP00446,"Austin, TX",Hybrid,2025-03-11,,Active,,,116500,1.38
EMP01217,Mark,Ahmed,Male,26.0,Divorced,Associate's Degree,Customer Success,Senior CSM,Senior,,"New York, NY",Hybrid,2022-10-04,2025-04-30,Terminated,Voluntary,Personal Reasons,135500,2.57
EMP01218,Zainab,Perez,Female,21.0,Married,Bachelor's Degree,FINANCE,Financial Analyst I,Entry-Level,EMP00567,Remote,Remote,2023-06-19,2024-12-27,Terminated,Involuntary,Role Elimination / Restructuring,84500,1.52
EMP01219,Jennifer,Rivera,Female,32.0,Married,Master's Degree,Customer Success,Senior CSM,Senior,EMP00246,"Austin, TX",Hybrid,2025-01-29,2026-07-15,Terminated,Voluntary,Compensation,134500,1.46
EMP01220,Zainab,Perez,Female,27.0,Married,Bachelor's Degree,product,Product Manager,Mid-Level,EMP01004,"San Francisco, CA",Onsite,2025-04-17,2025-12-01,Terminated,Voluntary,Career Growth,110000,0.62
EMP01221,Yuki,Moore,Female,22.0,Single,Master's Degree,Engineering,Software Engineer I,Entry-Level,EMP01578,"New York, NY",Hybrid,2025-08-03,,Active,,,71000,0.98
EMP01222,Melissa,Ferrari,Female,39.0,Single,Bachelor's Degree,CUSTOMER SUCCESS,CS Team Lead,Manager,,"Denver, CO",Hybrid,2024-09-28,,Active,,,120000,1.83
EMP01223,Amy,Diallo,Female,24.0,Married,Bachelor's Degree,Product,Product Manager,Mid-Level,EMP00568,Remote,Remote,2025-11-18,2025-11-18,Terminated,Voluntary,Career Growth,95000,0.0
EMP01224,Matthew,White,Male,21.0,Divorced,Master's Degree,Sales,Senior Account Executive,Senior,EMP00735,"New York, NY",Onsite,2026-04-08,,Active,,,109000,0.3
EMP01225,Raj,Ferrari,Male,33.0,Married,Associate's Degree,Engineering,Software Engineer II,Mid-Level,EMP00374,"Austin, TX",Onsite,2026-02-22,,Active,,,117500,0.43
EMP01226,Matthew,Davis,Male,23.0,Single,Bachelor's Degree,Engineering,Software Engineer II,Mid-Level,EMP01136,"San Francisco, CA",Hybrid,2023-02-25,2025-12-18,Terminated,Voluntary,Work-Life Balance,128500,2.81
EMP01227,Noah,Levi,Male,21.0,Single,Master's Degree,Sales,Sales Development Rep,Entry-Level,EMP01433,"Austin, TX",Hybrid,2025-04-24,2025-09-25,Terminated,Voluntary,Career Growth,59500,0.42
EMP01228,Rebecca,Jones,Female,24.0,Single,High School,Sales,Account Executive,Mid-Level,EMP00846,"Chicago, IL",Hybrid,2023-10-26,2025-05-13,Terminated,Voluntary,Work-Life Balance,87000,1.55
EMP01229,Aisha,Martinez,Female,27.0,Single,Master's Degree,Customer Success,Customer Success Manager,Mid-Level,EMP00441,"Austin, TX",Hybrid,2024-06-19,,Active,,,82000,2.11
EMP01230,Charlotte,Miller,Female,28.0,Married,Bachelor's Degree,Engineering,Senior Software Engineer,Senior,EMP00542,"San Francisco, CA",Hybrid,2026-07-05,,Active,,,147500,0.06
EMP01231,Anthony,Smith,Male,40.0,Married,Bachelor's Degree,Sales,Sales Manager,Manager,EMP00509,"Denver, CO",Onsite,2024-01-07,2024-06-13,Terminated,Voluntary,Relocation,131500,0.43
EMP01232,Layla,Chen,Female,37.0,Single,Master's Degree,Engineering,Senior Software Engineer,Senior,EMP00330,"San Francisco, CA",Hybrid,2025-05-21,,Active,,,143000,1.19
EMP01233,Alexander,Moore,Male,21.0,Married,Master's Degree,Engineering,Software Engineer I,Entry-Level,EMP01658,"Denver, CO",Hybrid,2025-09-08,,Active,,,90500,0.88
EMP01234,Charles,Robinson,Male,23.0,Married,Bachelor's Degree,Design,Product Designer,Mid-Level,EMP00615,"Austin, TX",Hybrid,2025-11-28,,Active,,,108000,0.66
EMP01235,Jun,Rodriguez,Male,22.0,Single,Master's Degree,Engineering,Software Engineer I,Entry-Level,EMP01658,Remote,Remote,2025-07-05,,Active,,,74500,1.06
EMP01236,Fatima,Martin,F,26.0,Married,Bachelor's Degree,Engineering, Software Engineer I ,Entry-Level,EMP00206,"San Francisco, CA",Onsite,2022-09-17,2023-03-15,Terminated,Involuntary,Policy Violation,74500,0.49
EMP01237,Arjun,Johnson,Male,26.0,Single,Master's Degree,Product,Product Manager,Mid-Level,EMP00820,Remote,Remote,2024-10-05,,Active,,,94500,1.81
EMP01238,Angela,Ramirez,Female,25.0,Married,Master's Degree,ENGINEERING,Software Engineer II,Mid-Level,EMP01232,"San Francisco, CA",Onsite,2025-05-04,,Active,,,96000,1.23
EMP01239,Raj,Abara,Male,21.0,Married,Bachelor's Degree,Engineering,Software Engineer I,Entry-Level,EMP00205,Remote,Remote,2023-08-22,2023-10-01,Terminated,Voluntary,Career Growth,92500,0.11
EMP01240,Zainab,Ahmed,Female,21.0,Married,Master's Degree,Engineering,Software Engineer I,Entry-Level,EMP00824,"San Francisco, CA",Hybrid,2024-11-19,,Active,,,71500,1.69
EMP01241,Rebecca,Mitchell,Female,21.0,Divorced,Bachelor's Degree,Engineering,Software Engineer I,Entry-Level,EMP00299,"Chicago, IL",Hybrid,2023-01-27,2023-04-19,Terminated,Involuntary,Budget Reduction,84500,0.22
EMP01242,Lucia,Davis,Female,30.0,Single,Bachelor's Degree,Engineering,Software Engineer I,Entry-Level,EMP00689,"San Francisco, CA",Onsite,2023-07-21,,Active,,,68500,3.02
EMP01243,Emily,Souza,Female,26.0,Married,Bachelor's Degree,Sales,Sales Development Rep,Entry-Level,EMP01194,"New York, NY",Hybrid,2025-01-02,,Active,,,82500,1.57
EMP01244,Leilani,Costa,Female,26.0,Married,Bachelor's Degree,Engineering,Senior Software Engineer,Senior,EMP01709,"Chicago, IL",Onsite,2024-01-11,,Active,,,149000,2.54
EMP01245,Layla,Mensah,Female,30.0,Married,Master's Degree,Engineering,Software Engineer II,Mid-Level,EMP00539,"Denver, CO",Hybrid,2025-07-22,,Active,,,112500,1.02
EMP01246,Chloe,Diallo,Female,21.0,Married,Bachelor's Degree,Product,Associate Product Manager,Entry-Level,EMP01271,"Denver, CO",Onsite,2025-11-13,,Active,,,69000,0.7
EMP01247,Andrew,Williams,Male,27.0,Married,Bachelor's Degree,Customer Success,Customer Success Manager,Mid-Level,EMP00365,"Austin, TX",Onsite,2026-02-15,2026-04-21,Terminated,Voluntary,Career Growth,92500,0.18
EMP01248,Robert,Smith,M,21.0,Married,Master's Degree,Marketing,Marketing Specialist,Mid-Level,EMP01615,"San Francisco, CA",Hybrid,2024-04-12,,Active,,,114500,2.29
EMP01249,Charles,Rossi,Male,26.0,Single,High School,Customer Success,Support Associate,Entry-Level,EMP01616,"Denver, CO",Onsite,2024-03-22,,Active,,,61000,2.35
EMP01250,Natalie,Muller,Female,25.0,Single,Bachelor's Degree,Customer Success,Customer Success Manager,Mid-Level,EMP00506,"Austin, TX",Hybrid,2023-10-21,,Active,,,68000,2.77
EMP01251,Jun,Chen,Male,28.0,Married,Bachelor's Degree,Sales,Account Executive,Mid-Level,EMP00293,"San Francisco, CA",Onsite,2025-09-22,2025-11-13,Terminated,Voluntary,Compensation,84500,0.14
EMP01252,Ana,Johnson,Female,35.0,Married,Master's Degree,Customer Success,Senior CSM,Senior,EMP00585,"San Francisco, CA",Onsite,2025-11-11,2026-01-07,Terminated,Involuntary,Performance,110000,0.16
EMP01253,Layla,Williams,Female,30.0,Divorced,Bachelor's Degree,Sales,Senior Account Executive,Senior,EMP01713,"San Francisco, CA",Hybrid,2022-12-07,,Active,,,127500,3.64
EMP01254,Charles,Levi,Male,21.0,Single,Bachelor's Degree,Engineering, Software Engineer I ,Entry-Level,EMP00205,"Denver, CO",Onsite,2026-06-28,,Active,,,79000,0.08
EMP01255,James,Scott,Male,41.0,Single,Bachelor's Degree,Engineering,Engineering Manager,Manager,,"Denver, CO",Hybrid,2023-03-05,2023-09-10,Terminated,Voluntary,Compensation,150000,0.52
EMP01256,Megan,Rossi,Female,26.0,Married,Master's Degree,Engineering,Software Engineer II,Mid-Level,EMP00523,Remote,Remote,2025-06-17,,Active,,,117000,1.11
EMP01257,Benjamin,Torres,Male,4.0,Married,Bachelor's Degree,People,HR Generalist,Mid-Level,EMP00657,"New York, NY",Onsite,2025-11-24,,Active,,,90500,0.67
EMP01258,Hannah,Williams,Female,35.0,Divorced,Associate's Degree,Sales,Sales Manager,Manager,EMP00953,Remote,Remote,2026-04-20,,Active,,,164500,0.27
EMP01259,Chidi,Abara,Male,38.0,Single,Master's Degree,Customer Success,CS Team Lead,Manager,EMP01156,"Chicago, IL",Hybrid,2025-12-09,,Active,,,120500,0.63
EMP01260,Aaliyah,Kumar,Female,22.0,Single,Master's Degree,Product,Product Manager,Mid-Level,EMP01439,Remote,Remote,2026-02-14,,Active,,,88000,0.45
EMP01261,Ethan,Thompson,Male,33.0,Single,Bachelor's Degree,Design,Product Designer,Mid-Level,,Remote,Remote,2024-11-26,2025-05-29,Terminated,Involuntary,Role Elimination / Restructuring,96000,0.5
EMP01262,Aisha,Wilson,Female,21.0,Single,Bachelor's Degree,Engineering,Software Engineer I,Entry-Level,EMP01007,"Chicago, IL",Onsite,2026-03-12,,Active,,,68500,0.38
EMP01263,Rebecca,Gonzalez,Female,22.0,Divorced,Master's Degree,ENGINEERING,Software Engineer I,Entry-Level,EMP01738,"San Francisco, CA",Hybrid,2023-07-06,,Active,,,79000,3.06
EMP01264,Kenji,Levi,Male,27.0,Single,Bachelor's Degree,marketing,Senior Marketing Specialist,Senior,EMP00234,"San Francisco, CA",Onsite,2026-05-17,,Active,,,113000,0.2
EMP01265,Omar,Martin,Male,21.0,Single,Bachelor's Degree,Sales,Sales Development Rep,Entry-Level,EMP00938,"San Francisco, CA",Hybrid,2025-06-19,2026-05-04,Terminated,Voluntary,Work-Life Balance,70500,0.87
EMP01266,Arjun,Walker,Male,22.0,Single,Bachelor's Degree,Product,Product Manager,Mid-Level,EMP01387,Remote,Remote,2026-03-19,,Active,,,103000,0.36
EMP01267,Sofia,Harris,Female,38.0,Single,Associate's Degree,Marketing,Director of Marketing,Director,EMP00939,Remote,Remote,2025-03-26,2026-04-16,Terminated,Voluntary,Work-Life Balance,183000,1.06
EMP01268,Ana,Souza,Female,40.0,Married,Master's Degree,Engineering,Director of Engineering,Director,EMP01527,"Chicago, IL",Hybrid,2025-09-16,,Active,,,238000,0.86
EMP01269,Kwame,Levi,Male,21.0,Single,Bachelor's Degree,Legal,Paralegal,Mid-Level,EMP00751,Remote,Remote,2025-06-12,,Active,,,112000,1.13
EMP01270,Nathan,Allen,Male,33.0,Single,Master's Degree,Product,Senior Product Manager,Senior,EMP00972,Remote,Remote,2025-12-12,2026-03-19,Terminated,Involuntary,Performance,137500,0.27
EMP01271,Ngozi,Rivera,Female,30.0,Divorced,Bachelor's Degree,Product,Product Manager,Mid-Level,EMP00568,"New York, NY",Hybrid,2023-07-20,2024-03-27,Terminated,Voluntary,Compensation,100500,0.69
EMP01272,Lucia,Wright,Female,41.0,Single,Master's Degree,Engineering,Engineering Manager,Manager,EMP00077,"Denver, CO",Onsite,2023-04-06,2025-01-31,Terminated,Voluntary,Better Opportunity Elsewhere,153500,1.82
EMP01273,Divya,Patel,Female,21.0,Married,Bachelor's Degree,Engineering, Software Engineer II ,Mid-Level,EMP00523,"New York, NY",Hybrid,2024-07-23,,Active,,,94000,2.01
EMP01274,Carlos,Hernandez,Male,23.0,Single,Master's Degree,Engineering,Software Engineer I,Entry-Level,EMP00811,"New York, NY",Hybrid,2024-02-26,2025-06-21,Terminated,Involuntary,Role Elimination / Restructuring,74500,1.32
EMP01275,Emily,Mitchell,Female,28.0,Married,Bachelor's Degree,Customer Success,Support Associate,Entry-Level,EMP00582,"Austin, TX",Hybrid,2026-04-04,2026-04-22,Terminated,Involuntary,Budget Reduction,59500,0.05
EMP01276,Mia,Kim,Female,31.0,Single,Bachelor's Degree,People,HR Generalist,Mid-Level,EMP01162,"New York, NY",Hybrid,2024-05-06,,Active,,,83000,2.23
EMP01277,Angela,Ahmed,Female,33.0,Single,Bachelor's Degree,Customer Success,Customer Success Manager,Mid-Level,EMP01449,"Chicago, IL",Hybrid,2026-07-11,,Active,,,85000,0.05
EMP01278,Chioma,Andersson,Female,33.0,Married,Bachelor's Degree,Engineering,Staff Engineer,Staff,EMP01442,"New York, NY",Hybrid,2024-11-01,,Active,,,196500,1.74
EMP01279,Lucia,Young,Female,29.0,Single,Master's Degree,Sales,Senior Account Executive,Senior,EMP01367,Remote,Remote,2024-03-30,2024-08-29,Terminated,Involuntary,Budget Reduction,124000,0.42
EMP01280,Amy,Lewis,Female,21.0,Married,Bachelor's Degree,Engineering,Software Engineer II,Mid-Level,EMP00445,"San Francisco, CA",Onsite,2026-02-24,,Active,,,121000,0.42
EMP01281,Adrian,Hill,M,32.0,Single,Bachelor's Degree,Engineering, Software Engineer II ,Mid-Level,EMP01591,"Austin, TX",Hybrid,2025-10-23,,Active,,,104000,0.76
EMP01282,Yuki,Hernandez,Female,22.0,Married,Bachelor's Degree,Customer Success,Support Associate,Entry-Level,EMP00880,Remote,Remote,2025-05-15,2025-09-15,Terminated,Voluntary,Career Growth,52500,0.34
EMP01283,David,Jones,Male,38.0,Divorced,Bachelor's Degree,Sales,Senior Sales Manager,Senior Manager,EMP00170,"Chicago, IL",Hybrid,2025-07-27,2025-12-28,Terminated,Voluntary,Relocation,195500,0.42
EMP01284,Carlos,Lopez,M,41.0,Single,Bachelor's Degree,Engineering,Director of Engineering,Director,EMP01452,"San Francisco, CA",Hybrid,2025-12-11,,Active,,,268000,0.63
EMP01285,Samuel,Kim,Male,33.0,Single,Bachelor's Degree,Engineering,VP of Engineering,VP,EMP01037,"Denver, CO",Onsite,2024-06-25,,Active,,,310500,2.09
EMP01286,Fatima,Carter,Female,43.0,Married,Bachelor's Degree,Executive,Chief of Staff,VP,EMP01180,"New York, NY",Onsite,2026-07-19,,Active,,,408500,0.02
EMP01287,Alexander,Carter,Male,26.0,Married,Bachelor's Degree,Engineering,Software Engineer I,Entry-Level,EMP01339,Remote,Remote,2026-07-18,,Active,,,78000,0.03
EMP01288,Diego,Muller,Male,24.0,Single,Bachelor's Degree,Sales,Sales Development Rep,Entry-Level,EMP00746,"Denver, CO",Hybrid,2025-10-17,,Active,,,68500,0.78
EMP01289,Diego,Okafor,Male,32.0,Married,PhD,Sales,Senior Account Executive,Senior,EMP01193,"Austin, TX",Onsite,2024-04-19,2024-08-13,Terminated,Voluntary,Better Opportunity Elsewhere,139000,0.32
EMP01290,Ethan,Davis,Male,42.0,Single,Master's Degree,Engineering,Senior Engineering Manager,Senior Manager,EMP01200,"New York, NY",Hybrid,2025-11-21,,Active,,,227500,0.68
EMP01291,Noah,Johnson,Male,21.0,Single,Bachelor's Degree,ENGINEERING,Software Engineer II,Mid-Level,EMP00929,Remote,Remote,2023-06-14,,Active,,,109500,3.12
EMP01292,Rebecca,Perez,Female,,Divorced,Master's Degree,Product,Product Manager,Mid-Level,EMP01336,"Chicago, IL",Hybrid,2022-12-27,,Active,,,71000,3.58
EMP01293,Aisha,Hernandez,Female,35.0,Married,Master's Degree,Customer Success,CS Team Lead,Manager,EMP00524,Remote,Remote,2024-07-18,2024-11-09,Terminated,Voluntary,Return to School,142500,0.31
EMP01294,David,Kone,Male,27.0,Married,Bachelor's Degree,Sales,Sales Development Rep,Entry-Level,EMP00341,"San Francisco, CA",Onsite,2025-04-28,2025-05-13,Terminated,Voluntary,Career Growth,76000,0.04
EMP01295,Stephanie,Kumar,Female,26.0,Single,Master's Degree,Sales,Account Executive,Mid-Level,EMP00252,Remote,Remote,2026-04-19,,Active,,,92500,0.27
EMP01296,Layla,Nelson,Female,22.0,Single,Bachelor's Degree,LEGAL,Corporate Counsel,Senior,EMP00814,Remote,Remote,2025-12-15,,Active,,,135500,0.62
EMP01297,Chidi,Andersson,Male,26.0,Divorced,Master's Degree,Customer Success,Customer Success Manager,Mid-Level,EMP01624,"Chicago, IL",Hybrid,2026-01-15,2026-03-25,Terminated,Involuntary,Role Elimination / Restructuring,95500,0.19
EMP01298,Ana,Gonzalez,Female,27.0,Single,Bachelor's Degree,Design,Junior Product Designer,Entry-Level,EMP00389,"San Francisco, CA",Onsite,2025-02-04,2025-10-31,Terminated,Voluntary,Relocation,77500,0.74
EMP01299,Nicole,Levi,Female,39.0,Single,Bachelor's Degree,Sales,Enterprise Account Executive,Staff,,Remote,Remote,2024-11-07,2025-01-21,Terminated,Voluntary,Career Growth,181500,0.21
EMP01300,Kenji,Garcia,Male,31.0,Single,Bachelor's Degree,Sales,Senior Account Executive,Senior,,"Chicago, IL",Onsite,2024-12-13,,Active,,,119500,1.62
EMP01301,Christopher,Robinson,Male,37.0,Married,Associate's Degree,Customer Success,VP of Customer Success,VP,EMP00759,Remote,Remote,2026-07-03,,Active,,,211000,0.07
EMP01302,Amara,Ramirez,Female,25.0,Single,Master's Degree,Sales,Account Executive,Mid-Level,EMP00239,"San Francisco, CA",Onsite,2023-02-16,2024-01-31,Terminated,Voluntary,Relocation,76000,0.96
EMP01303,Divya,Andersson,Female,26.0,Single,Bachelor's Degree,Sales,Sales Development Rep,Entry-Level,EMP01621,"Austin, TX",Hybrid,2026-04-09,,Active,,,65500,0.3
EMP01304,James,Okafor,Male,33.0,Married,Bachelor's Degree,Engineering,Senior Software Engineer,Senior,EMP00167,"San Francisco, CA",Hybrid,2025-07-08,,Active,,,141000,1.05
EMP01305,Grace,Wright,Female,32.0,Married,Bachelor's Degree,Design,Senior Product Designer,Senior,EMP00268,"New York, NY",Onsite,2025-03-20,,Active,,,163000,1.36
EMP01306,Joseph,Garcia,Male,23.0,Single,Bachelor's Degree,Engineering,Software Engineer I,Entry-Level,EMP01734,"Denver, CO",Onsite,2025-12-13,,Active,,,84500,0.62
EMP01307,Yuki,Martinez,Female,36.0,Married,High School,Engineering,Staff Engineer,Staff,EMP01255,"New York, NY",Hybrid,2025-05-17,,Active,,,196500,1.2
EMP01308,Noah,Scott,Male,21.0,Single,Bachelor's Degree,Engineering, Software Engineer I ,Entry-Level,EMP01211,"Denver, CO",Hybrid,2026-04-17,,Active,,,80000,0.28
EMP01309,Joseph,Ferrari,Male,28.0,Single,Master's Degree,Sales,Account Executive,Mid-Level,EMP00715,Remote,Remote,2026-05-17,,Active,,,101500,0.2
EMP01310,Sarah,Andersson,Female,27.0,Married,Master's Degree,Sales,Sales Development Rep,Entry-Level,EMP01677,"Austin, TX",Hybrid,2025-02-01,,Active,,,71500,1.48
EMP01311,Fatima,Jones,Female,29.0,Single,Bachelor's Degree,Engineering,Software Engineer II,Mid-Level,EMP00064,"San Francisco, CA",Onsite,2024-08-08,,Active,,,105500,1.97
EMP01312,Thomas,Thompson,Male,29.0,Single,Bachelor's Degree,Sales,Account Executive,Mid-Level,EMP01672,Remote,Remote,2025-08-19,,Active,,,106000,0.94
EMP01313,Ana,Green,Female,29.0,Married,PhD,Sales, Account Executive ,Mid-Level,EMP00848,"Denver, CO",Onsite,2026-05-06,,Active,,,107000,0.23
EMP01314,Olivia,Williams,Female,25.0,Divorced,Master's Degree,Engineering,Senior Software Engineer,Senior,EMP01667,"Denver, CO",Hybrid,2024-05-03,,Active,,,146500,2.23
EMP01315,Mason,Clark,Male,38.0,Married,Master's Degree,Customer Success,Senior CS Manager,Senior Manager,EMP01355,"New York, NY",Onsite,2025-09-27,,Active,,,177000,0.83
EMP01316,Mei,Bernard,Female,21.0,Single,Associate's Degree,Customer Success,Support Associate,Entry-Level,EMP00467,"Denver, CO",Hybrid,2025-09-05,,Active,,,69000,0.89
EMP01317,Noah,Jackson,Male,23.0,Single,Master's Degree,Customer Success,Support Associate,Entry-Level,EMP00880,"Austin, TX",Hybrid,2025-12-13,,Active,,,65000,0.62
EMP01318,Daniel,Patel,M,21.0,Single,Bachelor's Degree,Sales,Sales Development Rep,Entry-Level,EMP00690,"Denver, CO",Hybrid,2023-12-15,2024-08-13,Terminated,Voluntary,Career Growth,72500,0.66
EMP01319,Luis,Martinez,Male,26.0,Single,Bachelor's Degree,Sales,Sales Development Rep,Entry-Level,EMP00408,Remote,Remote,2025-12-14,,Active,,,86500,0.62
EMP01320,Lucas,Hill,Male,21.0,Single,Associate's Degree,Engineering,Senior Software Engineer,Senior,EMP01154,"Denver, CO",Hybrid,2026-05-29,,Active,,,128000,0.16
EMP01321,Ngozi,Lee,Female,32.0,Married,Bachelor's Degree,Engineering,Senior Software Engineer,Senior,EMP00557,"Austin, TX",Hybrid,2024-03-23,,Active,,,141500,2.35
EMP01322,Diego,Andersson,Male,32.0,Single,Bachelor's Degree,Engineering,Staff Engineer,Staff,EMP01028,Remote,Remote,2024-06-16,,Active,,,183500,2.11
EMP01323,Maria,Walker,Female,35.0,Single,Bachelor's Degree,Finance,Financial Analyst II,Mid-Level,EMP01019,"New York, NY",Onsite,2026-07-18,,Active,,,95000,0.03
EMP01324,Liam,Andersson,M,26.0,Married,Master's Degree,Engineering,Software Engineer II,Mid-Level,EMP00993,"Austin, TX",Onsite,2024-03-22,,Active,,,127500,2.35
EMP01325,Charlotte,Roberts,Female,26.0,Single,Associate's Degree,Engineering,Software Engineer II,Mid-Level,EMP00152,Remote,Remote,2026-04-29,,Active,,,102500,0.25
EMP01326,Victoria,Ferrari,Female,27.0,Divorced,Bachelor's Degree,People,HR Coordinator,Entry-Level,EMP01046,"Austin, TX",Hybrid,2025-05-22,2025-08-15,Terminated,Involuntary,Performance,64000,0.23
EMP01327,Aisha,Nelson,Female,29.0,Single,Bachelor's Degree,finance,Senior Financial Analyst,Senior,EMP00930,Remote,Remote,2024-07-11,,Active,,,141000,2.05
EMP01328,Omar,Roberts,Male,45.0,Married,Master's Degree,Customer Success,VP of Customer Success,VP,EMP00759,"New York, NY",Hybrid,2026-04-03,,Active,,,253000,0.32
EMP01329,David,Moore,Male,31.0,Divorced,Bachelor's Degree,Engineering,Software Engineer II,Mid-Level,EMP01230,Remote,Remote,2025-03-22,,Active,,,130500,1.35
EMP01330,Sione,Hernandez,Male,31.0,Married,Bachelor's Degree,Engineering,Staff Engineer,Staff,EMP00590,"Denver, CO",Hybrid,2025-05-10,,Active,,,183500,1.22
EMP01331,Sarah,Abara,Female,32.0,Single,PhD,Product,Product Manager,Mid-Level,EMP01439,"San Francisco, CA",Onsite,2024-12-10,,Active,,,116500,1.63
EMP01332,William,Hall,Male,21.0,Divorced,Bachelor's Degree,Engineering,Software Engineer I,Entry-Level,EMP00559,"Chicago, IL",Hybrid,2025-08-30,,Active,,,67000,0.91
EMP01333,Emma,Miller,Female,37.0,Single,Bachelor's Degree,Engineering,Senior Software Engineer,Senior,EMP00557,Remote,Remote,2024-02-21,,Active,,,141500,2.43
EMP01334,Isabella,Gonzalez,Female,21.0,Single,Bachelor's Degree,Sales,Account Executive,Mid-Level,EMP01471,Remote,Remote,2025-01-16,,Active,,,108500,1.53
EMP01335,Anthony,Kumar,Male,30.0,Single,High School,Finance,Financial Analyst I,Entry-Level,EMP00090,"Denver, CO",Onsite,2026-07-12,,Active,,,79500,0.04
EMP01336,Amy,Robinson,Female,21.0,Single,PhD,Product,Senior Product Manager,Senior,EMP00383,Remote,Remote,2024-07-02,2024-07-29,Terminated,Voluntary,Better Opportunity Elsewhere,139000,0.07
EMP01337,Chloe,Martinez,Female,44.0,Single,Bachelor's Degree,Customer Success,CS Team Lead,Manager,EMP01370,"San Francisco, CA",Hybrid,2025-10-09,,Active,,,141500,0.8
EMP01338,Melissa,Baker,Female,28.0,Single,Bachelor's Degree,Customer Success,Customer Success Manager,Mid-Level,EMP01744,"Austin, TX",Hybrid,2024-10-24,,Active,,,66500,1.76
EMP01339,Hiroshi,Santos,Male,23.0,Single,Bachelor's Degree,Engineering,Software Engineer II,Mid-Level,EMP01077,"Austin, TX",Onsite,2026-01-03,,Active,,,120500,0.56
EMP01340,Christopher,Costa,Male,46.0,Married,Bachelor's Degree,Customer Success,Senior CS Manager,Senior Manager,EMP01355,"Chicago, IL",Hybrid,2023-12-24,2023-12-26,Terminated,Voluntary,Compensation,174000,0.01
EMP01341,Nathan,Silva,Male,30.0,Single,Master's Degree,Engineering,Engineering Manager,Manager,EMP00279,Remote,Remote,2026-07-25,,Active,,,167500,0.01
EMP01342,Emma,Patel,Female,29.0,Married,Master's Degree,Engineering,Senior Software Engineer,Senior,EMP01667,"Chicago, IL",Onsite,2025-03-30,,Active,,,164500,1.33
EMP01343,Charlotte,Adams,Female,39.0,Divorced,PhD,Customer Success,Customer Success Manager,Mid-Level,EMP01744,Remote,Remote,2024-06-15,2025-11-04,Terminated,Voluntary,Work-Life Balance,78000,1.39
EMP01344,Christopher,Brown,Male,40.0,Single,Bachelor's Degree,Engineering,Senior Engineering Manager,Senior Manager,EMP01284,"Chicago, IL",Hybrid,2023-06-03,,Active,,,218000,3.15
EMP01345,Anjali,Wright,Female,32.0,Married,Master's Degree,Executive,Business Operations Director,Director,EMP00101,"San Francisco, CA",Hybrid,2024-03-19,,Active,,,331000,2.36
EMP01346,Ryan,Khan,Male,28.0,Divorced,Bachelor's Degree,Engineering,Senior Software Engineer,Senior,EMP00756,"Austin, TX",Onsite,2025-06-18,,Active,,,125500,1.11
EMP01347,Mia,Diallo,Female,22.0,Single,Master's Degree,Sales,Sales Development Rep,Entry-Level,EMP01309,Remote,Remote,2024-11-08,,Active,,,83000,1.72
EMP01348,Casey,Robinson,Non-binary,30.0,Single,Master's Degree,Design,Senior Product Designer,Senior,EMP01747,"Austin, TX",Onsite,2026-03-26,,Active,,,113000,0.34
EMP01349,Jessica,Rivera,Female,27.0,Married,Bachelor's Degree,Engineering,Software Engineer II,Mid-Level,EMP00379,"Denver, CO",Onsite,2025-02-17,,Active,,,105500,1.44
EMP01350,Ashley,Muller,Female,29.0,Divorced,Bachelor's Degree,Engineering,Software Engineer II,Mid-Level,EMP00112,"San Francisco, CA",Hybrid,2024-07-08,2026-04-01,Terminated,Voluntary,Personal Reasons,130500,1.73
EMP01351,Carlos,Carter,Male,21.0,Married,Bachelor's Degree,Sales,Account Executive,Mid-Level,EMP00848,"San Francisco, CA",Hybrid,2025-09-07,,Active,,,96500,0.89
EMP01352,John,Kumar,Male,22.0,Single,Bachelor's Degree,MARKETING, Marketing Coordinator ,Entry-Level,EMP00790,"Chicago, IL",Hybrid,2025-11-07,,Active,,,70000,0.72
EMP01353,Megan,White,Female,31.0,Divorced,Associate's Degree,Marketing,Senior Marketing Specialist,Senior,EMP00234,"San Francisco, CA",Onsite,2024-02-03,2024-07-01,Terminated,Voluntary,Career Growth,116500,0.41
EMP01354,Miguel,Dubois,Male,32.0,Single,Bachelor's Degree,Sales,Sales Manager,Manager,EMP00003,Remote,Remote,2024-03-01,,Active,,,157500,2.41
EMP01355,Jose,Carter,Male,46.0,Single,Bachelor's Degree,Customer Success,Director of Customer Success,Director,EMP01328,"New York, NY",Hybrid,2023-01-04,2024-01-10,Terminated,Voluntary,Work-Life Balance,191000,1.02
EMP01356,Priya,Hernandez,Female,21.0,Single,Bachelor's Degree,Customer Success,Support Associate,Entry-Level,EMP00548,"Chicago, IL",Onsite,2025-12-25,,Active,,,64500,0.59
EMP01357,Joseph,Souza,Male,30.0,Single,Master's Degree,Customer Success,Senior CSM,Senior,EMP01048,"Chicago, IL",Hybrid,2025-10-05,,Active,,,129500,0.81
EMP01358,Angela,Nguyen,Female,29.0,Married,Bachelor's Degree,Sales,Senior Account Executive,Senior,EMP01193,"Chicago, IL",Hybrid,2025-04-01,,Active,,,126500,1.32
EMP01359,Amara,Young,Female,22.0,Married,Bachelor's Degree,Sales,Account Executive,Mid-Level,EMP01279,Remote,Remote,2026-03-15,,Active,,,87000,0.37
EMP01360,Yuki,Martinez,Female,24.0,Married,Bachelor's Degree,Marketing,Marketing Coordinator,Entry-Level,EMP01199,"San Francisco, CA",Hybrid,2026-02-05,,Active,,,62000,0.47
EMP01361,Chioma,Hernandez,Female,24.0,Single,Master's Degree,Design,Senior Product Designer,Senior,EMP01747,"Austin, TX",Hybrid,2025-07-13,2026-04-20,Terminated,Voluntary,Personal Reasons,115500,0.77
EMP01362,Isabella,Wright,Female,39.0,Married,Bachelor's Degree,Marketing,Director of Marketing,Director,EMP00148,"Austin, TX",Hybrid,2026-04-08,,Active,,,174000,0.3
EMP01363,Michelle,Martin,Female,30.0,Married,Master's Degree,Sales,Senior Account Executive,Senior,EMP00534,Remote,Remote,2024-05-08,2026-01-16,Terminated,Voluntary,Personal Reasons,125000,1.69
EMP01364,Laura,Carter,Female,21.0,Single,Bachelor's Degree,Engineering,Software Engineer II,Mid-Level,EMP01185,Remote,Remote,2023-11-05,2024-02-21,Terminated,Voluntary,Return to School,97500,0.3
EMP01365,Kevin,Martin,Male,32.0,Divorced,Bachelor's Degree,Engineering,Staff Engineer,Staff,,"San Francisco, CA",Onsite,2024-08-28,,Active,,,168500,1.91
EMP01366,Melissa,Roberts,Female,25.0,Married,Bachelor's Degree,Product,Product Manager,Mid-Level,EMP00452,"Chicago, IL",Hybrid,2023-03-09,,Active,,,78500,3.39
EMP01367,Olivia,Green,Female,35.0,Married,High School,Sales,Enterprise Account Executive,Staff,EMP00872,"Austin, TX",Hybrid,2025-06-01,,Active,,,183000,1.16
EMP01368,Diego,Campbell,Male,32.0,Single,Bachelor's Degree,Marketing,Principal Marketing Specialist,Staff,EMP00605,"Austin, TX",Hybrid,2026-06-04,,Active,,,167000,0.15
EMP01369,Sione,Wilson,Male,21.0,Married,Bachelor's Degree,Engineering,Software Engineer I,Entry-Level,EMP01734,"Chicago, IL",Hybrid,2023-01-03,,Active,,,99000,3.56
EMP01370,Isabella,Lopez,Female,35.0,Divorced,Bachelor's Degree,Customer Success,Senior CS Manager,Senior Manager,EMP01058,"Austin, TX",Hybrid,2023-12-02,,Active,,,155000,2.65
EMP01371,William,Smith,M,,Single,High School,Marketing,Marketing Specialist,Mid-Level,EMP01396,"New York, NY",Hybrid,2025-03-08,,Active,,,93500,1.39
EMP01372,Aisha,Flores,Female,38.0,Married,Bachelor's Degree,Engineering,VP of Engineering,VP,EMP01037,"Chicago, IL",Hybrid,2026-06-23,,Active,,,237000,0.1
EMP01373,Aaliyah,Sharma,Female,22.0,Single,Master's Degree,Marketing,Marketing Specialist,Mid-Level,EMP01103,Remote,Remote,2024-10-09,,Active,,,89500,1.8
EMP01374,Joseph,Campbell,Male,40.0,Married,Bachelor's Degree,Executive,Business Operations Director,Director,EMP01483,"New York, NY",Hybrid,2025-05-02,,Active,,,360000,1.24
EMP01375,Amy,Wright,Female,25.0,Married,Master's Degree,Customer Success,Senior CSM,Senior,EMP00594,"Chicago, IL",Hybrid,2023-02-14,,Active,,,100500,3.45
EMP01376,Raj,Wilson,Male,27.0,Married,Master's Degree,Customer Success,Customer Success Manager,Mid-Level,EMP01132,"Denver, CO",Hybrid,2024-01-14,2024-11-18,Terminated,Voluntary,Better Opportunity Elsewhere,92000,0.85
EMP01377,Emma,Taylor,Female,39.0,Divorced,Bachelor's Degree,Executive,Business Operations Director,Director,EMP00101,"Austin, TX",Onsite,2026-07-04,,Active,,,289500,0.07
EMP01378,Thomas,Lopez,Male,30.0,Single,Master's Degree,SALES,Senior Account Executive,Senior,EMP01597,Remote,Remote,2026-07-06,,Active,,,109000,0.06
EMP01379,Divya,White,Female,35.0,Single,Bachelor's Degree,Engineering,Engineering Manager,Manager,EMP00565,"Austin, TX",Hybrid,2022-09-11,,Active,,,181500,3.88
EMP01380,Thomas,Kumar,Male,32.0,Married,Bachelor's Degree,Marketing,Senior Marketing Specialist,Senior,EMP00259,"Austin, TX",Onsite,2026-06-03,,Active,,,121500,0.15
EMP01381,Ethan,Khan,Male,24.0,Single,Bachelor's Degree,sales,Sales Development Rep,Entry-Level,EMP01677,"New York, NY",Hybrid,2025-09-08,,Active,,,78500,0.88
EMP01382,James,Schmidt,Male,25.0,Married,Bachelor's Degree,Sales,Senior Account Executive,Senior,EMP00926,Remote,Remote,2026-04-03,,Active,,,128000,0.32
EMP01383,Raj,Schmidt,Male,21.0,Single,Bachelor's Degree,ENGINEERING,Software Engineer I,Entry-Level,EMP01584,"Austin, TX",Hybrid,2025-03-14,2026-01-11,Terminated,Voluntary,Compensation,75500,0.83
EMP01384,Megan,Osei,F,33.0,Single,Bachelor's Degree,Customer Success,Senior CSM,Senior,EMP00742,"Austin, TX",Onsite,2025-05-28,,Active,,,138500,1.17
EMP01385,Lucas,Chen,Male,22.0,Married,Bachelor's Degree,Engineering,Software Engineer I,Entry-Level,EMP01079,"Austin, TX",Hybrid,2025-05-13,,Active,,,71500,1.21
EMP01386,Omar,Wilson,Male,34.0,Married,Bachelor's Degree,Finance,Senior Finance Manager,Senior Manager,EMP00723,"San Francisco, CA",Onsite,2025-10-13,,Active,,,170000,0.79
EMP01387,Laura,Brown,Female,39.0,Single,Bachelor's Degree,Product,Senior Product Manager,Senior,EMP00972,"Denver, CO",Onsite,2024-01-02,2024-05-14,Terminated,Voluntary,Work-Life Balance,156500,0.36
EMP01388,Sarah,Lopez,Female,34.0,Single,High School,ENGINEERING,Software Engineer II,Mid-Level,EMP01481,"Austin, TX",Hybrid,2022-12-13,2023-07-07,Terminated,Involuntary,Policy Violation,110500,0.56
EMP01389,Anjali,Rivera,Female,26.0,Single,Bachelor's Degree,Sales,Account Executive,Mid-Level,EMP01551,Remote,Remote,2024-09-29,,Active,,,103000,1.83
EMP01390,Sofia,Muller,Female,21.0,Single,Bachelor's Degree,Engineering,Software Engineer I,Entry-Level,,Remote,Remote,2025-11-19,,Active,,,75000,0.69
EMP01391,Chidi,Lopez,Male,30.0,Single,Bachelor's Degree,Customer Success,Customer Success Manager,Mid-Level,EMP00909,"Chicago, IL",Hybrid,2024-04-27,,Active,,,103000,2.25
EMP01392,Mark,Silva,Male,33.0,Single,Bachelor's Degree,People,People Team Lead,Manager,EMP00174,"New York, NY",Hybrid,2025-10-06,2026-01-23,Terminated,Voluntary,Compensation,134000,0.3
EMP01393,Emma,Silva,Female,42.0,Married,Master's Degree,Marketing,Senior Marketing Manager,Senior Manager,EMP01362,"San Francisco, CA",Onsite,2026-07-16,,Active,,,177000,0.03
EMP01394,Priya,Adams,Female,22.0,Married,Master's Degree,Engineering,Software Engineer I,Entry-Level,EMP00559,"San Francisco, CA",Hybrid,2023-09-02,,Active,,,77500,2.9
EMP01395,Mia,Roberts,Female,37.0,Single,Bachelor's Degree,Engineering,Senior Software Engineer,Senior,EMP00756,"New York, NY",Hybrid,2025-10-08,,Active,,,147500,0.8
EMP01396,Thomas,Johnson,Male,27.0,Married,Master's Degree,Marketing,Senior Marketing Specialist,Senior,EMP00110,"Austin, TX",Onsite,2025-03-17,,Active,,,152500,1.36
EMP01397,Raj,Nguyen,Male,40.0,Divorced,Bachelor's Degree,Finance,Senior Financial Analyst,Senior,EMP01135,"Chicago, IL",Onsite,2026-04-23,,Active,,,136500,0.26
EMP01398,Mark,Chen,Male,25.0,Single,High School,Sales,Sales Development Rep,Entry-Level,EMP01044,"San Francisco, CA",Onsite,2024-03-02,2026-02-22,Terminated,Involuntary,Performance,72000,1.98
EMP01399,Emily,Roberts,Female,30.0,Single,Master's Degree,Sales,Sales Development Rep,Entry-Level,EMP00492,"San Francisco, CA",Hybrid,2025-11-10,2025-12-17,Terminated,Voluntary,Personal Reasons,63500,0.1
EMP01400,Lucia,Hernandez,Female,24.0,Married,Bachelor's Degree,Product,Product Manager,Mid-Level,EMP00694,"San Francisco, CA",Hybrid,2026-03-28,,Active,,,90000,0.33
EMP01401,Arjun,Schmidt,Male,29.0,Single,PhD,PEOPLE,People Team Lead,Manager,EMP00174,"Austin, TX",Hybrid,2026-06-16,,Active,,,143000,0.11
EMP01402,Christopher,Young,Male,21.0,Married,Bachelor's Degree,Sales,Account Executive,Mid-Level,EMP00578,Remote,Remote,2025-11-06,,Active,,,101000,0.72
EMP01403,Angela,Nilsson,Female,33.0,Married,Bachelor's Degree,Engineering,Software Engineer II,Mid-Level,EMP00244,"Austin, TX",Hybrid,2025-05-28,,Active,,,104000,1.17
EMP01404,Lucia,Cohen,Female,41.0,Married,Bachelor's Degree,Engineering,Director of Engineering,Director,,Remote,Remote,2025-09-02,,Active,,,222500,0.9
EMP01405,Kofi,Perez,Male,24.0,Married,Bachelor's Degree,People,Senior HR Business Partner,Senior,EMP01082,"Denver, CO",Hybrid,2026-04-02,2026-04-23,Terminated,Voluntary,Compensation,133500,0.06
EMP01406,Sofia,Carter,F,44.0,Married,High School,Engineering,Senior Engineering Manager,Senior Manager,EMP00740,Remote,Remote,2025-07-26,,Active,,,208500,1.0
EMP01407,Chioma,Perez,Female,32.0,Single,Bachelor's Degree,Product,Product Manager,Mid-Level,EMP01567,"New York, NY",Onsite,2022-12-13,2023-05-29,Terminated,Voluntary,Career Growth,91000,0.46
EMP01408,Megan,Moore,Female,30.0,Single,Master's Degree,Sales,Sales Development Rep,Entry-Level,EMP00409,Remote,Remote,2026-06-24,,Active,,,58500,0.09
EMP01409,Mia,Wright,Female,32.0,Divorced,Bachelor's Degree,Engineering,Senior Engineering Manager,Senior Manager,EMP01428,"San Francisco, CA",Hybrid,2025-11-15,2026-05-10,Terminated,Voluntary,Relocation,210500,0.48
EMP01410,Anthony,Hill,M,32.0,Divorced,Bachelor's Degree,ENGINEERING,Software Engineer II,Mid-Level,EMP01512,"Denver, CO",Hybrid,2025-10-28,,Active,,,87500,0.75
EMP01411,Michael,Wright,Male,26.0,Married,Bachelor's Degree,Marketing,Marketing Coordinator,Entry-Level,EMP00668,"Austin, TX",Hybrid,2024-05-02,,Active,,,63500,2.24
EMP01412,Sophia,Kone,Female,33.0,Divorced,Master's Degree,People,HR Generalist,Mid-Level,EMP01162,"New York, NY",Hybrid,2025-10-07,2026-07-13,Terminated,Voluntary,Return to School,77000,0.76
EMP01413,Wei,Jackson,Male,26.0,Single,Bachelor's Degree,Marketing,Marketing Coordinator,Entry-Level,EMP00405,"Denver, CO",Hybrid,2025-01-03,2026-03-17,Terminated,Voluntary,Better Opportunity Elsewhere,78000,1.2
EMP01414,Lauren,Rodriguez,Female,28.0,Single,Bachelor's Degree,People,HR Generalist,Mid-Level,EMP00657,"Denver, CO",Onsite,2025-10-08,,Active,,,86500,0.8
EMP01415,Jennifer,Perez,Female,41.0,Single,Associate's Degree,Sales,Sales Manager,Manager,EMP01283,"San Francisco, CA",Hybrid,2023-10-23,,Active,,,153000,2.76
EMP01416,Chioma,Kumar,Female,45.0,Single,Bachelor's Degree,Marketing,Director of Marketing,Director,EMP00939,"Austin, TX",Onsite,2025-10-14,,Active,,,194000,0.79
EMP01417,Lucas,Scott,Male,46.0,Married,Bachelor's Degree,Product,Director of Product,Director,EMP01486,"Chicago, IL",Hybrid,2026-07-24,,Active,,,227000,0.01
EMP01418,Adrian,Wang,Male,22.0,Divorced,Master's Degree,Customer Success,Support Associate,Entry-Level,EMP00548,"New York, NY",Hybrid,2023-03-30,2023-12-24,Terminated,Voluntary,Personal Reasons,65000,0.74
EMP01419,Chloe,Hill,Female,26.0,Married,Master's Degree,Legal,Paralegal,Mid-Level,EMP00297,"Austin, TX",Hybrid,2026-07-23,,Active,,,96500,0.01
EMP01420,John,Mensah,Male,21.0,Married,Bachelor's Degree,Engineering,Software Engineer I,Entry-Level,EMP01225,Remote,Remote,2025-01-27,,Active,,,76000,1.5
EMP01421,Leilani,Martinez,Female,33.0,Single,Bachelor's Degree,Design,Design Manager,Manager,EMP00127,Remote,Remote,2026-04-22,,Active,,,146000,0.27
EMP01422,Chloe,Campbell,Female,30.0,Single,Master's Degree,Sales,Account Executive,Mid-Level,EMP00832,Remote,Remote,2026-02-07,,Active,,,106500,0.47
EMP01423,Amit,Allen,Male,32.0,Single,Bachelor's Degree,Engineering, Senior Software Engineer ,Senior,EMP00328,Remote,Remote,2025-07-21,,Active,,,124000,1.02
EMP01424,Megan,Young,Female,25.0,Married,PhD,Engineering,Senior Software Engineer,Senior,EMP00557,"Austin, TX",Onsite,2025-12-07,,Active,,,144000,0.64
EMP01425,Adrian,Kone,Male,33.0,Single,Bachelor's Degree,Marketing,Marketing Specialist,Mid-Level,EMP01396,Remote,Remote,2026-04-01,,Active,,,91000,0.32
EMP01426,Justin,Silva,Male,40.0,Divorced,Bachelor's Degree,Legal,Paralegal,Mid-Level,EMP00297,"New York, NY",Hybrid,2025-01-17,,Active,,,89000,1.52
EMP01427,Leilani,Costa,Female,37.0,Married,High School,Design,Director of Design,Director,EMP01180,"Austin, TX",Onsite,2024-10-09,,Active,,,214500,1.8
EMP01428,Riley,Sanchez,Non-binary,40.0,Single,Master's Degree,Engineering,Director of Engineering,Director,EMP00674,Remote,Remote,2025-10-30,2026-05-16,Terminated,Voluntary,Career Growth,231500,0.54
EMP01429,Justin,Ahmed,Male,24.0,Single,Master's Degree,Engineering,Software Engineer II,Mid-Level,EMP01155,"San Francisco, CA",Hybrid,2026-02-21,,Active,,,113500,0.43
EMP01430,Emma,Wilson,Female,26.0,Married,Master's Degree,People,HR Generalist,Mid-Level,EMP00731,"New York, NY",Onsite,2026-01-13,,Active,,,98500,0.54
EMP01431,Brian,Moore,Male,45.0,Single,PhD,Sales,VP of Sales,VP,EMP00191,"Austin, TX",Hybrid,2026-02-21,,Active,,,274500,0.43
EMP01432,Sione,Hill,Male,21.0,Married,Bachelor's Degree,Product,Associate Product Manager,Entry-Level,EMP01737,"New York, NY",Onsite,2025-03-19,,Active,,,81500,1.36
EMP01433,Thomas,Smith,Male,26.0,Married,Bachelor's Degree,Sales,Account Executive,Mid-Level,EMP00413,"Denver, CO",Hybrid,2026-03-21,,Active,,,109000,0.35
EMP01434,Isabella,Patel,Female,24.0,Single,Master's Degree,Product,Associate Product Manager,Entry-Level,EMP00195,"New York, NY",Hybrid,2023-12-19,,Active,,,80000,2.61
EMP01435,Nathan,Nelson,Male,29.0,Married,Master's Degree,Sales,Account Executive,Mid-Level,EMP00503,"Austin, TX",Hybrid,2025-06-25,,Active,,,105000,1.09
EMP01436,Grace,Souza,Female,31.0,Single,Master's Degree,Marketing,Marketing Specialist,Mid-Level,EMP00717,"New York, NY",Onsite,2022-09-25,,Active,,,71000,3.84
EMP01437,Natalie,Carter,Female,27.0,Divorced,Master's Degree,SALES,Account Executive,Mid-Level,EMP00578,"New York, NY",Onsite,2024-10-22,2025-05-27,Terminated,Voluntary,Career Growth,104500,0.59
EMP01438,Sophia,Nelson,Female,24.0,Single,Bachelor's Degree,Customer Success,Customer Success Manager,Mid-Level,EMP00955,"San Francisco, CA",Hybrid,2024-12-17,2026-01-31,Terminated,Voluntary,Work-Life Balance,84000,1.12
EMP01439,Lucas,Sharma,Male,33.0,Divorced,Bachelor's Degree,Product, Senior Product Manager ,Senior,EMP00972,Remote,Remote,2025-01-23,,Active,,,123000,1.51
EMP01440,Andrew,Nelson,M,48.0,Married,PhD,Customer Success,VP of Customer Success,VP,EMP00759,"New York, NY",Hybrid,2025-11-23,,Active,,,328000,0.68
EMP01441,Liam,Kumar,Male,34.0,Married,Bachelor's Degree,Customer Success,CS Team Lead,Manager,EMP01665,Remote,Remote,2025-01-30,2025-10-13,Terminated,Voluntary,Compensation,138000,0.7
EMP01442,Nicole,Silva,Female,37.0,Single,Bachelor's Degree,Engineering,Engineering Manager,Manager,EMP00875,"Austin, TX",Hybrid,2025-03-10,2025-07-20,Terminated,Voluntary,Better Opportunity Elsewhere,152000,0.36
EMP01443,Emma,Moore,Female,28.0,Married,Master's Degree,Sales,Senior Account Executive,Senior,EMP00561,"San Francisco, CA",Hybrid,2024-06-10,,Active,,,120500,2.13
EMP01444,Ava,Hill,Female,,Married,Bachelor's Degree,Engineering, Software Engineer I ,Entry-Level,EMP00770,"Austin, TX",Hybrid,2024-12-04,,Active,,,72000,1.65
EMP01445,Ashley,Adams,Female,21.0,Married,Master's Degree,Marketing,Marketing Coordinator,Entry-Level,EMP01050,"New York, NY",Hybrid,2024-06-08,,Active,,,72500,2.14
EMP01446,Mark,Santos,Male,37.0,Married,High School,Design,Senior Design Manager,Senior Manager,EMP01427,"Austin, TX",Hybrid,2023-06-22,2024-09-05,Terminated,Involuntary,Budget Reduction,207500,1.21
EMP01447,Anjali,Sanchez,Female,,Married,Master's Degree,Executive,Business Operations Director,Director,EMP01483,"New York, NY",Onsite,2025-08-20,,Active,,,311500,0.94
EMP01448,Ashley,Mensah,Female,21.0,Married,Bachelor's Degree,Engineering,Software Engineer I,Entry-Level,EMP00583,"San Francisco, CA",Hybrid,2025-10-20,2025-11-11,Terminated,Voluntary,Work-Life Balance,75500,0.06
EMP01449,Chidi,Green,Male,32.0,Single,Bachelor's Degree,CUSTOMER SUCCESS,Senior CSM,Senior,EMP00246,"San Francisco, CA",Onsite,2025-09-18,,Active,,,103500,0.86
EMP01450,Jose,Thompson,Male,21.0,Married,Bachelor's Degree,Customer Success,Customer Success Manager,Mid-Level,EMP01593,"Chicago, IL",Onsite,2025-04-14,2025-07-19,Terminated,Voluntary,Relocation,91000,0.26
EMP01451,Grace,Patel,Female,26.0,Single,Bachelor's Degree,CUSTOMER SUCCESS,Customer Success Manager,Mid-Level,EMP00828,Remote,Remote,2024-12-18,2025-04-21,Terminated,Voluntary,Return to School,94500,0.34
EMP01452,Stephanie,Green,Female,47.0,Married,Bachelor's Degree,Engineering,VP of Engineering,VP,EMP01037,"San Francisco, CA",Hybrid,2026-04-28,,Active,,,382000,0.25
EMP01453,Daniel,Nguyen,Male,34.0,Divorced,Bachelor's Degree,Sales,Sales Manager,Manager,EMP01619,"Chicago, IL",Onsite,2025-06-14,,Active,,,163000,1.12
EMP01454,Megan,Diallo,Female,25.0,Single,Bachelor's Degree,Customer Success,Customer Success Manager,Mid-Level,EMP01132,Remote,Remote,2025-04-20,2025-08-02,Terminated,Voluntary,Personal Reasons,90000,0.28
EMP01455,Carlos,Nilsson,Male,45.0,Married,Bachelor's Degree,Engineering,VP of Engineering,VP,EMP01037,"New York, NY",Onsite,2022-12-21,2023-06-21,Terminated,Involuntary,Role Elimination / Restructuring,297000,0.5
EMP01456,Samuel,Young,Male,32.0,Married,High School,Engineering,Senior Software Engineer,Senior,EMP00957,Remote,Remote,2024-11-24,,Active,,,138500,1.67
EMP01457,Yuki,Adams,Female,32.0,Single,Bachelor's Degree,Sales,Enterprise Account Executive,Staff,EMP00502,Remote,Remote,2024-12-15,2025-03-13,Terminated,Voluntary,Better Opportunity Elsewhere,160000,0.24
EMP01458,Michelle,Carter,Female,22.0,Married,Master's Degree,Sales,Sales Development Rep,Entry-Level,EMP01194,"San Francisco, CA",Onsite,2025-01-22,2025-12-02,Terminated,Voluntary,Relocation,75500,0.86
EMP01459,Emily,Scott,Female,28.0,Single,High School,Engineering,Software Engineer I,Entry-Level,EMP01064,"Chicago, IL",Hybrid,2025-07-30,,Active,,,87000,0.99
EMP01460,Andrew,Patel,Male,24.0,Divorced,Master's Degree,Engineering,Senior Software Engineer,Senior,EMP01661,"Chicago, IL",Hybrid,2025-06-04,,Active,,,139500,1.15
EMP01461,Omar,Campbell,Male,41.0,Divorced,Master's Degree,Engineering,Senior Engineering Manager,Senior Manager,EMP00672,"New York, NY",Onsite,2025-08-13,,Active,,,203000,0.96
EMP01462,Jose,Anderson,Male,31.0,Married,Master's Degree,Customer Success,Senior CSM,Senior,EMP00246,"San Francisco, CA",Onsite,2026-01-27,2026-05-15,Terminated,Voluntary,Better Opportunity Elsewhere,123500,0.3
EMP01463,Ahmed,Andersson,Male,25.0,Married,Master's Degree,Customer Success,Support Associate,Entry-Level,EMP00911,Remote,Remote,2026-03-23,2026-03-26,Terminated,Voluntary,Work-Life Balance,59500,0.01
EMP01464,Mohammed,Sanchez,Male,24.0,Married,Bachelor's Degree,Marketing,Marketing Coordinator,Entry-Level,EMP00858,Remote,Remote,2025-12-08,,Active,,,68500,0.64
EMP01465,Charles,Bernard,Male,27.0,Single,Master's Degree,Legal,Legal Manager,Manager,EMP01568,"Austin, TX",Onsite,2026-06-18,,Active,,,169000,0.11
EMP01466,Ryan,Ferrari,Male,30.0,Single,Bachelor's Degree,Sales,Sales Development Rep,Entry-Level,EMP00223,"Austin, TX",Onsite,2022-11-12,2023-07-23,Terminated,Voluntary,Work-Life Balance,74000,0.69
EMP01467,Thomas,White,Male,33.0,Married,Master's Degree,Engineering,Senior Software Engineer,Senior,EMP00167,Remote,Remote,2024-04-23,2024-09-06,Terminated,Voluntary,Compensation,159500,0.37
EMP01468,Fatima,Muller,Female,21.0,Divorced,Master's Degree,Engineering,Software Engineer I,Entry-Level,EMP00708,"Austin, TX",Hybrid,2022-09-14,2024-07-03,Terminated,Voluntary,Better Opportunity Elsewhere,78500,1.8
EMP01469,Anthony,Brown,Male,27.0,Married,High School,Engineering,Software Engineer I,Entry-Level,EMP01589,"Chicago, IL",Hybrid,2025-10-02,,Active,,,75000,0.82
EMP01470,Samuel,Ali,Male,30.0,Married,Bachelor's Degree,Finance,Senior Financial Analyst,Senior,EMP01135,"San Francisco, CA",Hybrid,2026-05-18,,Active,,,118500,0.19
EMP01471,Ana,Clark,Female,27.0,Married,Bachelor's Degree,Sales,Senior Account Executive,Senior,EMP01367,"Austin, TX",Hybrid,2024-07-24,2024-09-07,Terminated,Voluntary,Better Opportunity Elsewhere,155000,0.12
EMP01472,Matthew,Sharma,Male,32.0,Single,Master's Degree,Engineering,Software Engineer II,Mid-Level,EMP01564,"Austin, TX",Hybrid,2026-06-02,,Active,,,124000,0.15
EMP01473,Divya,Nguyen,Female,,Married,Bachelor's Degree,Design,Junior Product Designer,Entry-Level,EMP00425,"San Francisco, CA",Onsite,2023-04-11,2024-06-09,Terminated,Voluntary,Better Opportunity Elsewhere,75500,1.16
EMP01474,Robert,Rodriguez,Male,41.0,Single,Bachelor's Degree,Sales,Sales Manager,Manager,,"Austin, TX",Hybrid,2026-06-09,,Active,,,132500,0.13
EMP01475,Joseph,Chen,Male,26.0,Single,Bachelor's Degree,Customer Success,Support Associate,Entry-Level,EMP00388,"Denver, CO",Hybrid,2024-11-12,,Active,,,57500,1.71
EMP01476,Nathan,Kone,Male,34.0,Married,Bachelor's Degree,Engineering,Senior Software Engineer,Senior,EMP00638,"Chicago, IL",Hybrid,2023-10-17,,Active,,,135500,2.78
EMP01477,Justin,Moore,Male,43.0,Married,Associate's Degree,Legal,Director of Legal,Director,EMP01653,"San Francisco, CA",Hybrid,2025-05-15,,Active,,,230000,1.2
EMP01478,Isabella,Hill,Female,26.0,Married,Master's Degree,Sales,Sales Development Rep,Entry-Level,EMP01637,Remote,Remote,2024-07-25,,Active,,,76000,2.01
EMP01479,Grace,Walker,Female,42.0,Married,Bachelor's Degree,Engineering,Director of Engineering,Director,EMP01372,"New York, NY",Hybrid,2024-08-17,2025-09-24,Terminated,Voluntary,Work-Life Balance,219500,1.1
EMP01480,Lucas,Allen,Male,21.0,Married,High School,people,HR Coordinator,Entry-Level,EMP01412,"New York, NY",Hybrid,2024-09-26,,Active,,,71500,1.83
EMP01481,Wei,Martin,Male,,Married,Bachelor's Degree,Engineering,Senior Software Engineer,Senior,EMP00328,"New York, NY",Onsite,2026-02-26,2026-03-17,Terminated,Involuntary,Role Elimination / Restructuring,181500,0.05
EMP01482,Zainab,Singh,Female,31.0,Divorced,Bachelor's Degree,People,HR Generalist,Mid-Level,EMP01405,"New York, NY",Hybrid,2025-06-18,,Active,,,95500,1.11
EMP01483,Jose,Carter,Male,50.0,Single,Master's Degree,Executive,Chief of Staff,VP,EMP01180,Remote,Remote,2024-09-22,2025-04-12,Terminated,Voluntary,Compensation,417500,0.55
EMP01484,Melissa,Martinez,Female,29.0,Divorced,Bachelor's Degree,Customer Success,Customer Success Manager,Mid-Level,EMP00337,"Chicago, IL",Hybrid,2025-08-06,,Active,,,79500,0.97
EMP01485,Wei,Khan,Male,21.0,Married,Bachelor's Degree,Customer Success,Customer Success Manager,Mid-Level,EMP00903,"San Francisco, CA",Hybrid,2025-12-17,,Active,,,84000,0.61
EMP01486,Jennifer,Silva,Female,43.0,Married,Master's Degree,Product,VP of Product,VP,EMP01180,Remote,Remote,2024-08-23,2025-04-24,Terminated,Voluntary,Compensation,223500,0.67
EMP01487,Thomas,Mensah,Male,28.0,Married,PhD,Finance,Senior Financial Analyst,Senior,EMP00516,"San Francisco, CA",Hybrid,2025-02-24,2025-06-21,Terminated,Involuntary,Budget Reduction,123000,0.32
EMP01488,Omar,Dubois,Male,22.0,Single,Bachelor's Degree,Sales,Account Executive,Mid-Level,EMP01633,"Austin, TX",Hybrid,2023-12-18,2024-07-10,Terminated,Involuntary,Policy Violation,118000,0.56
EMP01489,Elizabeth,Kim,Female,31.0,Single,High School,CUSTOMER SUCCESS,Customer Success Manager,Mid-Level,,"New York, NY",Hybrid,2024-03-08,2025-02-21,Terminated,Voluntary,Personal Reasons,86500,0.96
EMP01490,Divya,Rossi,Female,,Married,Bachelor's Degree,Finance,Senior Financial Analyst,Senior,EMP00045,Remote,Remote,2025-11-09,,Active,,,125000,0.71
EMP01491,Jose,Abara,Male,28.0,Married,Master's Degree,legal,Legal Coordinator,Entry-Level,EMP01426,"San Francisco, CA",Onsite,2024-03-06,,Active,,,90500,2.39
EMP01492,Isabella,Wang,Female,30.0,Married,Associate's Degree,Marketing,Marketing Coordinator,Entry-Level,EMP01373,Remote,Remote,2025-06-05,,Active,,,69000,1.14
EMP01493,Chloe,Ferrari,Female,29.0,Married,High School,Engineering,Senior Software Engineer,Senior,EMP01541,"New York, NY",Hybrid,2025-11-12,,Active,,,150000,0.71
EMP01494,Lucas,Jones,Male,26.0,Single,High School,Finance,Financial Analyst II,Mid-Level,EMP00852,"San Francisco, CA",Hybrid,2023-10-25,,Active,,,112000,2.76
EMP01495,Rachel,Campbell,Female,45.0,Single,Master's Degree,Sales,Director of Sales,Director,EMP00298,Remote,Remote,2025-07-29,,Active,,,204000,1.0
EMP01496,Chidi,Rossi,Male,35.0,Married,Master's Degree,Finance,Senior Finance Manager,Senior Manager,EMP01212,"New York, NY",Onsite,2024-07-28,2024-08-01,Terminated,Voluntary,Personal Reasons,176500,0.01
EMP01497,Lucia,Silva,Female,33.0,Single,Associate's Degree,Customer Success,Senior CSM,Senior,EMP00742,Remote,Remote,2026-07-11,,Active,,,112500,0.05
EMP01498,Riley,Hernandez,Non-binary,31.0,Married,Bachelor's Degree,Engineering,Engineering Manager,Manager,EMP00440,Remote,Remote,2025-04-25,,Active,,,147500,1.26
EMP01499,Christopher,Wilson,Male,24.0,Single,Bachelor's Degree,Product,Senior Product Manager,Senior,EMP00972,Remote,Remote,2026-02-01,,Active,,,134000,0.48
EMP01500,Lucas,Young,Male,25.0,Married,Bachelor's Degree,Sales,Sales Development Rep,Entry-Level,EMP01351,"Austin, TX",Onsite,2025-06-11,,Active,,,74000,1.13
EMP01501,Justin,Rivera,Male,32.0,Single,Bachelor's Degree,Customer Success,Strategic CSM,Staff,EMP01337,"San Francisco, CA",Onsite,2023-02-19,2023-06-01,Terminated,Voluntary,Personal Reasons,134000,0.28
EMP01502,Arjun,Perez,Male,21.0,Single,Bachelor's Degree,Product,Associate Product Manager,Entry-Level,EMP01331,Remote,Remote,2025-09-09,,Active,,,72000,0.88
EMP01503,Jessica,Costa,Female,33.0,Married,Bachelor's Degree,Sales,Account Executive,Mid-Level,EMP01126,"Denver, CO",Hybrid,2026-06-27,,Active,,,104500,0.08
EMP01504,Sione,Garcia,Male,33.0,Married,Bachelor's Degree,Product,Group Product Manager,Manager,EMP00212,"Denver, CO",Hybrid,2025-08-02,,Active,,,181500,0.99
EMP01505,Kwame,Andersson,Male,32.0,Single,Master's Degree,Marketing,Senior Marketing Specialist,Senior,EMP00259,"Austin, TX",Hybrid,2026-03-12,,Active,,,130500,0.38
EMP01506,Maria,Kim,Female,42.0,Divorced,Bachelor's Degree,Sales,Sales Manager,Manager,EMP00509,"San Francisco, CA",Hybrid,2026-05-04,,Active,,,159000,0.23
EMP01507,Olivia,Nelson,Female,25.0,Single,Master's Degree,ENGINEERING, Software Engineer I ,Entry-Level,EMP00830,"New York, NY",Onsite,2024-06-04,,Active,,,81500,2.15
EMP01508,Justin,Kumar,Male,35.0,Single,Bachelor's Degree,Engineering,Staff Engineer,Staff,EMP01030,"San Francisco, CA",Hybrid,2024-05-18,,Active,,,149500,2.19
EMP01509,Ava,Wilson,Female,21.0,Single,Master's Degree,Engineering,Software Engineer I,Entry-Level,EMP00786,"San Francisco, CA",Hybrid,2025-08-15,,Active,,,81000,0.95
EMP01510,Sarah,Johnson,Female,36.0,Single,Bachelor's Degree,Sales,Senior Account Executive,Senior,EMP00561,"Austin, TX",Hybrid,2025-02-19,2025-09-04,Terminated,Voluntary,Better Opportunity Elsewhere,122000,0.54
EMP01511,Emma,Gonzalez,Female,29.0,Married,Master's Degree,Engineering,Staff Engineer,Staff,EMP00758,"Austin, TX",Hybrid,2026-03-13,,Active,,,209500,0.38
EMP01512,Divya,King,Female,27.0,Single,Bachelor's Degree,Engineering,Senior Software Engineer,Senior,EMP01541,Remote,Remote,2026-05-19,,Active,,,155000,0.19
EMP01513,Mia,Lewis,Female,21.0,Married,Bachelor's Degree,Finance,Financial Analyst II,Mid-Level,EMP00426,"Chicago, IL",Hybrid,2024-11-17,,Active,,,86500,1.69
EMP01514,Mark,Osei,M,25.0,Single,Master's Degree,Marketing,Marketing Coordinator,Entry-Level,EMP00496,"Austin, TX",Hybrid,2024-06-06,2025-12-29,Terminated,Voluntary,Return to School,66000,1.56
EMP01515,Noah,Cohen,Male,27.0,Married,Bachelor's Degree,Sales,Sales Development Rep,Entry-Level,EMP00011,"San Francisco, CA",Onsite,2026-02-16,2026-04-30,Terminated,Involuntary,Policy Violation,66000,0.2
EMP01516,Yuki,Schmidt,Female,33.0,Single,Bachelor's Degree,Legal,Corporate Counsel,Senior,EMP01067,"Denver, CO",Hybrid,2024-08-24,2024-10-20,Terminated,Involuntary,Performance,143000,0.16
EMP01517,Elizabeth,Dubois,Female,34.0,Single,Master's Degree,Engineering,Director of Engineering,Director,EMP01455,"San Francisco, CA",Onsite,2026-03-12,,Active,,,261000,0.38
EMP01518,Stephanie,Nilsson,Female,26.0,Single,Master's Degree,Sales,Sales Development Rep,Entry-Level,EMP01351,Remote,Remote,2025-02-19,2026-05-06,Terminated,Voluntary,Better Opportunity Elsewhere,77500,1.21
EMP01519,Alex,Lewis,Non-binary,31.0,Married,High School,Sales,Senior Account Executive,Senior,EMP00307,Remote,Remote,2025-10-05,2026-02-28,Terminated,Voluntary,Better Opportunity Elsewhere,131000,0.4
EMP01520,David,Khan,Male,38.0,Married,Bachelor's Degree,Sales,Sales Manager,Manager,EMP01189,Remote,Remote,2023-09-17,2024-03-23,Terminated,Voluntary,Compensation,150500,0.51
EMP01521,Hannah,Mitchell,Female,26.0,Married,Bachelor's Degree,Design,Senior Product Designer,Senior,EMP00412,"Denver, CO",Onsite,2025-09-26,,Active,,,122500,0.84
EMP01522,Aisha,Patel,Female,21.0,Married,Bachelor's Degree,Sales,Senior Account Executive,Senior,EMP01597,"San Francisco, CA",Hybrid,2025-03-23,,Active,,,146500,1.35
EMP01523,Elizabeth,Ali,F,38.0,Married,Associate's Degree,Design,Design Manager,Manager,EMP00127,"Denver, CO",Onsite,2025-08-26,,Active,,,177500,0.92
EMP01524,Christopher,Bernard,Male,26.0,Married,Bachelor's Degree,Customer Success,Customer Success Manager,Mid-Level,EMP00763,"Austin, TX",Hybrid,2024-03-29,,Active,,,100000,2.33
EMP01525,William,Abara,Male,28.0,Single,Bachelor's Degree,Engineering,Software Engineer II,Mid-Level,EMP01185,"Austin, TX",Onsite,2025-12-01,,Active,,,109000,0.65
EMP01526,Ngozi,Martin,Female,24.0,Single,Associate's Degree,Engineering,Software Engineer I,Entry-Level,EMP00719,"Austin, TX",Onsite,2026-04-28,2026-05-12,Terminated,Involuntary,Budget Reduction,78500,0.04
EMP01527,Andrew,Hall,Male,42.0,Married,Bachelor's Degree,Engineering, VP of Engineering ,VP,EMP01037,"New York, NY",Onsite,2024-05-27,,Active,,,261500,2.17
EMP01528,Lucia,Brown,Female,41.0,Married,Master's Degree,Engineering, Senior Engineering Manager ,Senior Manager,EMP01428,"San Francisco, CA",Hybrid,2023-09-25,,Active,,,220000,2.84
EMP01529,Raj,Mensah,Male,24.0,Single,Bachelor's Degree,sales,Enterprise Account Executive,Staff,EMP01354,"Austin, TX",Hybrid,2022-11-24,2023-01-12,Terminated,Voluntary,Work-Life Balance,151500,0.13
EMP01530,Carmen,Wilson,Female,29.0,Married,Bachelor's Degree,Engineering,Software Engineer I,Entry-Level,EMP00329,"Denver, CO",Onsite,2025-09-23,,Active,,,71000,0.84
EMP01531,Sophia,Nguyen,Female,26.0,Married,Bachelor's Degree,Marketing,Marketing Specialist,Mid-Level,EMP00435,Remote,Remote,2025-08-10,,Active,,,98500,0.96
EMP01532,Chloe,Wang,Female,31.0,Married,High School,Engineering,Software Engineer I,Entry-Level,EMP01256,"Austin, TX",Hybrid,2025-06-15,,Active,,,72000,1.12
EMP01533,Mason,Hernandez,Male,22.0,Single,Bachelor's Degree,Engineering,Software Engineer I,Entry-Level,EMP01738,"Denver, CO",Hybrid,2024-06-23,2024-05-24,Terminated,Involuntary,Role Elimination / Restructuring,85000,1.86
EMP01534,Ngozi,Anderson,Female,27.0,Married,Bachelor's Degree,Customer Success,Senior CSM,Senior,EMP00585,"Austin, TX",Hybrid,2025-01-21,,Active,,,119000,1.51
EMP01535,Yuki,Jackson,Female,40.0,Single,High School,Engineering,Director of Engineering,Director,EMP00810,Remote,Remote,2025-08-21,2026-04-23,Terminated,Involuntary,Performance,250500,0.67
EMP01536,Chidi,Hall,Male,40.0,Single,Bachelor's Degree,Sales,Senior Sales Manager,Senior Manager,EMP01495,"San Francisco, CA",Hybrid,2025-05-11,,Active,,,199500,1.21
EMP01537,Chloe,Flores,Female,28.0,Married,Bachelor's Degree,Customer Success,Senior CSM,Senior,EMP00742,Remote,Remote,2026-07-13,,Active,,,122500,0.04
EMP01538,Benjamin,Baker,Male,27.0,Single,Bachelor's Degree,Engineering,Software Engineer I,Entry-Level,EMP01708,"San Francisco, CA",Hybrid,2024-01-05,2026-06-26,Terminated,Voluntary,Work-Life Balance,78000,2.47
EMP01539,Joseph,Ahmed,Male,25.0,Single,Bachelor's Degree,Engineering,Software Engineer II,Mid-Level,EMP00598,Remote,Remote,2025-11-01,,Active,,,114500,0.74
EMP01540,Jun,Clark,Male,27.0,Single,Master's Degree,Product,Product Manager,Mid-Level,EMP01439,"San Francisco, CA",Onsite,2025-01-24,,Active,,,106000,1.51
EMP01541,Ava,Cohen,Female,42.0,Single,Bachelor's Degree,Engineering,Staff Engineer,Staff,EMP00747,"San Francisco, CA",Hybrid,2025-02-12,2025-03-30,Terminated,Voluntary,Work-Life Balance,180500,0.13
EMP01542,Christopher,Mensah,Male,37.0,Single,Bachelor's Degree,Engineering,Engineering Manager,Manager,EMP01599,"Austin, TX",Hybrid,2025-12-11,,Active,,,186000,0.63
EMP01543,Aisha,Hall,F,29.0,Single,Master's Degree,Engineering,Software Engineer II,Mid-Level,EMP00711,"San Francisco, CA",Hybrid,2025-11-17,,Active,,,109500,0.69
EMP01544,Sione,Okafor,Male,21.0,Married,Bachelor's Degree,Engineering,Software Engineer II,Mid-Level,EMP01424,Remote,Remote,2026-07-04,,Active,,,99500,0.07
EMP01545,Jun,Gonzalez,Male,30.0,Married,Master's Degree,Sales,Sales Development Rep,Entry-Level,EMP00390,"Chicago, IL",Hybrid,2023-12-15,2024-11-05,Terminated,Voluntary,Work-Life Balance,74000,0.89
EMP01546,Lauren,Sharma,Female,32.0,Divorced,Master's Degree,Customer Success,Customer Success Manager,Mid-Level,EMP00828,"New York, NY",Hybrid,2023-10-25,2024-07-05,Terminated,Voluntary,Career Growth,73000,0.7
EMP01547,Ashley,Khan,Female,24.0,Single,High School,Sales,Account Executive,Mid-Level,EMP01672,Remote,Remote,2025-12-30,,Active,,,96500,0.57
EMP01548,Mia,Green,Female,29.0,Single,High School,Engineering,Software Engineer I,Entry-Level,EMP01675,"New York, NY",Hybrid,2025-07-09,,Active,,,66500,1.05
EMP01549,Jose,Rodriguez,Male,28.0,Married,Associate's Degree,ENGINEERING,Senior Software Engineer,Senior,EMP01667,Remote,Remote,2024-08-21,,Active,,,111000,1.93
EMP01550,Jason,Hill,M,,Single,Bachelor's Degree,People,People Team Lead,Manager,EMP00174,"Austin, TX",Onsite,2023-07-20,2023-08-04,Terminated,Voluntary,Better Opportunity Elsewhere,144500,0.04
EMP01551,Anjali,Garcia,Female,35.0,Divorced,Master's Degree,Sales,Senior Account Executive,Senior,EMP01193,Remote,Remote,2023-08-19,,Active,,,121500,2.94
EMP01552,Anjali,Anderson,F,22.0,Married,Bachelor's Degree,Marketing,Marketing Coordinator,Entry-Level,EMP01436,"Austin, TX",Hybrid,2026-05-19,,Active,,,71500,0.19
EMP01553,William,Williams,Male,21.0,Single,Bachelor's Degree,Product,Associate Product Manager,Entry-Level,EMP01733,"Denver, CO",Hybrid,2024-04-12,2025-08-19,Terminated,Voluntary,Better Opportunity Elsewhere,88000,1.35
EMP01554,Jose,Baker,M,28.0,Married,Bachelor's Degree,Sales,Account Executive,Mid-Level,EMP01551,"New York, NY",Onsite,2024-10-05,2025-08-31,Terminated,Involuntary,Budget Reduction,100000,0.9
EMP01555,Nicole,Wilson,Female,29.0,Single,Bachelor's Degree,Sales,Senior Account Executive,Senior,EMP00979,"New York, NY",Hybrid,2024-06-10,,Active,,,105000,2.13
EMP01556,Lucas,Perez,Male,31.0,Divorced,Bachelor's Degree,Product,Product Manager,Mid-Level,EMP00820,"Denver, CO",Hybrid,2024-11-17,2025-01-08,Terminated,Voluntary,Better Opportunity Elsewhere,87500,0.14
EMP01557,Carmen,Young,Female,29.0,Married,Master's Degree,Sales,Senior Account Executive,Senior,EMP01649,"New York, NY",Hybrid,2023-05-05,2026-07-21,Terminated,Voluntary,Compensation,152000,3.21
EMP01558,Omar,Cohen,Male,26.0,Married,Master's Degree,Sales, Senior Account Executive ,Senior,EMP01193,Remote,Remote,2025-06-22,,Active,,,147500,1.1
EMP01559,Noah,Thompson,Male,44.0,Single,Master's Degree,Engineering,Staff Engineer,Staff,EMP01679,Remote,Remote,2023-05-16,2023-12-21,Terminated,Voluntary,Return to School,175500,0.6
EMP01560,Riley,Muller,Non-binary,22.0,Single,Bachelor's Degree,Product,Product Manager,Mid-Level,EMP00967,Remote,Remote,2026-02-07,2026-07-12,Terminated,Voluntary,Relocation,104000,0.42
EMP01561,John,Lee,Male,35.0,Single,Master's Degree,Customer Success,CS Team Lead,Manager,EMP00541,Remote,Remote,2024-06-28,2024-08-29,Terminated,Involuntary,Budget Reduction,137000,0.17
EMP01562,Wei,Nelson,Male,30.0,Single,Master's Degree,People,HR Generalist,Mid-Level,EMP01630,Remote,Remote,2025-06-09,,Active,,,94000,1.13
EMP01563,Lauren,Schmidt,F,29.0,Married,PhD,Product,Associate Product Manager,Entry-Level,EMP00460,Remote,Remote,2026-04-03,,Active,,,68500,0.32
EMP01564,Brian,Singh,Male,27.0,Divorced,Bachelor's Degree,Engineering,Senior Software Engineer,Senior,,Remote,Remote,2025-10-15,,Active,,,160500,0.78
EMP01565,Matthew,Ali,Male,21.0,Single,Master's Degree,Engineering,Senior Software Engineer,Senior,EMP01576,"New York, NY",Onsite,2025-06-16,,Active,,,173000,1.11
EMP01566,Divya,Robinson,Female,38.0,Married,Bachelor's Degree,Customer Success,Director of Customer Success,Director,EMP01440,Remote,Remote,2024-10-18,,Active,,,179500,1.77
EMP01567,Daniel,Kim,Male,33.0,Married,Bachelor's Degree,Product,Senior Product Manager,Senior,EMP00383,Remote,Remote,2024-10-14,,Active,,,143500,1.79
EMP01568,Ethan,White,M,41.0,Divorced,Associate's Degree,Legal,Senior Legal Manager,Senior Manager,EMP00794,"Chicago, IL",Hybrid,2025-10-03,,Active,,,192000,0.82
EMP01569,Jason,White,Male,41.0,Single,High School,product,Senior Group PM,Senior Manager,EMP00276,"New York, NY",Onsite,2026-07-12,,Active,,,188000,0.04
EMP01570,Ava,Kumar,Female,33.0,Single,Bachelor's Degree,Design,Senior Product Designer,Senior,EMP01724,"Austin, TX",Onsite,2025-10-09,,Active,,,152000,0.8
EMP01571,Emma,Patel,Female,36.0,Married,Master's Degree,Sales,Senior Account Executive,Senior,EMP01182,Remote,Remote,2025-07-28,,Active,,,140500,1.0
EMP01572,Leilani,Brown,Female,26.0,Married,High School,Customer Success,Senior CSM,Senior,EMP01048,Remote,Remote,2025-12-07,,Active,,,101000,0.64
EMP01573,Michael,Costa,Male,38.0,Divorced,Master's Degree,Sales,VP of Sales,VP,EMP00191,"San Francisco, CA",Hybrid,2025-04-09,,Active,,,272500,1.3
EMP01574,Amanda,Sanchez,Female,34.0,Married,Master's Degree,Design,Staff Designer,Staff,EMP00187,"Austin, TX",Hybrid,2023-04-13,2025-06-25,Terminated,Voluntary,Relocation,151500,2.2
EMP01575,Ana,Khan,Female,36.0,Single,High School,Executive,Business Operations Director,Director,EMP01483,"San Francisco, CA",Hybrid,2025-07-18,,Active,,,323500,1.03
EMP01576,Angela,Bernard,Female,27.0,Married,Bachelor's Degree,Engineering,Staff Engineer,Staff,EMP01379,"Denver, CO",Hybrid,2026-06-05,,Active,,,177000,0.15
EMP01577,Stephanie,Singh,Female,30.0,Single,Master's Degree,People,HR Coordinator,Entry-Level,EMP00085,"San Francisco, CA",Hybrid,2024-03-13,,Active,,,76000,2.37
EMP01578,Chioma,Roberts,Female,28.0,Married,Bachelor's Degree,Engineering,Software Engineer II,Mid-Level,EMP01493,"Denver, CO",Hybrid,2025-11-04,,Active,,,101500,0.73
EMP01579,Kimberly,Smith,Female,24.0,Married,PhD,Customer Success,Support Associate,Entry-Level,EMP00316,Remote,Remote,2024-04-02,2024-05-06,Terminated,Voluntary,Better Opportunity Elsewhere,58500,0.09
EMP01580,Sarah,Ramirez,Female,30.0,Married,Master's Degree,Sales,Senior Account Executive,Senior,EMP00647,"Chicago, IL",Onsite,2025-06-16,,Active,,,123000,1.11
EMP01581,Nathan,Clark,Male,,Divorced,Bachelor's Degree,Product,Group Product Manager,Manager,,"San Francisco, CA",Hybrid,2023-09-09,2023-10-28,Terminated,Voluntary,Relocation,163500,0.13
EMP01582,Kwame,Scott,M,32.0,Married,Bachelor's Degree,Marketing,Marketing Specialist,Mid-Level,EMP01505,Remote,Remote,2025-03-09,,Active,,,76000,1.39
EMP01583,Jason,Rodriguez,Male,,Single,PhD,Engineering,Software Engineer I,Entry-Level,EMP01280,"Denver, CO",Hybrid,2026-01-06,,Active,,,80000,0.56
EMP01584,Chidi,Nilsson,Male,21.0,Single,Bachelor's Degree,Engineering,Software Engineer II,Mid-Level,EMP00152,"Austin, TX",Onsite,2024-11-11,,Active,,,120500,1.71
EMP01585,Jason,Wilson,Male,25.0,Married,High School,Sales,Senior Account Executive,Senior,EMP00561,"New York, NY",Hybrid,2025-10-22,,Active,,,143000,0.76
EMP01586,Amy,Rossi,Female,28.0,Single,Master's Degree,Product,Product Manager,Mid-Level,EMP00792,"Chicago, IL",Hybrid,2026-02-24,,Active,,,113500,0.42
EMP01587,Luis,White,Male,35.0,Single,Master's Degree,Sales,Account Executive,Mid-Level,EMP00732,Remote,Remote,2026-06-22,,Active,,,97500,0.1
EMP01588,Adrian,Campbell,M,,Single,Master's Degree,Engineering,Software Engineer I,Entry-Level,EMP01104,Remote,Remote,2024-06-01,,Active,,,100000,2.15
EMP01589,Rebecca,Adams,Female,29.0,Married,Bachelor's Degree,Engineering,Software Engineer II,Mid-Level,EMP00151,"San Francisco, CA",Hybrid,2025-01-04,,Active,,,123000,1.56
EMP01590,Femi,Sanchez,Male,26.0,Single,Master's Degree,Engineering,Software Engineer II,Mid-Level,EMP01133,"Austin, TX",Onsite,2024-02-13,2025-07-04,Terminated,Voluntary,Personal Reasons,89000,1.39
EMP01591,Jennifer,Ahmed,Female,24.0,Divorced,Master's Degree,Engineering,Senior Software Engineer,Senior,EMP00328,"Austin, TX",Hybrid,2026-07-23,,Active,,,152000,0.01
EMP01592,Lauren,Anderson,Female,26.0,Divorced,Master's Degree,Sales,Sales Development Rep,Entry-Level,EMP01194,Remote,Remote,2026-06-13,,Active,,,76500,0.12
EMP01593,Joseph,King,Male,39.0,Divorced,Associate's Degree,Customer Success,Senior CSM,Senior,EMP00742,Remote,Remote,2025-06-13,,Active,,,125500,1.12
EMP01594,Andrew,Diallo,Male,26.0,Single,Bachelor's Degree,People,HR Generalist,Mid-Level,EMP00525,"New York, NY",Hybrid,2026-03-02,,Active,,,93500,0.41
EMP01595,Omar,Levi,Male,24.0,Divorced,Master's Degree,Marketing,Marketing Specialist,Mid-Level,EMP01505,"New York, NY",Onsite,2025-06-09,,Active,,,103000,1.13
EMP01596,Rachel,Green,Female,,Divorced,Associate's Degree,Engineering,Software Engineer II,Mid-Level,EMP01185,Remote,Remote,2025-09-24,,Active,,,124000,0.84
EMP01597,Kevin,Silva,Male,32.0,Divorced,Bachelor's Degree,Sales,Enterprise Account Executive,Staff,EMP00986,Remote,Remote,2023-08-08,,Active,,,125000,2.97
EMP01598,Elizabeth,Roberts,Female,41.0,Married,High School,engineering,Director of Engineering,Director,EMP01455,"San Francisco, CA",Hybrid,2026-01-07,,Active,,,246500,0.55
EMP01599,Sophia,Costa,Female,42.0,Married,Master's Degree,Engineering,Senior Engineering Manager,Senior Manager,EMP00346,Remote,Remote,2023-12-04,,Active,,,185000,2.65
EMP01600,Michael,Patel,Male,29.0,Single,Bachelor's Degree,Sales,Senior Account Executive,Senior,EMP00735,"Denver, CO",Hybrid,2026-03-18,,Active,,,139500,0.36
EMP01601,Stephanie,Bernard,F,26.0,Divorced,High School,Engineering,Software Engineer II,Mid-Level,EMP01159,"Austin, TX",Onsite,2026-02-03,,Active,,,85000,0.48
EMP01602,James,Anderson,Male,36.0,Single,Bachelor's Degree,Engineering,Engineering Manager,Manager,EMP01290,"San Francisco, CA",Hybrid,2025-11-28,,Active,,,179000,0.66
EMP01603,Sofia,Hall,Female,,Single,Bachelor's Degree,Finance,Senior Financial Analyst,Senior,EMP01102,"Austin, TX",Hybrid,2023-01-06,,Active,,,133000,3.56
EMP01604,William,Rivera,Male,32.0,Divorced,Bachelor's Degree,Sales,Sales Development Rep,Entry-Level,EMP00031,"San Francisco, CA",Hybrid,2024-09-12,,Active,,,78000,1.87
EMP01605,Aaliyah,Ahmed,Female,39.0,Single,Bachelor's Degree,Sales,Sales Manager,Manager,EMP00637,"Denver, CO",Onsite,2024-07-12,,Active,,,159000,2.04
EMP01606,Carlos,Souza,Male,22.0,Single,Associate's Degree,Engineering,Software Engineer II,Mid-Level,EMP01623,"San Francisco, CA",Hybrid,2024-12-21,,Active,,,133000,1.6
EMP01607,Jessica,Thompson,Female,21.0,Divorced,Master's Degree,Engineering,Software Engineer I,Entry-Level,EMP01584,"New York, NY",Onsite,2023-08-28,2024-07-21,Terminated,Voluntary,Relocation,70500,0.9
EMP01608,Kevin,Hill,Male,29.0,Divorced,Master's Degree,Marketing,Marketing Specialist,Mid-Level,EMP01003,"Denver, CO",Onsite,2026-06-08,,Active,,,85500,0.14
EMP01609,Thomas,Costa,Male,28.0,Single,Bachelor's Degree,Engineering,Software Engineer II,Mid-Level,EMP00273,"Austin, TX",Hybrid,2025-07-22,,Active,,,125000,1.02
EMP01610,Amanda,Bernard,Female,28.0,Married,Master's Degree,Design,Product Designer,Mid-Level,EMP00044,Remote,Remote,2024-09-22,,Active,,,106000,1.85
EMP01611,Andrew,Hernandez,Male,26.0,Single,Master's Degree,Engineering,Software Engineer II,Mid-Level,EMP01476,"New York, NY",Hybrid,2025-01-01,,Active,,,126000,1.57
EMP01612,Chloe,Moore,Female,26.0,Single,Master's Degree,Sales,Sales Development Rep,Entry-Level,EMP00976,"New York, NY",Onsite,2025-03-04,,Active,,,69000,1.4
EMP01613,Yuki,Green,Female,23.0,Single,Bachelor's Degree,Engineering,Software Engineer I,Entry-Level,EMP01544,Remote,Remote,2025-08-21,,Active,,,65500,0.93
EMP01614,Ahmed,Thomas,Male,32.0,Single,Bachelor's Degree,Marketing,Senior Marketing Specialist,Senior,EMP00358,"San Francisco, CA",Hybrid,2025-05-28,,Active,,,133000,1.17
EMP01615,Matthew,Walker,Male,33.0,Single,Master's Degree,MARKETING, Senior Marketing Specialist ,Senior,EMP00446,"Chicago, IL",Hybrid,2026-05-11,2026-05-17,Terminated,Voluntary,Compensation,107500,0.02
EMP01616,Samuel,Flores,Male,34.0,Single,Master's Degree,customer success,Customer Success Manager,Mid-Level,EMP00479,"New York, NY",Hybrid,2025-05-03,2025-08-22,Terminated,Involuntary,Policy Violation,75500,0.3
EMP01617,Sarah,Anderson,Female,22.0,Divorced,Master's Degree,Engineering,Software Engineer I,Entry-Level,EMP00583,Remote,Remote,2026-07-13,,Active,,,91500,0.04
EMP01618,Arjun,White,Male,24.0,Married,Bachelor's Degree,Marketing,Marketing Coordinator,Entry-Level,EMP00054,Remote,Remote,2026-04-25,,Active,,,71500,0.26
EMP01619,Kenji,Mitchell,Male,33.0,Divorced,Bachelor's Degree,Sales,Senior Sales Manager,Senior Manager,EMP00476,"San Francisco, CA",Onsite,2024-05-17,,Active,,,226500,2.2
EMP01620,Adrian,Jackson,Male,35.0,Married,Master's Degree,Product, Product Manager ,Mid-Level,EMP00791,"Chicago, IL",Hybrid,2026-06-22,,Active,,,109000,0.1
EMP01621,Jose,Osei,Male,21.0,Single,High School,Sales,Account Executive,Mid-Level,EMP00028,"Austin, TX",Hybrid,2023-11-22,2025-04-06,Terminated,Involuntary,Role Elimination / Restructuring,112500,1.37
EMP01622,Avery,Roberts,Non-binary,32.0,Divorced,Master's Degree,Engineering,Software Engineer I,Entry-Level,EMP00504,Remote,Remote,2026-03-10,,Active,,,80500,0.38
EMP01623,Chidi,Wang,Male,30.0,Divorced,Associate's Degree,Engineering,Senior Software Engineer,Senior,EMP00363,"San Francisco, CA",Hybrid,2024-12-21,2025-11-10,Terminated,Voluntary,Compensation,138000,0.89
EMP01624,Nicole,Silva,Female,31.0,Single,Master's Degree,Customer Success,Senior CSM,Senior,EMP00585,Remote,Remote,2026-04-12,,Active,,,121000,0.29
EMP01625,Anjali,Moore,Female,23.0,Single,Bachelor's Degree,Engineering,Software Engineer I,Entry-Level,EMP01209,"San Francisco, CA",Hybrid,2026-04-15,,Active,,,68000,0.28
EMP01626,Layla,Nilsson,Female,24.0,Married,Bachelor's Degree,Sales,Sales Development Rep,Entry-Level,EMP00618,"Chicago, IL",Onsite,2026-02-21,,Active,,,64500,0.43
EMP01627,Justin,Roberts,Male,29.0,Married,Master's Degree,Product,Product Manager,Mid-Level,EMP01567,Remote,Remote,2026-02-10,,Active,,,98000,0.46
EMP01628,Olivia,Singh,Female,28.0,Divorced,Master's Degree,Marketing,Marketing Manager,Manager,EMP00569,Remote,Remote,2024-09-14,2024-12-03,Terminated,Voluntary,Career Growth,151500,0.22
EMP01629,Ashley,White,Female,32.0,Single,Bachelor's Degree,Finance,Finance Manager,Manager,EMP01496,"Austin, TX",Hybrid,2023-07-13,,Active,,,180500,3.04
EMP01630,Benjamin,Diallo,Male,26.0,Single,Bachelor's Degree,People,Senior HR Business Partner,Senior,EMP01082,"Denver, CO",Hybrid,2025-01-05,2026-02-18,Terminated,Voluntary,Career Growth,128500,1.12
EMP01631,Ethan,Rossi,Male,32.0,Married,Bachelor's Degree,Engineering,Senior Software Engineer,Senior,EMP00714,"San Francisco, CA",Hybrid,2024-03-06,,Active,,,164500,2.39
EMP01632,Ahmed,Thompson,Male,24.0,Married,Master's Degree,Engineering,Software Engineer I,Entry-Level,EMP01584,"New York, NY",Onsite,2025-11-24,,Active,,,76000,0.67
EMP01633,Mark,Schmidt,Male,32.0,Single,Master's Degree,Sales,Senior Account Executive,Senior,EMP00307,"San Francisco, CA",Hybrid,2024-11-02,,Active,,,155000,1.73
EMP01634,Raj,Perez,Male,30.0,Single,Associate's Degree,Engineering,Senior Software Engineer,Senior,EMP00340,"San Francisco, CA",Hybrid,2026-07-22,,Active,,,142500,0.02
EMP01635,Ava,Diallo,Female,29.0,Married,Bachelor's Degree,Engineering,Software Engineer I,Entry-Level,EMP00267,"Denver, CO",Hybrid,2025-09-17,,Active,,,69500,0.86
EMP01636,Michael,Torres,Male,32.0,Married,Master's Degree,Sales,Sales Manager,Manager,EMP01009,"Austin, TX",Hybrid,2026-03-04,,Active,,,173000,0.4
EMP01637,John,Moore,Male,24.0,Single,Bachelor's Degree,Sales,Account Executive,Mid-Level,EMP00917,"Denver, CO",Hybrid,2024-01-14,,Active,,,80500,2.54
EMP01638,Fatima,White,Female,46.0,Married,Bachelor's Degree,Executive,Business Operations Director,Director,EMP01286,"San Francisco, CA",Onsite,2026-04-10,,Active,,,324000,0.3
EMP01639,Wei,Green,Male,34.0,Married,Master's Degree,Engineering,Senior Software Engineer,Senior,EMP01330,"San Francisco, CA",Hybrid,2026-05-03,2026-05-08,Terminated,Voluntary,Relocation,163000,0.01
EMP01640,Priya,Khan,Female,23.0,Divorced,Bachelor's Degree,Engineering,Senior Software Engineer,Senior,EMP01026,Remote,Remote,2025-05-25,,Active,,,136000,1.17
EMP01641,Lucas,Souza,Male,25.0,Single,Bachelor's Degree,Engineering,Senior Software Engineer,Senior,EMP00756,"Austin, TX",Onsite,2025-08-03,,Active,,,165500,0.98
EMP01642,Nicole,Miller,Female,24.0,Single,Master's Degree,Finance,Financial Analyst I,Entry-Level,EMP01494,"New York, NY",Hybrid,2026-01-15,,Active,,,63500,0.53
EMP01643,Amit,Rivera,Male,34.0,Divorced,Bachelor's Degree,Customer Success,CS Team Lead,Manager,EMP01021,"New York, NY",Hybrid,2024-03-06,2024-08-23,Terminated,Voluntary,Compensation,134500,0.47
EMP01644,Charlotte,Johnson,Female,29.0,Single,Bachelor's Degree,Marketing,Senior Marketing Specialist,Senior,EMP00259,"New York, NY",Hybrid,2025-05-17,,Active,,,117000,1.2
EMP01645,Anjali,Diallo,Female,30.0,Married,Bachelor's Degree,People,HR Generalist,Mid-Level,EMP00525,"Chicago, IL",Hybrid,2025-01-12,2025-03-11,Terminated,Voluntary,Better Opportunity Elsewhere,78500,0.16
EMP01646,Robert,Moore,Male,45.0,Married,Bachelor's Degree,Sales,VP of Sales,VP,EMP00191,"San Francisco, CA",Hybrid,2024-01-22,2024-12-27,Terminated,Voluntary,Return to School,247000,0.93
EMP01647,Daniel,Harris,Male,34.0,Single,Master's Degree,SALES,Enterprise Account Executive,Staff,EMP00864,"San Francisco, CA",Onsite,2024-12-20,,Active,,,181000,1.6
EMP01648,Maria,Roberts,Female,27.0,Married,Bachelor's Degree,Product,Associate Product Manager,Entry-Level,EMP00765,Remote,Remote,2023-05-24,,Active,,,87000,3.18
EMP01649,Femi,Schmidt,Male,37.0,Married,Master's Degree,Sales,Enterprise Account Executive,Staff,EMP01474,Remote,Remote,2022-12-29,2023-03-09,Terminated,Voluntary,Return to School,161000,0.19
EMP01650,Rebecca,Abara,Female,21.0,Married,Bachelor's Degree,Sales,Sales Development Rep,Entry-Level,EMP00877,"Austin, TX",Hybrid,2024-01-11,2024-03-22,Terminated,Voluntary,Return to School,61000,0.19
EMP01651,Jordan,Kone,Non-binary,22.0,Single,Bachelor's Degree,Sales,Sales Development Rep,Entry-Level,EMP00223,"Denver, CO",Onsite,2026-07-25,,Active,,,74000,0.01
EMP01652,Andrew,Chen,Male,23.0,Divorced,Bachelor's Degree,Finance, Financial Analyst II ,Mid-Level,EMP01118,"San Francisco, CA",Hybrid,2025-06-04,,Active,,,99500,1.15
EMP01653,Charles,Diallo,Male,49.0,Single,Master's Degree,Legal,VP of Legal,VP,EMP00281,"San Francisco, CA",Hybrid,2026-07-26,,Active,,,404500,0.01
EMP01654,Sione,Wang,Male,22.0,Married,Bachelor's Degree,Customer Success,Support Associate,Entry-Level,EMP01197,"San Francisco, CA",Hybrid,2025-02-26,2025-03-06,Terminated,Voluntary,Compensation,52500,0.02
EMP01655,Liam,Sharma,Male,30.0,Divorced,Master's Degree,CUSTOMER SUCCESS,Senior CSM,Senior,EMP00585,"Chicago, IL",Hybrid,2024-10-06,2025-06-20,Terminated,Voluntary,Personal Reasons,89500,0.7
EMP01656,Aaliyah,Diallo,Female,28.0,Single,Bachelor's Degree,Customer Success,Support Associate,Entry-Level,EMP00838,"Austin, TX",Onsite,2025-05-01,,Active,,,65000,1.24
EMP01657,Zainab,Perez,Female,27.0,Married,Associate's Degree,Engineering,Senior Software Engineer,Senior,EMP00542,Remote,Remote,2025-03-20,,Active,,,152500,1.36
EMP01658,Alexander,Hernandez,Male,28.0,Divorced,Master's Degree,Engineering,Software Engineer II,Mid-Level,EMP01493,"New York, NY",Onsite,2023-10-23,,Active,,,119000,2.76
EMP01659,Carlos,Andersson,Male,37.0,Single,Master's Degree,Customer Success,Senior CSM,Senior,EMP01048,"San Francisco, CA",Onsite,2025-09-28,2026-07-12,Terminated,Voluntary,Career Growth,104000,0.79
EMP01660,Diego,Brown,Male,28.0,Single,Master's Degree,Customer Success,Support Associate,Entry-Level,EMP00633,Remote,Remote,2024-05-16,2025-04-17,Terminated,Involuntary,Budget Reduction,57500,0.92
EMP01661,Femi,Lewis,Male,25.0,Divorced,Master's Degree,Engineering,Staff Engineer,Staff,EMP01161,"Austin, TX",Hybrid,2025-09-15,,Active,,,223500,0.87
EMP01662,Amara,Nguyen,Female,45.0,Single,Master's Degree,Finance,VP of Finance,VP,EMP00666,"New York, NY",Hybrid,2025-10-17,,Active,,,299000,0.78
EMP01663,Anthony,Jones,Male,31.0,Single,Bachelor's Degree,Engineering,Senior Software Engineer,Senior,EMP01576,"San Francisco, CA",Onsite,2024-02-08,2024-03-25,Terminated,Voluntary,Relocation,139000,0.13
EMP01664,Divya,Scott,Female,29.0,Divorced,Bachelor's Degree,Engineering,Software Engineer II,Mid-Level,EMP00664,"San Francisco, CA",Hybrid,2023-04-28,2025-12-20,Terminated,Voluntary,Return to School,87000,2.65
EMP01665,Layla,Lewis,Female,37.0,Married,Bachelor's Degree,Customer Success,Senior CS Manager,Senior Manager,EMP01120,"San Francisco, CA",Onsite,2026-02-26,,Active,,,160000,0.42
EMP01666,Leilani,Rossi,Female,21.0,Divorced,Bachelor's Degree,Engineering,Software Engineer I,Entry-Level,EMP01403,"Austin, TX",Hybrid,2025-03-12,2026-01-01,Terminated,Involuntary,Budget Reduction,82000,0.81
EMP01667,Hiroshi,Torres,Male,30.0,Single,Bachelor's Degree,Engineering,Staff Engineer,Staff,EMP00590,"Austin, TX",Hybrid,2023-03-27,,Active,,,171500,3.34
EMP01668,Nicole,Perez,Female,30.0,Single,Bachelor's Degree,Product,Group Product Manager,Manager,EMP01569,"Austin, TX",Hybrid,2026-07-22,,Active,,,157000,0.02
EMP01669,Mia,Ahmed,Female,29.0,Single,Bachelor's Degree,Customer Success,Support Associate,Entry-Level,EMP01033,Remote,Remote,2023-03-21,2025-02-06,Terminated,Involuntary,Performance,64000,1.88
EMP01670,Elizabeth,Andersson,Female,35.0,Married,Bachelor's Degree,Design,Product Designer,Mid-Level,EMP01348,"Austin, TX",Hybrid,2025-11-10,2026-01-07,Terminated,Voluntary,Better Opportunity Elsewhere,95000,0.16
EMP01671,Noah,Kone,Male,,Married,High School,Customer Success,Support Associate,Entry-Level,EMP01033,"Austin, TX",Hybrid,2026-07-27,,Active,,,58500,0.0
EMP01672,Noah,Muller,Male,29.0,Single,Associate's Degree,Sales,Senior Account Executive,Senior,EMP01649,Remote,Remote,2024-06-15,2024-10-06,Terminated,Voluntary,Career Growth,155500,0.31
EMP01673,Natalie,Osei,Female,34.0,Single,PhD,Engineering,Senior Software Engineer,Senior,,"Denver, CO",Hybrid,2024-01-30,2024-05-07,Terminated,Voluntary,Relocation,127500,0.27
EMP01674,Kwame,Anderson,Male,30.0,Married,PhD,legal,Paralegal,Mid-Level,EMP01296,"New York, NY",Hybrid,2023-12-09,,Active,,,104000,2.63
EMP01675,Benjamin,Nilsson,Male,26.0,Married,Bachelor's Degree,Engineering,Software Engineer II,Mid-Level,EMP00178,"Austin, TX",Hybrid,2024-09-02,,Active,,,98500,1.9
EMP01676,Kimberly,Anderson,Female,,Single,Bachelor's Degree,Finance, Financial Analyst II ,Mid-Level,EMP00426,"Chicago, IL",Hybrid,2023-10-05,2024-03-28,Terminated,Voluntary,Compensation,104500,0.48
EMP01677,Hiroshi,Wright,Male,24.0,Divorced,Associate's Degree,Sales,Account Executive,Mid-Level,EMP00237,"Austin, TX",Hybrid,2025-11-06,,Active,,,105500,0.72
EMP01678,Kenji,Ferrari,Male,25.0,Single,Master's Degree,Finance,Financial Analyst I,Entry-Level,EMP00658,"Chicago, IL",Hybrid,2023-04-07,2025-04-02,Terminated,Voluntary,Relocation,69500,1.99
EMP01679,Justin,Campbell,Male,37.0,Married,Master's Degree,Engineering,Engineering Manager,Manager,EMP01528,Remote,Remote,2025-05-21,,Active,,,145500,1.19
EMP01680,Yuki,Ferrari,Female,21.0,Divorced,Bachelor's Degree,Sales,Sales Development Rep,Entry-Level,EMP01334,"Denver, CO",Hybrid,2026-07-25,,Active,,,61000,0.01
EMP01681,Luis,Garcia,Male,30.0,Married,Bachelor's Degree,Engineering,Engineering Manager,Manager,EMP00440,"San Francisco, CA",Hybrid,2026-03-01,,Active,,,180000,0.41
EMP01682,Divya,Sharma,Female,24.0,Single,Master's Degree,Engineering,Senior Software Engineer,Senior,EMP00756,"Denver, CO",Hybrid,2025-08-23,,Active,,,145500,0.93
EMP01683,Wei,Ferrari,Male,29.0,Single,Bachelor's Degree,Sales,Account Executive,Mid-Level,EMP01049,"New York, NY",Hybrid,2024-09-26,2026-06-04,Terminated,Voluntary,Compensation,97500,1.69
EMP01684,Jun,Ramirez,Male,30.0,Divorced,Bachelor's Degree,Engineering,Senior Software Engineer,Senior,EMP01541,"Denver, CO",Hybrid,2025-09-07,,Active,,,165500,0.89
EMP01685,Grace,Singh,Female,26.0,Single,Master's Degree,Sales,Account Executive,Mid-Level,EMP01131,"New York, NY",Hybrid,2025-06-20,2026-04-05,Terminated,Voluntary,Personal Reasons,108000,0.79
EMP01686,Christopher,Wilson,Male,29.0,Married,Master's Degree,Engineering,Software Engineer II,Mid-Level,EMP01001,"Chicago, IL",Hybrid,2025-02-25,,Active,,,117000,1.42
EMP01687,Maria,Young,Female,21.0,Divorced,Bachelor's Degree,Product,Associate Product Manager,Entry-Level,EMP01693,"Denver, CO",Hybrid,2023-12-30,2024-10-05,Terminated,Involuntary,Role Elimination / Restructuring,65000,0.77
EMP01688,Hiroshi,Hill,Male,22.0,Divorced,Bachelor's Degree,Customer Success,Customer Success Manager,Mid-Level,EMP00040,Remote,Remote,2026-05-12,,Active,,,73000,0.21
EMP01689,Carlos,Jones,Male,28.0,Married,Associate's Degree,Design,Product Designer,Mid-Level,EMP01361,Remote,Remote,2025-03-16,,Active,,,119500,1.37
EMP01690,Ethan,Khan,Male,21.0,Married,Bachelor's Degree,Sales,Sales Development Rep,Entry-Level,EMP01433,"San Francisco, CA",Hybrid,2024-04-16,2024-06-14,Terminated,Voluntary,Personal Reasons,69500,0.16
EMP01691,Thomas,King,Male,26.0,Divorced,Master's Degree,Customer Success,Customer Success Manager,Mid-Level,EMP00515,"Chicago, IL",Hybrid,2024-12-11,2026-05-25,Terminated,Voluntary,Work-Life Balance,95500,1.45
EMP01692,Riley,Hall,Non-binary,35.0,Single,Master's Degree,marketing,Marketing Coordinator,Entry-Level,EMP00595,"San Francisco, CA",Hybrid,2025-02-21,2026-03-01,Terminated,Voluntary,Return to School,63000,1.02
EMP01693,Rebecca,Lopez,F,21.0,Single,Master's Degree,Product,Product Manager,Mid-Level,EMP00820,Remote,Remote,2026-03-04,,Active,,,119000,0.4
EMP01694,Lucas,Sharma,Male,22.0,Single,Master's Degree,Customer Success,Support Associate,Entry-Level,EMP00316,"Austin, TX",Hybrid,2025-12-13,,Active,,,72500,0.62
EMP01695,Fatima,Thomas,Female,,Single,Bachelor's Degree,Finance,Financial Analyst I,Entry-Level,EMP00658,"New York, NY",Onsite,2026-01-07,,Active,,,81000,0.55
EMP01696,Sarah,Walker,Female,23.0,Married,Bachelor's Degree,Customer Success,Support Associate,Entry-Level,EMP01705,Remote,Remote,2022-10-04,2023-05-28,Terminated,Voluntary,Work-Life Balance,55000,0.65
EMP01697,Daniel,Clark,Male,55.0,Married,Bachelor's Degree,Sales,VP of Sales,VP,EMP00191,"San Francisco, CA",Onsite,2025-02-15,2025-07-14,Terminated,Voluntary,Better Opportunity Elsewhere,270000,0.41
EMP01698,Daniel,Bernard,M,26.0,Divorced,High School,Sales,Sales Development Rep,Entry-Level,EMP00184,Remote,Remote,2025-04-19,2025-09-21,Terminated,Voluntary,Relocation,76000,0.42
EMP01699,Melissa,Hall,Female,27.0,Married,Bachelor's Degree,Customer Success,Senior CSM,Senior,EMP01048,"Chicago, IL",Onsite,2022-11-09,2024-03-03,Terminated,Voluntary,Work-Life Balance,108000,1.31
EMP01700,Priya,Costa,Female,,Married,Bachelor's Degree,SALES,Sales Development Rep,Entry-Level,EMP01742,"New York, NY",Onsite,2024-07-11,,Active,,,63000,2.05
EMP01701,Jordan,Singh,Non-binary,30.0,Married,Master's Degree,Engineering, Senior Engineering Manager ,Senior Manager,EMP00857,"New York, NY",Hybrid,2026-01-08,,Active,,,204500,0.55
EMP01702,Chloe,Perez,Female,,Single,Bachelor's Degree,Engineering,Software Engineer I,Entry-Level,EMP01364,Remote,Remote,2024-01-01,,Active,,,81000,2.57
EMP01703,Chloe,Costa,Female,41.0,Divorced,Bachelor's Degree,Marketing, Director of Marketing ,Director,EMP00939,"San Francisco, CA",Hybrid,2025-06-23,2026-02-05,Terminated,Voluntary,Personal Reasons,211000,0.62
EMP01704,Jose,Moore,Male,28.0,Single,Bachelor's Degree,Engineering,Senior Software Engineer,Senior,EMP01330,"Chicago, IL",Onsite,2024-05-25,2024-07-08,Terminated,Voluntary,Career Growth,143000,0.12
EMP01705,Andrew,Clark,Male,,Married,Master's Degree,Customer Success,Customer Success Manager,Mid-Level,EMP00471,"Chicago, IL",Hybrid,2022-10-24,,Active,,,86500,3.76
EMP01706,Kwame,Clark,Male,33.0,Single,High School,product,Senior Group PM,Senior Manager,EMP00818,Remote,Remote,2024-06-08,2024-06-17,Terminated,Voluntary,Relocation,225000,0.02
EMP01707,Amanda,Davis,Female,31.0,Divorced,Bachelor's Degree,Sales,Senior Account Executive,Senior,EMP00979,"Chicago, IL",Hybrid,2026-07-13,,Active,,,104000,0.04
EMP01708,Aaliyah,Andersson,Female,28.0,Divorced,Bachelor's Degree,Engineering,Software Engineer II,Mid-Level,EMP00265,"Denver, CO",Hybrid,2026-02-22,,Active,,,99000,0.43
EMP01709,Zainab,Hall,Female,28.0,Married,Master's Degree,Engineering,Staff Engineer,Staff,EMP01542,Remote,Remote,2026-06-27,,Active,,,201000,0.08
EMP01710,Zainab,Rossi,Female,47.0,Married,Associate's Degree,FINANCE,Senior Finance Manager,Senior Manager,EMP00343,Remote,Remote,2025-05-04,,Active,,,166000,1.23
EMP01711,Ana,Scott,Female,26.0,Married,Associate's Degree,People,HR Generalist,Mid-Level,EMP00657,"Chicago, IL",Hybrid,2023-11-08,2024-10-17,Terminated,Voluntary,Return to School,71500,0.94
EMP01712,Jordan,Silva,NB,26.0,Single,Bachelor's Degree,CUSTOMER SUCCESS,Customer Success Manager,Mid-Level,,"Austin, TX",Hybrid,2025-06-03,,Active,,,88,1.15
EMP01713,Jun,Rossi,Male,28.0,Single,Master's Degree,Sales,Enterprise Account Executive,Staff,EMP00572,"San Francisco, CA",Hybrid,2025-03-29,,Active,,,183500,1.33
EMP01714,Sofia,Perez,Female,29.0,Married,Bachelor's Degree,CUSTOMER SUCCESS,Senior CSM,Senior,EMP00246,"Chicago, IL",Onsite,2026-03-09,2026-07-02,Terminated,Voluntary,Work-Life Balance,98000,0.31
EMP01715,Sophia,Adams,Female,46.0,Single,Bachelor's Degree,Sales,Sales Manager,Manager,EMP01536,"New York, NY",Onsite,2023-09-29,2025-09-07,Terminated,Involuntary,Budget Reduction,169000,1.94
EMP01716,Nathan,Nguyen,Male,28.0,Married,Bachelor's Degree,Sales,Senior Account Executive,Senior,EMP00926,"San Francisco, CA",Hybrid,2025-05-02,2025-11-09,Terminated,Voluntary,Career Growth,124000,0.52
EMP01717,Sam,Nguyen,NB,29.0,Married,High School,Engineering,Software Engineer II,Mid-Level,EMP01639,"Austin, TX",Hybrid,2024-02-02,,Active,,,109500,2.48
EMP01718,Grace,Nilsson,Female,45.0,Single,Master's Degree,Sales,Director of Sales,Director,EMP00613,"Denver, CO",Onsite,2024-10-28,,Active,,,214500,1.75
EMP01719,John,Wright,Male,23.0,Single,Bachelor's Degree,Customer Success,Support Associate,Entry-Level,EMP00548,"San Francisco, CA",Hybrid,2025-12-13,2026-06-15,Terminated,Involuntary,Policy Violation,54500,0.5
EMP01720,Anthony,Osei,Male,39.0,Single,Bachelor's Degree,EXECUTIVE,Business Operations Director,Director,EMP00921,"San Francisco, CA",Hybrid,2025-04-15,,Active,,,318500,1.28
EMP01721,Leilani,Gonzalez,Female,32.0,Single,Bachelor's Degree,engineering,Senior Software Engineer,Senior,EMP00714,"New York, NY",Hybrid,2024-12-28,2025-02-22,Terminated,Voluntary,Relocation,166000,0.15
EMP01722,Hannah,Moore,Female,29.0,Married,Bachelor's Degree,Customer Success,Senior CSM,Senior,,Remote,Remote,2025-01-23,2025-04-06,Terminated,Voluntary,Career Growth,120500,0.2
EMP01723,Sofia,Chen,Female,23.0,Married,Master's Degree,sales,Sales Development Rep,Entry-Level,EMP01435,"New York, NY",Hybrid,2025-03-12,2025-07-01,Terminated,Involuntary,Role Elimination / Restructuring,57500,0.3
EMP01724,Christopher,Davis,Male,37.0,Divorced,Master's Degree,Design,Staff Designer,Staff,EMP01523,"San Francisco, CA",Onsite,2026-02-26,,Active,,,174500,0.42
EMP01725,Kofi,Scott,Male,26.0,Single,Master's Degree,Engineering,Software Engineer II,Mid-Level,EMP00591,"Austin, TX",Hybrid,2026-05-04,,Active,,,99000,0.23
EMP01726,Mohammed,Taylor,Male,32.0,Divorced,Bachelor's Degree,Design, Product Designer ,Mid-Level,EMP00120,"New York, NY",Hybrid,2026-06-26,,Active,,,102000,0.09
EMP01727,Jason,Taylor,Male,35.0,Single,Bachelor's Degree,Product,Group Product Manager,Manager,EMP00212,Remote,Remote,2026-02-08,,Active,,,191500,0.47
EMP01728,Joseph,Young,Male,21.0,Married,Bachelor's Degree,Engineering,Software Engineer II,Mid-Level,EMP00185,"Chicago, IL",Onsite,2024-10-09,2026-02-25,Terminated,Involuntary,Performance,115500,1.38
EMP01729,Sophia,Jackson,F,21.0,Married,Associate's Degree,Customer Success,Support Associate,Entry-Level,EMP00286,"San Francisco, CA",Hybrid,2025-11-23,2026-01-05,Terminated,Voluntary,Career Growth,63000,0.12
EMP01730,Arjun,Adams,Male,21.0,Married,Associate's Degree,Customer Success,Support Associate,Entry-Level,EMP01705,"New York, NY",Hybrid,2025-03-05,2025-06-14,Terminated,Involuntary,Role Elimination / Restructuring,63500,0.28
EMP01731,Justin,Young,Male,33.0,Married,Master's Degree,Sales,Director of Sales,Director,EMP01697,Remote,Remote,2024-07-24,,Active,,,255500,2.01
EMP01732,Christopher,Patel,Male,25.0,Single,Bachelor's Degree,Finance,Financial Analyst I,Entry-Level,EMP00868,"Austin, TX",Onsite,2026-03-20,,Active,,,66000,0.36
EMP01733,Miguel,Diallo,Male,22.0,Single,Bachelor's Degree,Product,Product Manager,Mid-Level,EMP01439,"Denver, CO",Hybrid,2023-01-18,,Active,,,123500,3.52
EMP01734,Zainab,Jackson,Female,21.0,Married,Bachelor's Degree,Engineering,Software Engineer II,Mid-Level,EMP00005,"San Francisco, CA",Hybrid,2026-05-11,2026-05-28,Terminated,Voluntary,Better Opportunity Elsewhere,103500,0.05
EMP01735,Carmen,Nilsson,Female,26.0,Single,Master's Degree,Customer Success,Customer Success Manager,Mid-Level,EMP01462,"Austin, TX",Hybrid,2025-04-15,,Active,,,73500,1.28
EMP01736,Elizabeth,Wright,Female,21.0,Single,Master's Degree,Engineering,Software Engineer I,Entry-Level,EMP01609,"Austin, TX",Hybrid,2025-09-28,,Active,,,75500,0.83
EMP01737,Nathan,Wang,Male,29.0,Single,Master's Degree,Product,Product Manager,Mid-Level,EMP00186,"Denver, CO",Onsite,2025-10-22,,Active,,,81000,0.76
EMP01738,Charles,Carter,Male,29.0,Single,Bachelor's Degree,Engineering,Software Engineer II,Mid-Level,EMP01623,"Austin, TX",Hybrid,2026-05-09,,Active,,,103500,0.22
EMP01739,Kofi,Khan,Male,46.0,Married,Bachelor's Degree,Engineering,VP of Engineering,VP,EMP01037,"Austin, TX",Hybrid,2025-09-17,,Active,,,339000,0.86
EMP01740,Justin,Martinez,Male,21.0,Married,Bachelor's Degree,Marketing,Marketing Coordinator,Entry-Level,EMP00790,"San Francisco, CA",Hybrid,2025-08-27,,Active,,,67500,0.92
EMP01741,Priya,Lopez,Female,27.0,Single,High School,Engineering,Software Engineer II,Mid-Level,EMP01143,"Austin, TX",Hybrid,2023-05-26,,Active,,,109000,3.17
EMP01742,Kwame,Kim,Male,26.0,Single,Bachelor's Degree,Sales,Account Executive,Mid-Level,EMP01049,"New York, NY",Hybrid,2025-06-12,2026-04-30,Terminated,Voluntary,Work-Life Balance,85000,0.88
EMP01743,Natalie,Osei,Female,21.0,Married,Bachelor's Degree,Engineering,Software Engineer II,Mid-Level,EMP00947,"Austin, TX",Onsite,2024-02-07,2024-04-26,Terminated,Involuntary,Policy Violation,91000,0.22
EMP01744,Sione,Scott,Male,21.0,Married,Master's Degree,Customer Success,Senior CSM,Senior,EMP01092,"San Francisco, CA",Hybrid,2025-12-10,,Active,,,111000,0.63
EMP01745,Olivia,Mitchell,Female,24.0,Divorced,Master's Degree,Product,Associate Product Manager,Entry-Level,EMP01220,Remote,Remote,2025-05-25,2026-04-26,Terminated,Voluntary,Better Opportunity Elsewhere,77500,0.92
EMP01746,Isabella,Ahmed,Female,32.0,Divorced,Bachelor's Degree,Customer Success,Customer Success Manager,Mid-Level,EMP00906,"Denver, CO",Onsite,2025-11-26,,Active,,,73500,0.67
EMP01747,Ava,Diallo,Female,21.0,Divorced,Bachelor's Degree,Design,Staff Designer,Staff,EMP00187,"New York, NY",Hybrid,2023-02-25,,Active,,,136500,3.42
EMP01748,Zainab,Adams,Female,23.0,Married,Bachelor's Degree,Engineering,Software Engineer II,Mid-Level,EMP01456,"Austin, TX",Hybrid,2023-07-10,,Active,,,115000,3.05
EMP01749,Jessica,Dubois,Female,27.0,Married,Master's Degree,Sales,Account Executive,Mid-Level,,"Denver, CO",Onsite,2025-12-27,,Active,,,79000,0.58
EMP01750,Leilani,Smith,Female,29.0,Single,Bachelor's Degree,Engineering,Software Engineer I,Entry-Level,EMP00952,"Austin, TX",Onsite,2023-06-13,,Active,,,95500,3.12
EMP00682,Raj,Dubois,Male,29.0,Divorced,Bachelor's Degree,Design,Product Designer,Mid-Level,EMP00266,"New York, NY",Onsite,2024-02-08,2025-06-25,Terminated,Voluntary,Compensation,114500,1.38
EMP00748,Arjun,Costa,Male,29.0,Married,Bachelor's Degree,CUSTOMER SUCCESS,Customer Success Manager,Mid-Level,EMP01593,"Chicago, IL",Onsite,2026-04-06,,Active,,,83000,0.31
EMP00479,Carmen,Jones,Female,31.0,Single,Bachelor's Degree,Customer Success, Senior CSM ,Senior,EMP01501,"San Francisco, CA",Hybrid,2025-02-22,,Active,,,113000,1.43
EMP01717,Sam,Nguyen,NB,29.0,Married,High School,Engineering,Software Engineer II,Mid-Level,EMP01639,"Austin, TX",Hybrid,2024-02-02,,Active,,,109500,2.48
EMP00511,Ethan,King,Male,26.0,Single,Bachelor's Degree,Sales,Account Executive,Mid-Level,EMP00255,"San Francisco, CA",Hybrid,2026-01-26,,Active,,,87500,0.5
EMP00487,Jose,Jones,Male,29.0,Single,Bachelor's Degree,Engineering,Software Engineer II,Mid-Level,EMP00727,"Chicago, IL",Hybrid,2026-01-03,,Active,,,103500,0.56
EMP01662,Amara,Nguyen,Female,45.0,Single,Master's Degree,Finance,VP of Finance,VP,EMP00666,"New York, NY",Hybrid,2025-10-17,,Active,,,299000,0.78
EMP00427,James,Miller,M,33.0,Married,Bachelor's Degree,Engineering,Senior Software Engineer,Senior,EMP00638,"Austin, TX",Hybrid,2025-06-17,,Active,,,148500,1.11
EMP00167,Lucas,Silva,M,41.0,Single,Bachelor's Degree,Engineering,Staff Engineer,Staff,EMP00982,"San Francisco, CA",Hybrid,2025-12-11,,Active,,,214000,0.63
EMP01225,Raj,Ferrari,Male,33.0,Married,Associate's Degree,Engineering,Software Engineer II,Mid-Level,EMP00374,"Austin, TX",Onsite,2026-02-22,,Active,,,117500,0.43
EMP00346,Emily,Torres,Female,37.0,Married,Associate's Degree,Engineering,Director of Engineering,Director,EMP00674,"Austin, TX",Hybrid,2026-01-24,2026-02-17,Terminated,Voluntary,Return to School,253000,0.07
EMP01500,Lucas,Young,Male,25.0,Married,Bachelor's Degree,Sales,Sales Development Rep,Entry-Level,EMP01351,"Austin, TX",Onsite,2025-06-11,,Active,,,74000,1.13
