ReviewID,EmployeeID,ReviewPeriod,ReviewDate,PerformanceRating,GoalCompletionPct,PromotionRecommended
REV00001,EMP00001,2025-H2,2025-12-23,3.4,67.3,No
REV00002,EMP00001,2026-H1,2026-06-16,4.0,69.5,No
REV00003,EMP00002,2024-H2,2024-09-01,3.8,63.5,No
REV00004,EMP00002,2025-H1,2025-04-03,3.3,53.8,No
REV00005,EMP00002,2025-H2,2025-09-28,3.7,78.9,No
REV00006,EMP00002,2026-H1,2026-05-22,3.3,59.1,No
REV00007,EMP00004,2026-H2,2026-07-18,3.0,61.4,No
REV00008,EMP00007,2026-H1,2026-02-19,2.6,44.4,No
REV00009,EMP00009,2024-H1,2024-02-24,4.3,86.8,No
REV00010,EMP00009,2024-H2,2024-09-28,4.4,72.4,Yes
REV00011,EMP00009,2025-H1,2025-04-21,4.8,75.9,No
REV00012,EMP00009,2025-H2,2025-10-21,4.2,65.9,No
REV00013,EMP00009,2026-H1,2026-06-15,4.9,85.5,Yes
REV00014,EMP00010,2024-H2,2024-10-13,3.9,74.3,No
REV00015,EMP00010,2025-H1,2025-05-04,3.9,71.6,No
REV00016,EMP00010,2025-H2,2025-11-07,3.2,52.1,No
REV00017,EMP00010,2026-H1,2026-05-02,3.3,63.7,No
REV00018,EMP00011,2023-H2,2023-08-05,3.7,64.8,No
REV00019,EMP00011,2024-H1,2024-01-21,3.2,62.5,No
REV00020,EMP00011,2024-H2,2024-08-14,3.3,52.6,No
REV00021,EMP00011,2025-H1,2025-03-12,3.9,75.3,No
REV00022,EMP00011,2025-H2,2025-10-15,3.0,60.5,No
REV00023,EMP00011,2026-H1,2026-04-24,3.5,61.8,No
REV00024,EMP00012,2025-H1,2025-04-11,3.5,53.7,No
REV00025,EMP00012,2025-H2,2025-10-24,3.6,57.6,No
REV00026,EMP00012,2026-H1,2026-04-20,2.9,67.7,No
REV00027,EMP00014,2025-H1,2025-02-13,3.2,61.4,No
REV00028,EMP00014,2025-H2,2025-08-22,3.2,52.5,No
REV00029,EMP00016,2025-H1,2025-05-08,2.7,35.9,No
REV00030,EMP00016,2025-H2,2025-10-31,2.3,30.0,No
REV00031,EMP00016,2026-H1,2026-04-29,2.8,35.6,No
REV00032,EMP00017,2025-H1,2025-02-17,3.3,52.3,No
REV00033,EMP00017,2025-H2,2025-08-29,3.2,63.8,No
REV00034,EMP00017,2026-H1,2026-03-04,2.5,39.7,No
REV00035,EMP00018,2025-H2,2025-12-27,3.6,54.8,No
REV00036,EMP00019,2024-H2,2024-07-19,2.5,35.2,No
REV00037,EMP00019,2025-H1,2025-01-10,2.0,31.6,No
REV00038,EMP00019,2025-H2,2025-08-03,1.9,37.1,No
REV00039,EMP00019,2026-H1,2026-03-19,2.3,47.2,No
REV00040,EMP00021,2023-H2,2023-12-25,3.2,63.3,No
REV00041,EMP00021,2024-H2,2024-07-29,3.4,58.0,No
REV00042,EMP00021,2025-H1,2025-01-14,4.0,84.2,No
REV00043,EMP00021,2025-H2,2025-07-20,4.3,85.4,No
REV00044,EMP00023,2026-H2,2026-07-06,4.2,75.5,No
REV00045,EMP00024,2024-H2,2024-10-21,4.3,71.4,No
REV00046,EMP00025,2023-H1,2023-03-09,3.2,66.5,No
REV00047,EMP00025,2023-H2,2023-09-15,2.5,58.1,No
REV00048,EMP00028,2026-H1,2026-06-15,3.2,43.4,No
REV00049,EMP00030,2023-H2,2023-12-27,3.0,58.7,No
REV00050,EMP00030,2024-H2,2024-08-12,4.0,78.5,No
REV00051,EMP00031,2025-H1,2025-05-18,3.8,67.0,No
REV00052,EMP00031,2025-H2,2025-11-23,3.1,47.8,No
REV00053,EMP00031,2026-H1,2026-05-11,3.0,57.7,No
REV00054,EMP00034,2026-H1,2026-03-26,3.3,68.4,No
REV00055,EMP00035,2025-H1,2025-04-09,2.7,50.8,No
REV00056,EMP00035,2025-H2,2025-09-22,3.9,76.6,No
REV00057,EMP00035,2026-H1,2026-05-09,3.5,68.8,No
REV00058,EMP00036,2023-H2,2023-10-01,3.4,63.9,No
REV00059,EMP00036,2024-H1,2024-05-10,3.1,40.0,No
REV00060,EMP00036,2024-H2,2024-10-24,3.1,47.8,No
REV00061,EMP00037,2025-H1,2025-03-16,1.9,38.5,No
REV00062,EMP00037,2025-H2,2025-10-05,1.4,38.6,No
REV00063,EMP00037,2026-H1,2026-04-05,2.1,41.1,No
REV00064,EMP00038,2025-H1,2025-04-18,4.5,77.1,Yes
REV00065,EMP00038,2025-H2,2025-11-18,3.8,69.1,No
REV00066,EMP00038,2026-H1,2026-05-03,4.7,95.0,Yes
REV00067,EMP00039,2026-H1,2026-06-03,3.4,51.9,No
REV00068,EMP00042,2025-H2,2025-10-03,3.4,68.8,No
REV00069,EMP00042,2026-H1,2026-05-15,3.3,58.7,No
REV00070,EMP00044,2026-H1,2026-06-09,3.6,57.9,No
REV00071,EMP00045,2026-H2,2026-07-10,3.8,63.9,No
REV00072,EMP00046,2026-H1,2026-01-23,3.3,59.3,No
REV00073,EMP00047,2026-H2,2026-07-27,5.0,98.6,No
REV00074,EMP00049,2025-H2,2025-12-17,3.8,74.1,No
REV00075,EMP00050,2025-H2,2025-08-11,1.8,30.0,No
REV00076,EMP00050,2026-H1,2026-03-06,1.5,30.0,No
REV00077,EMP00051,2023-H1,2023-06-21,4.4,71.0,Yes
REV00078,EMP00051,2024-H1,2024-01-12,4.2,62.8,No
REV00079,EMP00051,2024-H2,2024-08-27,3.7,56.5,No
REV00080,EMP00051,2025-H1,2025-03-12,4.2,69.1,Yes
REV00081,EMP00051,2025-H2,2025-09-29,4.4,88.0,No
REV00082,EMP00051,2026-H1,2026-03-14,4.2,83.2,No
REV00083,EMP00052,2024-H1,2024-04-03,3.1,57.0,No
REV00084,EMP00052,2024-H2,2024-11-24,3.6,,No
REV00085,EMP00052,2025-H1,2025-06-26,3.4,66.0,No
REV00086,EMP00052,2026-H1,2026-01-03,3.7,65.0,No
REV00087,EMP00052,2026-H1,2026-06-28,3.3,53.9,No
REV00088,EMP00053,2023-H1,2023-06-12,3.9,52.6,No
REV00089,EMP00054,2026-H1,2026-03-28,3.5,63.7,No
REV00090,EMP00055,2025-H1,2025-04-08,4.8,88.5,Yes
REV00091,EMP00055,2025-H2,2025-10-23,4.6,86.6,No
REV00092,EMP00056,2025-H2,2025-10-31,5.0,83.7,Yes
REV00093,EMP00059,2025-H2,2025-08-22,2.5,30.5,No
REV00094,EMP00059,2026-H1,2026-02-22,1.9,30.0,No
REV00095,EMP00060,2026-H2,2026-07-17,3.9,68.3,No
REV00096,EMP00061,2024-H2,2024-12-27,1.2,41.2,No
REV00097,EMP00061,2025-H2,2025-07-03,1.3,30.0,No
REV00098,EMP00062,2023-H2,2023-12-01,3.2,71.5,No
REV00099,EMP00062,2024-H1,2024-06-30,3.5,59.7,No
REV00100,EMP00063,2025-H1,2025-03-12,3.5,47.7,No
REV00101,EMP00067,2026-H1,2026-03-09,3.7,65.2,No
REV00102,EMP00070,2024-H2,2024-10-08,3.4,77.5,No
REV00103,EMP00070,2025-H1,2025-03-28,3.2,52.0,No
REV00104,EMP00070,2025-H2,2025-09-23,3.3,63.0,No
REV00105,EMP00070,2026-H1,2026-05-10,3.5,,No
REV00106,EMP00076,2024-H1,2024-05-26,1.3,30.0,No
REV00107,EMP00076,2025-H1,2025-01-16,1.4,30.0,No
REV00108,EMP00076,2025-H2,2025-07-23,1.0,30.0,No
REV00109,EMP00077,2024-H2,2024-12-24,3.5,70.0,No
REV00110,EMP00077,2025-H2,2025-07-27,2.5,49.8,No
REV00111,EMP00077,2026-H1,2026-03-09,3.2,56.3,No
REV00112,EMP00078,2025-H2,2025-08-19,3.5,55.4,No
REV00113,EMP00081,2023-H1,2023-03-21,2.7,59.7,No
REV00114,EMP00081,2023-H2,2023-09-25,2.2,30.5,No
REV00115,EMP00083,2025-H2,2025-08-13,2.9,61.5,No
REV00116,EMP00083,2026-H1,2026-03-01,3.5,60.7,No
REV00117,EMP00084,2024-H2,2024-11-17,2.8,52.7,No
REV00118,EMP00084,2025-H1,2025-05-06,2.7,68.3,No
REV00119,EMP00084,2025-H2,2025-10-26,3.2,66.7,No
REV00120,EMP00085,2024-H1,2024-06-13,4.7,79.0,No
REV00121,EMP00085,2025-H1,2025-02-05,4.0,57.9,No
REV00122,EMP00085,2025-H2,2025-08-14,4.7,75.2,No
REV00123,EMP00085,2026-H1,2026-02-17,4.1,68.2,No
REV00124,EMP00086,2025-H1,2025-05-18,2.7,38.2,No
REV00125,EMP00086,2025-H2,2025-11-02,3.8,67.3,No
REV00126,EMP00086,2026-H1,2026-04-29,3.3,49.4,No
REV00127,EMP00088,2025-H1,2025-04-21,3.6,64.7,No
REV00128,EMP00088,2025-H2,2025-11-27,3.0,67.6,No
REV00129,EMP00088,2026-H1,2026-05-31,3.7,67.5,No
REV00130,EMP00089,2025-H2,2025-12-02,3.7,63.3,No
REV00131,EMP00089,2026-H1,2026-06-01,4.0,61.0,No
REV00132,EMP00090,2026-H1,2026-05-27,3.3,50.4,No
REV00133,EMP00091,2025-H1,2025-06-30,1.9,32.9,No
REV00134,EMP00091,2026-H1,2026-01-18,2.4,50.7,No
REV00135,EMP00094,2025-H1,2025-01-15,3.1,60.6,No
REV00136,EMP00094,2025-H2,2025-08-28,3.0,42.4,No
REV00137,EMP00094,2026-H1,2026-02-18,3.1,47.0,No
REV00138,EMP00095,2025-H2,2025-11-10,3.6,62.8,No
REV00139,EMP00095,2026-H1,2026-06-28,3.0,52.6,No
REV00140,EMP00097,2025-H1,2025-02-13,2.6,44.4,No
REV00141,EMP00097,2025-H2,2025-08-30,3.1,68.1,No
REV00142,EMP00097,2026-H1,2026-02-24,3.8,62.7,No
REV00143,EMP00098,2023-H2,2023-07-19,3.1,43.8,No
REV00144,EMP00098,2024-H1,2024-02-02,3.6,73.2,No
REV00145,EMP00098,2024-H2,2024-09-16,3.7,72.3,No
REV00146,EMP00098,2025-H1,2025-03-29,3.0,54.9,No
REV00147,EMP00098,2025-H2,2025-09-30,3.9,57.7,No
REV00148,EMP00098,2026-H1,2026-04-16,3.9,76.6,No
REV00149,EMP00100,2025-H2,2025-11-11,3.0,49.9,No
REV00150,EMP00100,2026-H1,2026-05-08,4.0,71.9,No
REV00151,EMP00104,2024-H2,2024-12-07,3.8,60.2,No
REV00152,EMP00104,2025-H1,2025-05-29,3.0,58.4,No
REV00153,EMP00104,2025-H2,2025-12-30,3.6,63.6,No
REV00154,EMP00105,2024-H2,2024-07-14,3.3,55.2,No
REV00155,EMP00105,2025-H1,2025-02-22,3.4,62.2,No
REV00156,EMP00105,2025-H2,2025-10-06,2.7,50.0,No
REV00157,EMP00105,2026-H1,2026-03-19,3.6,54.5,No
REV00158,EMP00106,2025-H2,2025-11-06,2.6,48.2,No
REV00159,EMP00106,2026-H1,2026-04-25,2.0,43.0,No
REV00160,EMP00108,2024-H2,2024-12-06,3.9,49.6,No
REV00161,EMP00108,2025-H2,2025-07-02,3.4,75.7,No
REV00162,EMP00108,2026-H1,2026-02-02,3.5,61.5,No
REV00163,EMP00108,2026-H2,2026-07-21,3.0,54.0,No
REV00164,EMP00109,2026-H1,2026-04-23,3.3,59.5,No
REV00165,EMP00111,2024-H2,2024-12-10,3.8,64.8,No
REV00166,EMP00111,2025-H1,2025-06-06,3.4,63.9,No
REV00167,EMP00111,2026-H1,2026-01-08,2.4,36.8,No
REV00168,EMP00112,2026-H1,2026-06-22,3.3,69.3,No
REV00169,EMP00114,2026-H1,2026-03-12,3.5,47.8,No
REV00170,EMP00115,2026-H1,2026-03-26,3.2,60.4,No
REV00171,EMP00116,2025-H2,2025-12-21,3.4,62.7,No
REV00172,EMP00117,2024-H1,2024-02-26,3.3,53.7,No
REV00173,EMP00117,2024-H2,2024-10-14,3.6,76.2,No
REV00174,EMP00117,2025-H1,2025-03-30,2.8,39.5,No
REV00175,EMP00117,2025-H2,2025-10-20,3.0,45.8,No
REV00176,EMP00117,2026-H1,2026-05-17,3.4,64.1,No
REV00177,EMP00119,2025-H1,2025-04-13,2.5,31.8,No
REV00178,EMP00119,2025-H2,2025-10-11,2.1,41.2,No
REV00179,EMP00119,2026-H1,2026-04-19,2.5,36.2,No
REV00180,EMP00120,2024-H2,2024-10-17,3.2,66.2,No
REV00181,EMP00120,2025-H1,2025-05-24,3.5,59.1,No
REV00182,EMP00120,2025-H2,2025-11-10,3.6,60.6,No
REV00183,EMP00120,2026-H1,2026-06-17,4.1,74.4,No
REV00184,EMP00122,2026-H1,2026-02-27,4.3,88.0,No
REV00185,EMP00123,2026-H1,2026-04-21,2.7,30.7,No
REV00186,EMP00124,2023-H1,2023-04-15,3.4,59.2,No
REV00187,EMP00124,2023-H2,2023-10-25,3.1,56.8,No
REV00188,EMP00124,2024-H1,2024-04-11,3.7,68.3,No
REV00189,EMP00124,2024-H2,2024-10-28,3.4,66.3,No
REV00190,EMP00124,2025-H1,2025-06-20,4.2,86.9,No
REV00191,EMP00125,2025-H2,2025-11-18,3.7,76.0,No
REV00192,EMP00125,2026-H1,2026-06-18,2.9,62.2,No
REV00193,EMP00127,2026-H1,2026-04-18,3.6,69.1,No
REV00194,EMP00128,2024-H2,2024-09-13,3.3,66.0,No
REV00195,EMP00128,2025-H1,2025-03-09,3.6,62.7,No
REV00196,EMP00128,2025-H2,2025-11-01,2.8,48.5,No
REV00197,EMP00128,2026-H1,2026-05-06,4.1,87.0,No
REV00198,EMP00130,2025-H2,2025-07-24,2.3,48.0,No
REV00199,EMP00130,2026-H1,2026-01-24,2.5,43.1,No
REV00200,EMP00132,2024-H2,2024-07-12,3.1,48.3,No
REV00201,EMP00132,2025-H1,2025-02-19,3.5,55.9,No
REV00202,EMP00132,2025-H2,2025-09-13,3.5,55.9,No
REV00203,EMP00133,2025-H1,2025-05-14,3.7,58.9,No
REV00204,EMP00133,2025-H2,2025-12-15,4.1,77.2,No
REV00205,EMP00133,2026-H2,2026-07-27,4.3,75.7,No
REV00206,EMP00137,2025-H1,2025-01-27,2.4,42.4,No
REV00207,EMP00137,2025-H2,2025-09-14,2.6,36.7,No
REV00208,EMP00138,2026-H1,2026-04-01,3.9,72.1,No
REV00209,EMP00140,2026-H1,2026-01-01,3.4,55.7,No
REV00210,EMP00142,2024-H2,2024-12-18,3.1,42.5,No
REV00211,EMP00142,2025-H1,2025-06-02,3.5,71.3,No
REV00212,EMP00142,2025-H2,2025-11-30,3.9,63.6,No
REV00213,EMP00142,2026-H1,2026-06-08,3.3,49.9,No
REV00214,EMP00143,2024-H1,2024-02-21,3.0,51.0,No
REV00215,EMP00143,2024-H2,2024-10-03,3.3,46.6,No
REV00216,EMP00143,2025-H1,2025-05-06,3.7,56.5,No
REV00217,EMP00143,2025-H2,2025-11-20,4.1,85.1,No
REV00218,EMP00143,2026-H2,2026-07-02,2.8,57.0,No
REV00219,EMP00148,2025-H1,2025-05-16,3.8,68.4,No
REV00220,EMP00148,2026-H1,2026-01-05,4.3,64.3,Yes
REV00221,EMP00148,2026-H2,2026-07-12,4.2,,No
REV00222,EMP00149,2026-H1,2026-06-25,4.3,69.3,No
REV00223,EMP00153,2026-H1,2026-03-11,3.0,,No
REV00224,EMP00157,2026-H1,2026-01-30,2.8,50.0,No
REV00225,EMP00158,2023-H1,2023-03-13,3.8,59.9,No
REV00226,EMP00158,2023-H2,2023-10-03,3.2,59.8,No
REV00227,EMP00158,2024-H1,2024-04-04,3.3,64.2,No
REV00228,EMP00159,2024-H1,2024-04-04,2.0,30.0,No
REV00229,EMP00159,2024-H2,2024-09-26,3.7,57.7,No
REV00230,EMP00159,2025-H1,2025-04-16,3.2,74.4,No
REV00231,EMP00159,2025-H2,2025-10-08,3.1,67.6,No
REV00232,EMP00159,2026-H1,2026-04-30,3.3,63.4,No
REV00233,EMP00160,2026-H1,2026-04-03,3.6,73.8,No
REV00234,EMP00161,2023-H1,2023-03-02,3.6,60.1,No
REV00235,EMP00161,2023-H2,2023-09-10,3.3,70.2,No
REV00236,EMP00161,2024-H1,2024-04-24,3.4,68.0,No
REV00237,EMP00162,2024-H2,2024-08-04,3.0,61.2,No
REV00238,EMP00162,2025-H1,2025-01-17,3.4,40.3,No
REV00239,EMP00162,2025-H2,2025-07-22,2.9,49.9,No
REV00240,EMP00162,2026-H1,2026-01-22,3.0,45.4,No
REV00241,EMP00163,2025-H2,2025-12-07,1.5,30.0,No
REV00242,EMP00164,2026-H1,2026-05-04,2.9,51.8,No
REV00243,EMP00165,2026-H1,2026-04-10,3.3,64.4,No
REV00244,EMP00166,2024-H2,2024-12-01,3.3,61.9,No
REV00245,EMP00166,2025-H2,2025-07-23,3.1,62.4,No
REV00246,EMP00166,2026-H1,2026-01-28,3.4,60.0,No
REV00247,EMP00167,2026-H1,2026-06-11,3.4,58.5,No
REV00248,EMP00168,2024-H2,2024-12-24,3.6,65.8,No
REV00249,EMP00168,2025-H2,2025-07-19,3.9,80.0,No
REV00250,EMP00168,2026-H1,2026-02-13,3.2,48.5,No
REV00251,EMP00169,2025-H1,2025-04-10,3.8,82.8,No
REV00252,EMP00169,2025-H2,2025-10-15,2.9,79.1,No
REV00253,EMP00169,2026-H1,2026-04-15,3.7,60.3,No
REV00254,EMP00170,2026-H2,2026-07-22,4.0,70.3,No
REV00255,EMP00171,2026-H1,2026-04-14,3.1,63.5,No
REV00256,EMP00173,2026-H1,2026-04-27,4.1,91.3,No
REV00257,EMP00174,2026-H1,2026-01-25,3.8,61.3,No
REV00258,EMP00175,2024-H1,2024-03-02,4.0,63.5,No
REV00259,EMP00175,2024-H2,2024-09-10,3.4,59.6,No
REV00260,EMP00175,2025-H1,2025-04-30,3.8,71.6,No
REV00261,EMP00175,2025-H2,2025-12-22,3.6,66.8,No
REV00262,EMP00175,2026-H2,2026-07-01,3.2,58.4,No
REV00263,EMP00176,2025-H1,2025-06-09,3.2,66.2,No
REV00264,EMP00176,2026-H1,2026-01-06,3.7,58.7,No
REV00265,EMP00176,2026-H2,2026-07-13,3.9,65.7,No
REV00266,EMP00177,2025-H1,2025-02-14,3.2,70.2,No
REV00267,EMP00177,2025-H2,2025-09-08,3.2,56.3,No
REV00268,EMP00177,2026-H1,2026-04-19,2.8,50.4,No
REV00269,EMP00178,2025-H1,2025-01-11,3.3,65.5,No
REV00270,EMP00178,2025-H2,2025-07-02,3.6,65.9,No
REV00271,EMP00180,2025-H2,2025-07-21,4.2,71.2,No
REV00272,EMP00180,2026-H1,2026-01-30,3.7,68.6,No
REV00273,EMP00180,2026-H2,2026-07-24,4.7,99.4,Yes
REV00274,EMP00182,2026-H1,2026-03-23,3.7,,No
REV00275,EMP00184,2025-H2,2025-11-24,1.6,35.0,No
REV00276,EMP00185,2026-H1,2026-01-24,3.0,57.2,No
REV00277,EMP00186,2025-H2,2025-11-20,2.9,48.2,No
REV00278,EMP00186,2026-H1,2026-06-09,3.9,68.2,No
REV00279,EMP00187,2024-H2,2024-10-11,3.2,59.1,No
REV00280,EMP00187,2025-H1,2025-04-09,2.1,48.5,No
REV00281,EMP00187,2025-H2,2025-12-01,2.6,54.1,No
REV00282,EMP00187,2026-H2,2026-07-19,2.9,43.9,No
REV00283,EMP00188,2026-H1,2026-06-17,3.4,65.2,No
REV00284,EMP00190,2023-H1,2023-05-15,2.5,54.2,No
REV00285,EMP00190,2023-H2,2023-12-21,1.9,30.5,No
REV00286,EMP00190,2024-H1,2024-06-29,2.3,47.2,No
REV00287,EMP00191,2026-H1,2026-04-25,3.1,60.8,No
REV00288,EMP00192,2024-H2,2024-08-31,2.3,31.1,No
REV00289,EMP00196,2025-H1,2025-06-11,4.1,87.2,No
REV00290,EMP00196,2026-H1,2026-01-08,4.6,82.0,No
REV00291,EMP00196,2026-H2,2026-07-06,4.5,97.3,No
REV00292,EMP00197,2023-H1,2023-04-16,1.6,30.0,No
REV00293,EMP00199,2025-H2,2025-08-24,3.1,54.4,No
REV00294,EMP00199,2026-H1,2026-02-27,3.1,43.7,No
REV00295,EMP00203,2025-H1,2025-03-06,3.8,78.8,No
REV00296,EMP00203,2025-H2,2025-10-05,4.3,80.2,No
REV00297,EMP00203,2026-H1,2026-05-14,3.4,70.7,No
REV00298,EMP00204,2025-H2,2025-07-27,2.8,48.2,No
REV00299,EMP00204,2026-H1,2026-02-11,3.6,42.8,No
REV00300,EMP00206,2025-H1,2025-04-15,1.7,34.3,No
REV00301,EMP00206,2025-H2,2025-11-19,2.1,52.7,No
REV00302,EMP00207,2024-H2,2024-09-27,2.7,66.7,No
REV00303,EMP00207,2025-H1,2025-04-26,2.9,58.8,No
REV00304,EMP00207,2025-H2,2025-11-13,3.1,55.0,No
REV00305,EMP00207,2026-H1,2026-06-26,3.0,53.1,No
REV00306,EMP00210,2026-H1,2026-05-11,3.5,56.4,No
REV00307,EMP00212,2024-H1,2024-03-22,3.5,48.6,No
REV00308,EMP00212,2024-H2,2024-10-31,3.5,63.6,No
REV00309,EMP00212,2025-H1,2025-06-14,3.2,63.4,No
REV00310,EMP00212,2026-H1,2026-01-04,3.0,50.7,No
REV00311,EMP00212,2026-H1,2026-06-29,3.1,54.8,No
REV00312,EMP00213,2026-H1,2026-02-01,3.3,60.4,No
REV00313,EMP00213,2026-H2,2026-07-27,3.6,69.6,No
REV00314,EMP00219,2026-H1,2026-05-09,2.9,46.2,No
REV00315,EMP00221,2025-H1,2025-06-21,3.4,56.2,No
REV00316,EMP00221,2026-H1,2026-02-01,3.0,67.6,No
REV00317,EMP00222,2025-H1,2025-03-11,1.5,30.0,No
REV00318,EMP00222,2025-H2,2025-10-10,2.1,35.9,No
REV00319,EMP00222,2026-H1,2026-04-15,1.7,31.4,No
REV00320,EMP00227,2025-H2,2025-11-23,3.9,65.2,No
REV00321,EMP00228,2025-H2,2025-11-11,2.9,48.6,No
REV00322,EMP00228,2026-H1,2026-06-17,3.5,56.6,No
REV00323,EMP00230,2026-H1,2026-04-17,2.0,42.8,No
REV00324,EMP00231,2026-H1,2026-05-24,3.1,50.4,No
REV00325,EMP00234,2025-H1,2025-05-30,3.3,56.5,No
REV00326,EMP00235,2025-H1,2025-06-14,3.2,59.3,No
REV00327,EMP00235,2026-H1,2026-01-20,2.9,58.8,No
REV00328,EMP00235,2026-H2,2026-07-09,3.1,61.2,No
REV00329,EMP00236,2024-H1,2024-03-03,2.8,37.3,No
REV00330,EMP00236,2024-H2,2024-09-07,3.2,65.3,No
REV00331,EMP00236,2025-H1,2025-04-30,3.7,70.1,No
REV00332,EMP00236,2025-H2,2025-11-17,3.5,62.9,No
REV00333,EMP00239,2025-H2,2025-10-15,3.8,54.4,No
REV00334,EMP00239,2026-H1,2026-05-18,3.2,72.4,No
REV00335,EMP00240,2025-H2,2025-12-25,2.5,43.9,No
REV00336,EMP00240,2026-H2,2026-07-26,3.1,46.9,No
REV00337,EMP00241,2025-H1,2025-03-24,3.4,54.5,No
REV00338,EMP00241,2025-H2,2025-09-11,3.4,,No
REV00339,EMP00241,2026-H1,2026-03-27,3.7,67.8,No
REV00340,EMP00242,2026-H1,2026-02-18,4.4,86.3,No
REV00341,EMP00243,2023-H1,2023-06-04,3.4,74.1,No
REV00342,EMP00243,2023-H2,2023-11-23,3.1,49.1,No
REV00343,EMP00243,2024-H1,2024-05-11,3.6,54.9,No
REV00344,EMP00243,2024-H2,2024-10-23,3.8,73.5,No
REV00345,EMP00243,2025-H1,2025-04-18,4.2,76.3,No
REV00346,EMP00243,2025-H2,2025-11-01,2.9,35.1,No
REV00347,EMP00243,2026-H1,2026-06-11,2.8,57.0,No
REV00348,EMP00244,2023-H2,2023-07-25,3.2,54.4,No
REV00349,EMP00244,2024-H1,2024-01-18,3.3,58.4,No
REV00350,EMP00244,2024-H2,2024-08-23,3.4,65.8,No
REV00351,EMP00246,2025-H1,2025-06-24,1.4,30.0,No
REV00352,EMP00247,2024-H1,2024-06-01,4.8,79.1,Yes
REV00353,EMP00247,2024-H2,2024-12-20,4.8,86.9,No
REV00354,EMP00247,2025-H2,2025-07-21,4.7,76.3,Yes
REV00355,EMP00247,2026-H1,2026-03-13,4.2,85.6,No
REV00356,EMP00249,2026-H2,2026-07-20,3.0,52.9,No
REV00357,EMP00250,2024-H2,2024-11-26,3.6,63.2,No
REV00358,EMP00250,2025-H1,2025-06-01,3.5,69.9,No
REV00359,EMP00250,2026-H1,2026-01-14,3.2,42.4,No
REV00360,EMP00251,2026-H1,2026-03-29,2.8,60.8,No
REV00361,EMP00252,2024-H1,2024-01-17,3.8,70.8,No
REV00362,EMP00253,2023-H2,2023-09-15,2.1,43.3,No
REV00363,EMP00253,2024-H1,2024-03-21,2.0,30.4,No
REV00364,EMP00253,2024-H2,2024-10-13,2.4,45.9,No
REV00365,EMP00253,2025-H1,2025-06-04,1.6,30.0,No
REV00366,EMP00254,2025-H2,2025-12-13,4.4,68.5,Yes
REV00367,EMP00254,2026-H1,2026-06-01,4.9,94.5,No
REV00368,EMP00255,2025-H2,2025-12-18,3.1,50.9,No
REV00369,EMP00255,2026-H1,2026-06-30,3.4,64.2,No
REV00370,EMP00256,2026-H1,2026-03-23,3.4,57.6,No
REV00371,EMP00257,2026-H1,2026-06-24,3.8,75.9,No
REV00372,EMP00259,2025-H2,2025-11-10,3.7,63.5,No
REV00373,EMP00259,2026-H1,2026-04-29,3.6,52.2,No
REV00374,EMP00260,2025-H1,2025-04-30,4.0,74.5,No
REV00375,EMP00260,2025-H2,2025-10-13,4.1,81.4,No
REV00376,EMP00260,2026-H1,2026-04-07,4.4,81.0,No
REV00377,EMP00263,2025-H2,2025-09-19,4.8,87.0,No
REV00378,EMP00263,2026-H1,2026-05-02,4.6,92.0,Yes
REV00379,EMP00264,2024-H1,2024-01-02,2.0,41.2,No
REV00380,EMP00264,2024-H2,2024-08-26,3.1,55.7,No
REV00381,EMP00264,2025-H1,2025-03-24,3.5,66.2,No
REV00382,EMP00264,2025-H2,2025-10-21,3.1,52.1,No
REV00383,EMP00264,2026-H1,2026-05-31,2.9,42.4,No
REV00384,EMP00265,2023-H1,2023-06-19,3.0,,No
REV00385,EMP00265,2024-H1,2024-01-12,3.4,52.5,No
REV00386,EMP00265,2024-H2,2024-08-21,3.7,56.2,No
REV00387,EMP00265,2025-H1,2025-02-24,3.1,56.4,No
REV00388,EMP00265,2025-H2,2025-09-27,3.3,76.4,No
REV00389,EMP00265,2026-H1,2026-05-18,3.4,69.3,No
REV00390,EMP00268,2026-H1,2026-05-05,3.3,63.8,No
REV00391,EMP00269,2025-H2,2025-08-24,3.3,,No
REV00392,EMP00269,2026-H1,2026-02-16,2.4,30.0,No
REV00393,EMP00270,2024-H2,2024-09-15,4.5,80.6,Yes
REV00394,EMP00270,2025-H1,2025-05-01,4.4,72.2,No
REV00395,EMP00270,2025-H2,2025-12-08,3.7,,No
REV00396,EMP00270,2026-H1,2026-06-17,4.1,60.4,No
REV00397,EMP00271,2024-H2,2024-08-23,3.7,70.0,No
REV00398,EMP00271,2025-H1,2025-04-11,3.0,52.5,No
REV00399,EMP00271,2025-H2,2025-11-20,4.4,68.2,No
REV00400,EMP00271,2026-H1,2026-06-21,3.0,58.5,No
REV00401,EMP00272,2024-H2,2024-12-30,3.2,47.2,No
REV00402,EMP00272,2025-H2,2025-07-13,3.5,,No
REV00403,EMP00272,2026-H1,2026-02-24,4.0,85.6,No
REV00404,EMP00273,2025-H2,2025-12-17,3.1,55.1,No
REV00405,EMP00273,2026-H2,2026-07-24,3.2,44.8,No
REV00406,EMP00274,2026-H1,2026-06-20,2.3,33.7,No
REV00407,EMP00275,2026-H1,2026-04-17,1.6,30.0,No
REV00408,EMP00278,2026-H1,2026-06-27,4.7,71.3,Yes
REV00409,EMP00279,2026-H1,2026-01-13,2.7,38.9,No
REV00410,EMP00279,2026-H2,2026-07-19,3.6,79.3,No
REV00411,EMP00280,2026-H1,2026-02-09,4.1,65.2,No
REV00412,EMP00281,2025-H2,2025-08-26,3.3,52.0,No
REV00413,EMP00282,2025-H1,2025-01-26,4.1,84.8,No
REV00414,EMP00284,2026-H2,2026-07-14,3.0,64.2,No
REV00415,EMP00286,2024-H1,2024-05-17,4.2,65.1,No
REV00416,EMP00286,2024-H2,2024-12-20,3.8,63.0,No
REV00417,EMP00286,2025-H2,2025-07-04,3.1,61.3,No
REV00418,EMP00286,2025-H2,2025-12-16,3.0,70.8,No
REV00419,EMP00286,2026-H1,2026-06-03,2.8,49.8,No
REV00420,EMP00287,2023-H2,2023-08-07,2.2,37.9,No
REV00421,EMP00287,2024-H1,2024-02-18,3.0,43.9,No
REV00422,EMP00288,2023-H2,2023-08-05,4.0,60.4,No
REV00423,EMP00288,2024-H1,2024-01-18,3.0,45.9,No
REV00424,EMP00288,2024-H2,2024-07-02,4.2,80.8,No
REV00425,EMP00288,2024-H2,2024-12-30,3.3,50.6,No
REV00426,EMP00288,2025-H1,2025-06-30,3.2,55.8,No
REV00427,EMP00288,2025-H2,2025-12-16,2.9,77.3,No
REV00428,EMP00288,2026-H1,2026-05-30,4.3,59.8,No
REV00429,EMP00290,2026-H1,2026-05-17,3.3,62.5,No
REV00430,EMP00291,2025-H2,2025-10-14,4.3,71.0,No
REV00431,EMP00291,2026-H1,2026-05-08,4.9,79.1,No
REV00432,EMP00292,2024-H1,2024-03-27,4.0,66.2,No
REV00433,EMP00292,2024-H2,2024-09-25,3.2,60.5,No
REV00434,EMP00292,2025-H1,2025-03-27,3.1,41.1,No
REV00435,EMP00292,2025-H2,2025-09-09,3.1,57.1,No
REV00436,EMP00292,2026-H1,2026-03-31,2.7,45.9,No
REV00437,EMP00295,2024-H2,2024-09-13,2.6,36.7,No
REV00438,EMP00295,2025-H1,2025-03-08,1.6,30.7,No
REV00439,EMP00295,2025-H2,2025-08-30,1.8,39.4,No
REV00440,EMP00295,2026-H1,2026-03-10,1.8,36.6,No
REV00441,EMP00297,2025-H2,2025-07-29,4.3,84.7,Yes
REV00442,EMP00297,2026-H1,2026-02-22,4.2,71.7,No
REV00443,EMP00298,2026-H1,2026-03-12,3.0,49.7,No
REV00444,EMP00299,2026-H1,2026-03-08,2.2,47.9,No
REV00445,EMP00301,2025-H1,2025-06-26,2.9,44.1,No
REV00446,EMP00301,2025-H2,2025-12-18,2.9,61.1,No
REV00447,EMP00302,2026-H1,2026-03-17,3.9,66.4,No
REV00448,EMP00303,2025-H2,2025-11-03,3.2,70.2,No
REV00449,EMP00303,2026-H1,2026-06-22,3.0,62.7,No
REV00450,EMP00306,2024-H2,2024-08-10,4.3,80.7,No
REV00451,EMP00307,2023-H2,2023-11-16,3.4,61.8,No
REV00452,EMP00307,2024-H1,2024-05-15,3.4,72.0,No
REV00453,EMP00310,2026-H1,2026-01-09,2.9,40.2,No
REV00454,EMP00312,2026-H1,2026-01-28,3.7,67.2,No
REV00455,EMP00313,2025-H2,2025-07-31,1.8,35.5,No
REV00456,EMP00314,2026-H1,2026-03-23,2.8,54.1,No
REV00457,EMP00315,2025-H2,2025-09-11,1.7,30.1,No
REV00458,EMP00315,2026-H1,2026-03-19,2.0,35.7,No
REV00459,EMP00316,2025-H2,2025-12-05,3.3,54.4,No
REV00460,EMP00316,2026-H1,2026-06-12,3.4,68.0,No
REV00461,EMP00318,2025-H2,2025-07-28,1.6,44.3,No
REV00462,EMP00318,2026-H1,2026-03-04,1.0,30.0,No
REV00463,EMP00321,2024-H2,2024-10-20,3.4,70.6,No
REV00464,EMP00322,2023-H2,2023-11-17,3.3,48.6,No
REV00465,EMP00322,2024-H1,2024-05-18,3.3,64.2,No
REV00466,EMP00322,2024-H2,2024-10-30,3.2,53.4,No
REV00467,EMP00322,2025-H1,2025-04-19,3.6,65.6,No
REV00468,EMP00322,2025-H2,2025-12-09,4.1,65.3,No
REV00469,EMP00322,2026-H2,2026-07-01,3.5,66.2,No
REV00470,EMP00323,2024-H1,2024-03-10,3.3,57.6,No
REV00471,EMP00323,2024-H2,2024-09-07,3.8,55.1,No
REV00472,EMP00323,2025-H1,2025-02-23,3.3,56.0,No
REV00473,EMP00323,2025-H2,2025-10-04,2.9,50.6,No
REV00474,EMP00323,2026-H1,2026-04-28,3.3,64.7,No
REV00475,EMP00324,2023-H1,2023-05-04,4.5,85.4,Yes
REV00476,EMP00325,2024-H1,2024-03-14,4.3,,No
REV00477,EMP00325,2024-H2,2024-09-30,4.8,76.2,No
REV00478,EMP00325,2025-H1,2025-05-18,4.2,80.9,No
REV00479,EMP00325,2025-H2,2025-11-07,4.0,89.0,No
REV00480,EMP00325,2026-H1,2026-06-26,4.6,83.0,Yes
REV00481,EMP00326,2026-H1,2026-05-27,4.6,90.8,Yes
REV00482,EMP00328,2025-H1,2025-04-05,4.0,71.4,No
REV00483,EMP00328,2025-H2,2025-10-27,3.5,62.2,No
REV00484,EMP00328,2026-H1,2026-05-18,3.4,72.5,No
REV00485,EMP00330,2023-H1,2023-05-06,3.1,54.2,No
REV00486,EMP00330,2023-H2,2023-12-14,3.4,76.1,No
REV00487,EMP00330,2024-H1,2024-06-19,3.3,47.9,No
REV00488,EMP00330,2025-H1,2025-01-18,2.7,64.0,No
REV00489,EMP00330,2025-H2,2025-08-10,3.4,56.5,No
REV00490,EMP00330,2026-H1,2026-03-16,2.9,72.2,No
REV00491,EMP00332,2025-H1,2025-02-15,3.3,62.0,No
REV00492,EMP00333,2024-H1,2024-06-20,2.7,46.3,No
REV00493,EMP00333,2025-H1,2025-01-01,2.0,31.2,No
REV00494,EMP00334,2026-H1,2026-05-11,2.3,47.4,No
REV00495,EMP00335,2026-H1,2026-03-06,3.9,63.1,No
REV00496,EMP00337,2026-H1,2026-06-06,2.9,45.2,No
REV00497,EMP00339,2025-H1,2025-02-02,3.2,56.2,No
REV00498,EMP00339,2025-H2,2025-08-01,4.0,78.7,No
REV00499,EMP00339,2026-H1,2026-02-27,3.3,41.3,No
REV00500,EMP00340,2024-H2,2024-09-28,3.2,53.8,No
REV00501,EMP00340,2025-H1,2025-05-16,3.7,62.7,No
REV00502,EMP00340,2025-H2,2025-11-14,3.3,54.7,No
REV00503,EMP00340,2026-H2,2026-07-02,3.1,61.2,No
REV00504,EMP00341,2026-H2,2026-07-08,3.0,54.6,No
REV00505,EMP00344,2025-H2,2025-08-04,4.5,72.9,Yes
REV00506,EMP00344,2026-H1,2026-03-24,3.7,70.8,No
REV00507,EMP00345,2025-H1,2025-06-01,2.9,,No
REV00508,EMP00345,2026-H1,2026-01-01,2.8,42.7,No
REV00509,EMP00351,2026-H2,2026-07-23,3.5,58.9,No
REV00510,EMP00352,2026-H2,2026-07-15,4.9,86.0,Yes
REV00511,EMP00355,2025-H2,2025-11-26,3.3,58.3,No
REV00512,EMP00355,2026-H1,2026-05-14,2.7,47.3,No
REV00513,EMP00357,2025-H1,2025-04-20,2.3,45.5,No
REV00514,EMP00357,2025-H2,2025-12-07,3.0,58.5,No
REV00515,EMP00357,2026-H2,2026-07-01,3.2,,No
REV00516,EMP00359,2025-H2,2025-07-26,3.7,65.6,No
REV00517,EMP00359,2026-H1,2026-01-19,3.1,46.0,No
REV00518,EMP00360,2023-H1,2023-03-05,3.5,75.5,No
REV00519,EMP00360,2023-H2,2023-09-26,3.9,75.6,No
REV00520,EMP00360,2024-H1,2024-05-12,3.8,65.9,No
REV00521,EMP00360,2024-H2,2024-11-29,3.6,67.0,No
REV00522,EMP00360,2025-H1,2025-05-15,3.4,61.5,No
REV00523,EMP00360,2025-H2,2025-12-01,3.2,59.9,No
REV00524,EMP00362,2024-H1,2024-02-28,4.2,84.4,No
REV00525,EMP00362,2024-H2,2024-08-16,4.3,72.4,No
REV00526,EMP00362,2025-H1,2025-04-06,4.7,88.7,No
REV00527,EMP00362,2025-H2,2025-11-07,4.3,90.2,No
REV00528,EMP00362,2026-H1,2026-05-02,4.4,64.6,No
REV00529,EMP00363,2025-H1,2025-04-24,3.9,62.6,No
REV00530,EMP00363,2025-H2,2025-12-13,2.5,61.4,No
REV00531,EMP00363,2026-H2,2026-07-05,3.5,61.5,No
REV00532,EMP00367,2026-H1,2026-03-23,3.6,77.7,No
REV00533,EMP00369,2025-H1,2025-03-08,2.9,43.9,No
REV00534,EMP00369,2025-H2,2025-09-06,3.6,70.4,No
REV00535,EMP00369,2026-H1,2026-04-02,2.8,60.5,No
REV00536,EMP00371,2026-H1,2026-04-23,2.3,30.0,No
REV00537,EMP00375,2024-H1,2024-02-08,3.1,59.2,No
REV00538,EMP00375,2024-H2,2024-07-25,3.0,51.9,No
REV00539,EMP00375,2025-H1,2025-02-16,2.8,46.5,No
REV00540,EMP00375,2025-H2,2025-09-12,2.9,48.3,No
REV00541,EMP00375,2026-H1,2026-04-15,3.1,,No
REV00542,EMP00376,2025-H2,2025-11-14,3.3,53.4,No
REV00543,EMP00377,2023-H2,2023-09-14,3.2,44.5,No
REV00544,EMP00377,2024-H1,2024-03-08,3.2,57.5,No
REV00545,EMP00377,2024-H2,2024-10-25,2.8,60.9,No
REV00546,EMP00377,2025-H1,2025-06-11,3.2,61.1,No
REV00547,EMP00377,2026-H1,2026-01-30,3.3,60.0,No
REV00548,EMP00378,2025-H2,2025-12-21,3.5,56.0,No
REV00549,EMP00378,2026-H2,2026-07-10,3.7,72.7,No
REV00550,EMP00379,2025-H2,2025-09-08,2.2,41.9,No
REV00551,EMP00379,2026-H1,2026-03-22,2.2,44.8,No
REV00552,EMP00381,2025-H1,2025-05-14,2.6,42.3,No
REV00553,EMP00381,2025-H2,2025-11-01,2.6,47.0,No
REV00554,EMP00382,2024-H1,2024-06-05,4.7,79.5,Yes
REV00555,EMP00382,2025-H1,2025-01-12,4.8,85.1,Yes
REV00556,EMP00382,2025-H2,2025-08-13,4.0,77.7,No
REV00557,EMP00382,2026-H1,2026-03-26,4.3,81.9,No
REV00558,EMP00383,2024-H2,2024-07-12,3.2,58.5,No
REV00559,EMP00384,2026-H2,2026-07-10,4.0,78.9,No
REV00560,EMP00386,2024-H1,2024-04-03,4.6,76.7,Yes
REV00561,EMP00386,2024-H2,2024-10-15,4.4,66.5,No
REV00562,EMP00386,2025-H1,2025-05-29,4.0,60.7,No
REV00563,EMP00386,2026-H1,2026-01-16,4.1,80.5,No
REV00564,EMP00387,2024-H1,2024-01-22,4.0,78.1,No
REV00565,EMP00387,2024-H2,2024-08-23,4.1,71.6,No
REV00566,EMP00387,2025-H1,2025-03-07,4.0,73.5,No
REV00567,EMP00387,2025-H2,2025-09-25,5.0,92.1,Yes
REV00568,EMP00387,2026-H1,2026-03-10,3.9,57.4,No
REV00569,EMP00389,2023-H2,2023-12-19,3.1,,No
REV00570,EMP00389,2024-H1,2024-06-14,4.0,73.5,No
REV00571,EMP00389,2025-H1,2025-01-27,3.7,70.4,No
REV00572,EMP00389,2025-H2,2025-08-18,3.1,63.8,No
REV00573,EMP00389,2026-H1,2026-03-18,2.9,60.3,No
REV00574,EMP00391,2026-H1,2026-05-27,2.7,42.3,No
REV00575,EMP00392,2024-H1,2024-01-09,3.5,68.5,No
REV00576,EMP00392,2024-H2,2024-08-16,3.8,67.1,No
REV00577,EMP00393,2024-H1,2024-01-23,2.7,37.0,No
REV00578,EMP00393,2024-H2,2024-08-20,3.1,47.3,No
REV00579,EMP00393,2025-H1,2025-04-05,2.9,53.2,No
REV00580,EMP00393,2025-H2,2025-11-25,3.4,70.7,No
REV00581,EMP00393,2026-H1,2026-06-02,3.3,59.5,No
REV00582,EMP00396,2025-H1,2025-06-18,2.3,30.3,No
REV00583,EMP00396,2025-H2,2025-12-22,1.6,30.0,No
REV00584,EMP00400,2026-H2,2026-07-07,3.6,59.9,No
REV00585,EMP00402,2024-H1,2024-01-16,3.5,56.0,No
REV00586,EMP00402,2024-H2,2024-07-17,2.9,51.1,No
REV00587,EMP00402,2025-H1,2025-02-20,2.9,49.6,No
REV00588,EMP00402,2025-H2,2025-09-26,3.4,53.4,No
REV00589,EMP00402,2026-H1,2026-04-23,2.8,63.1,No
REV00590,EMP00404,2026-H1,2026-01-09,2.7,48.1,No
REV00591,EMP00404,2026-H2,2026-07-26,3.1,71.5,No
REV00592,EMP00405,2025-H2,2025-08-21,3.0,43.5,No
REV00593,EMP00405,2026-H1,2026-02-27,3.3,52.2,No
REV00594,EMP00407,2024-H1,2024-05-15,4.4,67.8,Yes
REV00595,EMP00407,2024-H2,2024-12-21,3.8,,No
REV00596,EMP00407,2025-H1,2025-06-04,4.0,65.4,No
REV00597,EMP00407,2025-H2,2025-12-10,4.4,70.8,Yes
REV00598,EMP00407,2026-H2,2026-07-23,3.9,65.3,No
REV00599,EMP00408,2025-H2,2025-11-14,3.3,73.5,No
REV00600,EMP00409,2023-H1,2023-04-07,3.1,64.4,No
REV00601,EMP00409,2023-H2,2023-10-28,3.1,55.3,No
REV00602,EMP00409,2024-H1,2024-06-05,3.0,67.4,No
REV00603,EMP00409,2025-H1,2025-01-18,3.0,54.6,No
REV00604,EMP00409,2025-H2,2025-07-20,2.9,51.8,No
REV00605,EMP00409,2026-H1,2026-02-11,3.2,55.5,No
REV00606,EMP00410,2025-H2,2025-10-20,4.8,90.3,No
REV00607,EMP00412,2024-H1,2024-06-25,4.7,65.1,Yes
REV00608,EMP00412,2024-H2,2024-12-19,4.0,76.6,No
REV00609,EMP00412,2025-H1,2025-06-21,4.0,67.6,No
REV00610,EMP00412,2026-H1,2026-02-02,4.7,88.4,No
REV00611,EMP00413,2024-H1,2024-06-11,3.7,77.4,No
REV00612,EMP00413,2024-H2,2024-12-29,4.5,82.2,No
REV00613,EMP00413,2025-H1,2025-06-21,4.3,76.2,Yes
REV00614,EMP00415,2026-H2,2026-07-15,3.1,48.3,No
REV00615,EMP00418,2025-H1,2025-06-26,3.4,61.2,No
REV00616,EMP00419,2025-H1,2025-02-19,4.5,68.5,Yes
REV00617,EMP00419,2025-H2,2025-10-10,4.8,83.9,No
REV00618,EMP00419,2026-H1,2026-05-31,4.8,100.0,No
REV00619,EMP00421,2024-H2,2024-12-04,3.2,61.2,No
REV00620,EMP00421,2025-H1,2025-06-01,3.3,55.9,No
REV00621,EMP00421,2026-H1,2026-01-13,3.3,53.8,No
REV00622,EMP00423,2023-H1,2023-04-23,4.4,88.9,Yes
REV00623,EMP00423,2023-H2,2023-12-14,4.4,76.5,Yes
REV00624,EMP00423,2024-H1,2024-06-06,4.4,82.5,Yes
REV00625,EMP00423,2025-H1,2025-01-03,4.0,71.5,No
REV00626,EMP00425,2023-H2,2023-08-06,3.5,65.1,No
REV00627,EMP00425,2024-H1,2024-02-26,3.0,69.6,No
REV00628,EMP00425,2024-H2,2024-09-01,3.6,63.8,No
REV00629,EMP00425,2025-H1,2025-02-24,3.5,52.3,No
REV00630,EMP00425,2025-H2,2025-08-16,3.0,65.4,No
REV00631,EMP00425,2026-H1,2026-01-31,3.5,70.5,No
REV00632,EMP00425,2026-H2,2026-07-15,3.0,43.0,No
REV00633,EMP00427,2025-H2,2025-12-16,4.7,82.3,Yes
REV00634,EMP00427,2026-H1,2026-06-23,3.1,55.6,No
REV00635,EMP00429,2023-H2,2023-12-18,2.7,54.3,No
REV00636,EMP00429,2024-H1,2024-06-13,3.4,54.7,No
REV00637,EMP00429,2025-H1,2025-01-05,3.4,61.9,No
REV00638,EMP00429,2025-H2,2025-07-27,3.1,57.9,No
REV00639,EMP00429,2026-H1,2026-01-29,3.5,50.3,No
REV00640,EMP00430,2026-H1,2026-01-23,3.9,77.6,No
REV00641,EMP00430,2026-H2,2026-07-09,3.0,55.8,No
REV00642,EMP00432,2025-H2,2025-12-11,4.7,92.6,Yes
REV00643,EMP00432,2026-H1,2026-06-13,3.8,65.8,No
REV00644,EMP00433,2026-H1,2026-03-26,3.5,62.0,No
REV00645,EMP00434,2026-H1,2026-05-30,2.8,44.0,No
REV00646,EMP00435,2025-H2,2025-09-07,3.3,47.8,No
REV00647,EMP00435,2026-H1,2026-02-27,3.0,52.8,No
REV00648,EMP00436,2026-H1,2026-03-02,3.2,44.7,No
REV00649,EMP00439,2023-H2,2023-08-05,3.5,52.8,No
REV00650,EMP00439,2024-H1,2024-03-09,3.5,57.8,No
REV00651,EMP00439,2024-H2,2024-10-11,3.5,54.4,No
REV00652,EMP00439,2025-H1,2025-04-22,3.3,75.2,No
REV00653,EMP00440,2025-H1,2025-02-08,4.4,90.9,No
REV00654,EMP00443,2025-H2,2025-09-20,3.0,67.7,No
REV00655,EMP00445,2025-H1,2025-01-30,2.6,56.5,No
REV00656,EMP00445,2025-H2,2025-07-28,3.4,71.6,No
REV00657,EMP00445,2026-H1,2026-03-22,3.9,62.0,No
REV00658,EMP00446,2024-H2,2024-10-16,4.8,93.3,Yes
REV00659,EMP00446,2025-H1,2025-05-09,3.4,63.0,No
REV00660,EMP00446,2025-H2,2025-11-21,3.5,64.6,No
REV00661,EMP00446,2026-H1,2026-05-26,4.2,76.9,Yes
REV00662,EMP00447,2025-H2,2025-10-23,4.4,68.8,Yes
REV00663,EMP00449,2026-H1,2026-01-27,2.8,45.3,No
REV00664,EMP00450,2023-H2,2023-12-31,3.4,58.6,No
REV00665,EMP00450,2024-H2,2024-08-01,3.1,66.8,No
REV00666,EMP00453,2026-H1,2026-05-10,2.9,52.7,No
REV00667,EMP00454,2025-H2,2025-12-06,3.5,66.0,No
REV00668,EMP00454,2026-H1,2026-05-26,3.4,64.6,No
REV00669,EMP00455,2025-H1,2025-03-23,2.9,57.1,No
REV00670,EMP00455,2025-H2,2025-11-02,3.0,69.5,No
REV00671,EMP00455,2026-H1,2026-06-17,3.3,59.4,No
REV00672,EMP00457,2026-H1,2026-05-18,3.5,74.9,No
REV00673,EMP00458,2024-H2,2024-08-02,3.7,64.9,No
REV00674,EMP00458,2025-H1,2025-02-05,2.9,44.0,No
REV00675,EMP00462,2026-H1,2026-06-02,3.4,57.6,No
REV00676,EMP00464,2025-H2,2025-08-11,3.2,59.6,No
REV00677,EMP00464,2026-H1,2026-03-04,3.4,63.1,No
REV00678,EMP00468,2023-H1,2023-06-22,2.3,35.5,No
REV00679,EMP00468,2024-H1,2024-01-01,3.6,64.1,No
REV00680,EMP00469,2025-H1,2025-06-16,3.4,71.3,No
REV00681,EMP00469,2025-H2,2025-12-05,3.7,53.3,No
REV00682,EMP00469,2026-H1,2026-05-19,3.3,,No
REV00683,EMP00473,2026-H1,2026-01-31,1.4,30.0,No
REV00684,EMP00474,2025-H1,2025-06-16,4.7,93.1,Yes
REV00685,EMP00478,2025-H2,2025-10-06,3.6,77.5,No
REV00686,EMP00478,2026-H1,2026-04-15,3.2,61.0,No
REV00687,EMP00479,2025-H2,2025-08-23,3.8,,No
REV00688,EMP00479,2026-H1,2026-04-05,2.9,57.1,No
REV00689,EMP00480,2025-H1,2025-02-10,4.4,71.9,Yes
REV00690,EMP00480,2025-H2,2025-09-13,4.2,90.1,Yes
REV00691,EMP00480,2026-H1,2026-04-10,4.5,79.9,No
REV00692,EMP00487,2026-H2,2026-07-04,4.8,91.2,Yes
REV00693,EMP00490,2025-H1,2025-01-05,3.6,68.5,No
REV00694,EMP00491,2025-H2,2025-09-19,4.7,67.6,No
REV00695,EMP00491,2026-H1,2026-04-18,3.8,58.5,No
REV00696,EMP00492,2024-H1,2024-06-19,2.9,53.4,No
REV00697,EMP00492,2024-H2,2024-12-12,2.9,38.9,No
REV00698,EMP00494,2026-H1,2026-02-02,3.1,44.4,No
REV00699,EMP00497,2026-H1,2026-03-23,3.4,76.8,No
REV00700,EMP00498,2025-H1,2025-05-16,4.0,75.9,No
REV00701,EMP00498,2025-H2,2025-11-06,3.9,68.8,No
REV00702,EMP00498,2026-H1,2026-06-24,5.0,93.1,No
REV00703,EMP00499,2024-H1,2024-05-24,3.2,53.7,No
REV00704,EMP00499,2024-H2,2024-12-23,3.7,72.9,No
REV00705,EMP00499,2025-H1,2025-06-13,3.2,61.8,No
REV00706,EMP00499,2025-H2,2025-12-10,2.8,54.2,No
REV00707,EMP00499,2026-H1,2026-06-29,2.7,,No
REV00708,EMP00500,2026-H1,2026-04-08,2.5,38.8,No
REV00709,EMP00501,2025-H2,2025-12-20,4.0,76.3,No
REV00710,EMP00501,2026-H2,2026-07-18,4.7,89.6,No
REV00711,EMP00502,2026-H2,2026-07-16,3.4,53.7,No
REV00712,EMP00503,2025-H2,2025-12-21,3.4,46.8,No
REV00713,EMP00505,2025-H2,2025-12-27,3.6,74.0,No
REV00714,EMP00505,2026-H1,2026-06-15,3.2,54.1,No
REV00715,EMP00506,2026-H1,2026-01-12,3.6,82.0,No
REV00716,EMP00508,2025-H2,2025-07-30,4.3,84.3,Yes
REV00717,EMP00509,2024-H2,2024-07-09,4.6,77.1,Yes
REV00718,EMP00509,2025-H1,2025-01-24,3.9,75.0,No
REV00719,EMP00509,2025-H2,2025-07-12,4.0,74.4,No
REV00720,EMP00509,2026-H1,2026-02-16,3.7,59.4,No
REV00721,EMP00510,2023-H1,2023-06-08,4.2,75.6,No
REV00722,EMP00510,2024-H1,2024-01-24,4.3,80.9,No
REV00723,EMP00510,2024-H2,2024-09-09,4.7,83.6,Yes
REV00724,EMP00510,2025-H1,2025-03-28,4.6,71.9,No
REV00725,EMP00510,2025-H2,2025-09-23,4.4,83.8,No
REV00726,EMP00510,2026-H1,2026-04-29,4.7,89.2,Yes
REV00727,EMP00511,2026-H2,2026-07-27,2.9,57.4,No
REV00728,EMP00512,2026-H1,2026-03-29,3.0,60.5,No
REV00729,EMP00513,2026-H1,2026-05-27,3.7,66.6,No
REV00730,EMP00514,2024-H2,2024-11-15,3.0,43.2,No
REV00731,EMP00514,2025-H1,2025-05-09,3.9,59.4,No
REV00732,EMP00514,2025-H2,2025-11-27,3.5,71.3,No
REV00733,EMP00514,2026-H1,2026-05-29,3.0,55.0,No
REV00734,EMP00516,2023-H1,2023-04-25,1.8,30.1,No
REV00735,EMP00516,2023-H2,2023-10-29,2.2,46.3,No
REV00736,EMP00516,2024-H1,2024-06-15,2.2,39.6,No
REV00737,EMP00516,2024-H2,2024-12-23,1.8,40.5,No
REV00738,EMP00516,2025-H1,2025-06-13,2.3,46.5,No
REV00739,EMP00516,2026-H1,2026-01-23,2.5,37.1,No
REV00740,EMP00516,2026-H2,2026-07-23,2.2,40.5,No
REV00741,EMP00517,2025-H1,2025-05-25,4.3,82.0,No
REV00742,EMP00517,2025-H2,2025-11-28,4.5,83.4,No
REV00743,EMP00517,2026-H2,2026-07-03,5.0,86.4,No
REV00744,EMP00518,2026-H1,2026-02-28,3.8,79.7,No
REV00745,EMP00519,2025-H2,2025-07-04,3.2,63.7,No
REV00746,EMP00519,2025-H2,2025-12-21,3.4,72.3,No
REV00747,EMP00519,2026-H2,2026-07-06,3.7,58.5,No
REV00748,EMP00522,2025-H1,2025-05-02,3.0,54.7,No
REV00749,EMP00522,2025-H2,2025-10-22,2.9,40.8,No
REV00750,EMP00522,2026-H1,2026-05-09,3.7,62.0,No
REV00751,EMP00525,2025-H2,2025-07-04,3.4,60.8,No
REV00752,EMP00525,2026-H1,2026-01-12,3.3,48.9,No
REV00753,EMP00531,2025-H2,2025-11-25,3.3,60.6,No
REV00754,EMP00531,2026-H1,2026-05-15,3.3,59.9,No
REV00755,EMP00532,2025-H1,2025-01-16,3.2,55.9,No
REV00756,EMP00532,2025-H2,2025-07-30,3.1,69.7,No
REV00757,EMP00532,2026-H1,2026-03-06,2.5,46.4,No
REV00758,EMP00533,2025-H2,2025-09-09,3.1,55.3,No
REV00759,EMP00533,2026-H1,2026-03-23,4.0,80.6,No
REV00760,EMP00535,2025-H2,2025-11-03,4.6,74.9,No
REV00761,EMP00535,2026-H1,2026-04-25,4.0,83.8,No
REV00762,EMP00536,2025-H1,2025-04-19,2.5,44.2,No
REV00763,EMP00536,2025-H2,2025-10-28,3.3,58.2,No
REV00764,EMP00537,2026-H1,2026-03-12,4.7,88.5,No
REV00765,EMP00538,2024-H2,2024-12-23,3.9,64.5,No
REV00766,EMP00538,2025-H2,2025-08-01,3.4,66.7,No
REV00767,EMP00538,2026-H1,2026-02-16,2.8,35.8,No
REV00768,EMP00539,2023-H2,2023-12-11,3.6,84.9,No
REV00769,EMP00539,2024-H1,2024-06-20,3.4,70.1,No
REV00770,EMP00539,2024-H2,2024-12-24,1.9,30.0,No
REV00771,EMP00539,2025-H2,2025-07-08,3.3,67.4,No
REV00772,EMP00540,2024-H1,2024-06-09,3.2,66.2,No
REV00773,EMP00540,2024-H2,2024-12-06,3.6,51.5,No
REV00774,EMP00540,2025-H2,2025-07-21,2.9,66.2,No
REV00775,EMP00540,2026-H1,2026-02-15,2.9,52.2,No
REV00776,EMP00542,2024-H2,2024-08-24,4.3,90.2,Yes
REV00777,EMP00542,2025-H1,2025-02-06,4.3,67.8,No
REV00778,EMP00542,2025-H2,2025-09-25,5.0,94.5,Yes
REV00779,EMP00542,2026-H1,2026-04-23,4.6,82.1,No
REV00780,EMP00543,2024-H2,2024-07-28,2.8,52.9,No
REV00781,EMP00543,2025-H1,2025-02-27,3.2,56.0,No
REV00782,EMP00543,2025-H2,2025-08-17,3.3,52.1,No
REV00783,EMP00543,2026-H1,2026-03-20,3.6,72.2,No
REV00784,EMP00544,2026-H1,2026-03-29,2.4,44.1,No
REV00785,EMP00545,2024-H2,2024-09-07,3.4,47.0,No
REV00786,EMP00545,2025-H1,2025-03-12,3.6,59.7,No
REV00787,EMP00545,2025-H2,2025-10-28,3.9,70.5,No
REV00788,EMP00545,2026-H1,2026-04-24,4.1,80.4,No
REV00789,EMP00546,2025-H1,2025-05-05,4.4,75.4,No
REV00790,EMP00549,2026-H1,2026-04-08,3.5,69.6,No
REV00791,EMP00550,2024-H2,2024-09-21,3.0,57.7,No
REV00792,EMP00550,2025-H1,2025-03-09,3.1,54.4,No
REV00793,EMP00550,2025-H2,2025-10-02,3.1,58.7,No
REV00794,EMP00550,2026-H1,2026-05-23,3.0,55.1,No
REV00795,EMP00551,2024-H2,2024-10-08,3.7,74.7,No
REV00796,EMP00552,2023-H2,2023-08-16,3.5,68.5,No
REV00797,EMP00553,2024-H2,2024-09-13,3.2,60.0,No
REV00798,EMP00553,2025-H1,2025-03-09,3.1,63.2,No
REV00799,EMP00553,2025-H2,2025-09-27,3.1,66.6,No
REV00800,EMP00553,2026-H1,2026-03-20,3.7,70.9,No
REV00801,EMP00554,2025-H1,2025-02-14,2.8,70.7,No
REV00802,EMP00554,2025-H2,2025-08-16,3.1,53.2,No
REV00803,EMP00554,2026-H1,2026-03-22,3.5,62.3,No
REV00804,EMP00555,2024-H2,2024-09-12,3.3,64.3,No
REV00805,EMP00555,2025-H1,2025-03-06,3.4,53.3,No
REV00806,EMP00557,2024-H1,2024-06-17,4.6,92.9,Yes
REV00807,EMP00557,2024-H2,2024-12-06,4.4,82.0,Yes
REV00808,EMP00557,2025-H2,2025-07-17,4.0,66.8,No
REV00809,EMP00557,2026-H1,2026-01-14,3.8,54.4,No
REV00810,EMP00557,2026-H2,2026-07-20,3.4,62.7,No
REV00811,EMP00558,2025-H2,2025-10-09,4.1,77.8,No
REV00812,EMP00558,2026-H1,2026-04-04,3.0,59.8,No
REV00813,EMP00559,2024-H2,2024-11-26,3.3,54.5,No
REV00814,EMP00559,2025-H1,2025-05-30,3.1,62.9,No
REV00815,EMP00559,2026-H1,2026-01-05,3.6,80.2,No
REV00816,EMP00559,2026-H2,2026-07-18,2.9,66.4,No
REV00817,EMP00560,2025-H1,2025-06-20,2.7,53.0,No
REV00818,EMP00560,2025-H2,2025-12-26,3.0,58.9,No
REV00819,EMP00561,2025-H2,2025-11-04,2.6,39.5,No
REV00820,EMP00561,2026-H1,2026-06-15,3.7,72.2,No
REV00821,EMP00563,2023-H2,2023-07-03,5.0,100.0,No
REV00822,EMP00565,2026-H1,2026-03-17,4.4,83.7,Yes
REV00823,EMP00566,2024-H1,2024-01-01,3.0,56.9,No
REV00824,EMP00566,2024-H2,2024-08-09,3.8,63.4,No
REV00825,EMP00566,2025-H1,2025-03-31,3.5,60.5,No
REV00826,EMP00566,2025-H2,2025-11-07,2.9,64.3,No
REV00827,EMP00566,2026-H1,2026-04-28,2.9,52.1,No
REV00828,EMP00569,2023-H2,2023-10-26,4.1,68.4,No
REV00829,EMP00569,2024-H1,2024-06-06,4.6,83.0,No
REV00830,EMP00569,2025-H1,2025-01-10,3.9,64.3,No
REV00831,EMP00569,2025-H2,2025-08-14,4.8,65.0,No
REV00832,EMP00569,2026-H1,2026-03-02,4.8,87.4,No
REV00833,EMP00570,2025-H1,2025-02-16,5.0,95.7,No
REV00834,EMP00572,2026-H2,2026-07-09,3.1,44.9,No
REV00835,EMP00573,2024-H2,2024-09-04,3.7,79.7,No
REV00836,EMP00574,2024-H2,2024-10-30,3.0,47.8,No
REV00837,EMP00574,2025-H1,2025-06-09,3.6,67.7,No
REV00838,EMP00574,2025-H2,2025-12-20,4.0,74.0,No
REV00839,EMP00575,2025-H1,2025-06-28,4.4,86.0,Yes
REV00840,EMP00575,2026-H1,2026-01-30,4.1,80.6,No
REV00841,EMP00576,2025-H2,2025-09-30,4.4,60.5,No
REV00842,EMP00576,2026-H1,2026-05-06,5.0,91.0,No
REV00843,EMP00577,2026-H1,2026-03-24,3.2,51.7,No
REV00844,EMP00578,2025-H1,2025-06-08,3.4,47.0,No
REV00845,EMP00578,2025-H2,2025-12-12,3.4,66.5,No
REV00846,EMP00578,2026-H1,2026-06-17,3.3,40.2,No
REV00847,EMP00582,2025-H1,2025-01-09,3.6,65.5,No
REV00848,EMP00582,2025-H2,2025-08-07,3.4,66.3,No
REV00849,EMP00582,2026-H1,2026-01-31,3.4,48.1,No
REV00850,EMP00582,2026-H2,2026-07-24,3.6,69.1,No
REV00851,EMP00583,2026-H1,2026-06-05,2.1,37.0,No
REV00852,EMP00585,2025-H2,2025-11-28,2.5,44.0,No
REV00853,EMP00585,2026-H1,2026-06-11,3.3,52.2,No
REV00854,EMP00586,2025-H2,2025-12-05,4.1,72.2,No
REV00855,EMP00586,2026-H2,2026-07-20,3.9,69.4,No
REV00856,EMP00587,2024-H1,2024-04-13,4.1,78.9,No
REV00857,EMP00587,2024-H2,2024-11-30,3.5,61.7,No
REV00858,EMP00587,2025-H1,2025-05-14,3.6,50.6,No
REV00859,EMP00588,2025-H2,2025-09-20,2.6,53.5,No
REV00860,EMP00588,2026-H1,2026-04-01,3.4,47.3,No
REV00861,EMP00589,2025-H2,2025-12-18,4.0,70.8,No
REV00862,EMP00589,2026-H1,2026-06-17,4.7,79.0,Yes
REV00863,EMP00590,2024-H2,2024-12-08,3.5,61.8,No
REV00864,EMP00591,2025-H1,2025-02-10,3.8,72.8,No
REV00865,EMP00591,2025-H2,2025-09-03,4.0,72.6,No
REV00866,EMP00591,2026-H1,2026-03-19,3.5,60.0,No
REV00867,EMP00592,2025-H1,2025-06-11,3.0,49.2,No
REV00868,EMP00592,2026-H1,2026-01-12,3.6,66.0,No
REV00869,EMP00594,2025-H1,2025-04-23,3.0,57.9,No
REV00870,EMP00594,2025-H2,2025-11-22,3.7,73.1,No
REV00871,EMP00594,2026-H1,2026-05-25,3.8,80.9,No
REV00872,EMP00595,2024-H2,2024-11-14,1.8,35.2,No
REV00873,EMP00595,2025-H1,2025-06-13,1.0,30.0,No
REV00874,EMP00595,2026-H1,2026-01-24,1.4,30.0,No
REV00875,EMP00596,2025-H1,2025-04-01,3.1,75.6,No
REV00876,EMP00596,2025-H2,2025-10-14,3.2,57.8,No
REV00877,EMP00596,2026-H1,2026-05-10,3.7,70.7,No
REV00878,EMP00600,2026-H1,2026-05-22,3.2,68.0,No
REV00879,EMP00603,2024-H1,2024-02-02,3.7,67.3,No
REV00880,EMP00603,2024-H2,2024-08-09,3.4,63.0,No
REV00881,EMP00604,2025-H2,2025-12-27,3.0,53.7,No
REV00882,EMP00604,2026-H2,2026-07-02,3.5,53.3,No
REV00883,EMP00607,2025-H2,2025-08-28,4.9,88.3,Yes
REV00884,EMP00607,2026-H1,2026-04-09,4.2,65.8,No
REV00885,EMP00608,2024-H1,2024-06-22,3.4,56.3,No
REV00886,EMP00608,2025-H1,2025-01-09,3.1,55.9,No
REV00887,EMP00608,2025-H2,2025-08-18,3.0,45.0,No
REV00888,EMP00608,2026-H1,2026-02-15,2.9,59.5,No
REV00889,EMP00609,2025-H1,2025-02-25,4.3,78.3,No
REV00890,EMP00609,2025-H2,2025-10-09,5.0,85.7,No
REV00891,EMP00609,2026-H1,2026-04-17,4.8,91.7,No
REV00892,EMP00610,2025-H1,2025-06-05,3.1,47.2,No
REV00893,EMP00610,2025-H2,2025-12-09,3.2,46.8,No
REV00894,EMP00611,2026-H1,2026-04-25,3.6,67.0,No
REV00895,EMP00612,2026-H1,2026-01-01,2.7,57.7,No
REV00896,EMP00612,2026-H2,2026-07-24,2.9,42.8,No
REV00897,EMP00615,2026-H1,2026-02-23,4.0,72.7,No
REV00898,EMP00617,2024-H1,2024-04-01,4.7,93.3,Yes
REV00899,EMP00618,2024-H2,2024-08-26,2.9,57.4,No
REV00900,EMP00618,2025-H1,2025-02-18,4.1,81.5,No
REV00901,EMP00618,2025-H2,2025-10-01,2.6,53.6,No
REV00902,EMP00619,2025-H1,2025-01-28,2.6,66.8,No
REV00903,EMP00619,2025-H2,2025-09-01,3.2,53.4,No
REV00904,EMP00619,2026-H1,2026-04-13,3.7,66.0,No
REV00905,EMP00620,2024-H2,2024-08-05,2.9,40.8,No
REV00906,EMP00620,2025-H1,2025-02-16,4.4,91.3,No
REV00907,EMP00621,2024-H2,2024-10-02,3.9,74.5,No
REV00908,EMP00621,2025-H1,2025-03-23,3.9,64.3,No
REV00909,EMP00621,2025-H2,2025-10-29,3.2,60.0,No
REV00910,EMP00621,2026-H1,2026-06-02,3.6,68.5,No
REV00911,EMP00622,2025-H1,2025-02-27,4.9,92.4,No
REV00912,EMP00622,2025-H2,2025-09-10,4.0,68.1,No
REV00913,EMP00622,2026-H1,2026-04-08,4.0,91.8,No
REV00914,EMP00623,2024-H2,2024-09-26,2.4,49.9,No
REV00915,EMP00625,2024-H1,2024-01-07,3.2,68.2,No
REV00916,EMP00627,2025-H2,2025-08-07,4.0,64.6,No
REV00917,EMP00627,2026-H1,2026-02-01,3.0,63.4,No
REV00918,EMP00635,2024-H2,2024-09-13,4.8,86.4,No
REV00919,EMP00635,2025-H1,2025-04-06,4.7,89.1,No
REV00920,EMP00635,2025-H2,2025-11-15,4.1,66.3,No
REV00921,EMP00635,2026-H1,2026-05-15,4.1,84.1,No
REV00922,EMP00636,2026-H1,2026-04-12,3.6,59.7,No
REV00923,EMP00638,2026-H1,2026-01-07,2.6,43.9,No
REV00924,EMP00639,2026-H1,2026-01-19,3.0,34.4,No
REV00925,EMP00640,2025-H1,2025-02-22,2.0,30.1,No
REV00926,EMP00640,2025-H2,2025-09-04,1.7,30.7,No
REV00927,EMP00640,2026-H1,2026-02-23,1.9,33.9,No
REV00928,EMP00641,2026-H2,2026-07-03,3.3,47.6,No
REV00929,EMP00642,2024-H2,2024-10-21,3.6,69.0,No
REV00930,EMP00643,2025-H1,2025-04-03,4.5,89.7,No
REV00931,EMP00643,2025-H2,2025-09-30,3.9,61.3,No
REV00932,EMP00643,2026-H1,2026-03-17,4.4,70.8,No
REV00933,EMP00644,2025-H2,2025-08-13,2.9,54.6,No
REV00934,EMP00644,2026-H1,2026-03-14,3.6,83.0,No
REV00935,EMP00645,2025-H2,2025-11-26,4.0,67.3,No
REV00936,EMP00645,2026-H1,2026-05-18,2.8,47.2,No
REV00937,EMP00646,2024-H2,2024-12-25,3.7,65.3,No
REV00938,EMP00646,2025-H2,2025-07-13,3.9,68.0,No
REV00939,EMP00646,2026-H1,2026-01-13,3.3,58.2,No
REV00940,EMP00647,2024-H1,2024-05-16,3.0,57.1,No
REV00941,EMP00647,2024-H2,2024-12-15,2.7,60.2,No
REV00942,EMP00647,2025-H2,2025-07-04,3.9,71.8,No
REV00943,EMP00647,2026-H1,2026-01-25,2.6,54.7,No
REV00944,EMP00648,2026-H1,2026-02-19,2.9,46.1,No
REV00945,EMP00649,2025-H1,2025-03-29,4.8,77.2,Yes
REV00946,EMP00649,2025-H2,2025-10-20,4.9,85.8,No
REV00947,EMP00649,2026-H1,2026-06-05,4.1,62.3,No
REV00948,EMP00650,2026-H1,2026-01-22,3.7,66.3,No
REV00949,EMP00650,2026-H2,2026-07-14,2.6,41.3,No
REV00950,EMP00651,2024-H2,2024-08-26,4.1,75.7,No
REV00951,EMP00651,2025-H1,2025-04-20,4.7,86.5,No
REV00952,EMP00653,2025-H2,2025-12-20,3.3,55.0,No
REV00953,EMP00653,2026-H1,2026-06-26,3.2,50.8,No
REV00954,EMP00654,2023-H2,2023-09-01,3.2,45.0,No
REV00955,EMP00654,2024-H1,2024-03-13,3.4,56.3,No
REV00956,EMP00654,2024-H2,2024-10-09,2.6,34.4,No
REV00957,EMP00654,2025-H1,2025-05-28,2.8,33.1,No
REV00958,EMP00654,2025-H2,2025-11-27,3.7,76.1,No
REV00959,EMP00654,2026-H1,2026-06-03,2.6,43.9,No
REV00960,EMP00655,2025-H1,2025-05-21,3.5,56.1,No
REV00961,EMP00655,2026-H1,2026-01-11,2.8,60.6,No
REV00962,EMP00657,2023-H2,2023-10-08,1.1,33.6,No
REV00963,EMP00661,2025-H1,2025-01-24,3.8,72.0,No
REV00964,EMP00662,2026-H1,2026-05-12,3.6,56.6,No
REV00965,EMP00663,2026-H2,2026-07-26,3.0,53.1,No
REV00966,EMP00664,2026-H1,2026-02-21,3.8,61.5,No
REV00967,EMP00665,2025-H2,2025-10-15,2.6,38.5,No
REV00968,EMP00665,2026-H1,2026-04-04,3.5,54.0,No
REV00969,EMP00666,2025-H2,2025-08-23,3.3,53.9,No
REV00970,EMP00666,2026-H1,2026-02-07,3.5,63.4,No
REV00971,EMP00667,2025-H1,2025-05-18,4.7,91.1,No
REV00972,EMP00667,2025-H2,2025-12-12,3.6,62.5,No
REV00973,EMP00667,2026-H2,2026-07-19,4.5,84.0,No
REV00974,EMP00674,2024-H2,2024-09-01,3.6,77.1,No
REV00975,EMP00674,2025-H1,2025-03-30,3.1,47.8,No
REV00976,EMP00674,2025-H2,2025-10-27,4.1,79.6,No
REV00977,EMP00674,2026-H1,2026-05-11,2.9,50.7,No
REV00978,EMP00675,2023-H2,2023-10-30,3.5,55.3,No
REV00979,EMP00675,2024-H1,2024-06-21,3.0,51.5,No
REV00980,EMP00675,2024-H2,2024-12-04,2.8,45.9,No
REV00981,EMP00675,2025-H1,2025-06-23,2.4,46.7,No
REV00982,EMP00676,2026-H1,2026-06-20,3.3,59.8,No
REV00983,EMP00677,2026-H1,2026-01-27,4.2,71.0,No
REV00984,EMP00679,2024-H2,2024-07-02,3.2,58.0,No
REV00985,EMP00679,2025-H1,2025-01-04,3.6,72.5,No
REV00986,EMP00679,2025-H1,2025-06-25,2.9,47.5,No
REV00987,EMP00679,2025-H2,2025-12-08,3.1,51.9,No
REV00988,EMP00681,2024-H2,2024-10-02,3.3,52.7,No
REV00989,EMP00681,2025-H1,2025-04-08,3.6,67.2,No
REV00990,EMP00682,2024-H2,2024-08-08,2.2,46.4,No
REV00991,EMP00682,2025-H1,2025-03-28,2.8,61.2,No
REV00992,EMP00686,2025-H2,2025-12-06,3.6,72.2,No
REV00993,EMP00686,2026-H2,2026-07-16,4.2,83.4,No
REV00994,EMP00687,2025-H1,2025-06-06,4.7,82.1,No
REV00995,EMP00687,2025-H2,2025-12-30,4.3,71.6,No
REV00996,EMP00687,2026-H2,2026-07-15,4.9,100.0,Yes
REV00997,EMP00689,2025-H2,2025-07-21,3.6,67.5,No
REV00998,EMP00689,2026-H1,2026-03-09,3.5,55.6,No
REV00999,EMP00691,2025-H2,2025-08-30,3.5,69.0,No
REV01000,EMP00691,2026-H1,2026-02-25,3.4,63.9,No
REV01001,EMP00692,2025-H1,2025-06-08,3.4,59.7,No
REV01002,EMP00695,2026-H2,2026-07-04,3.8,70.4,No
REV01003,EMP00696,2025-H2,2025-11-02,2.8,57.4,No
REV01004,EMP00696,2026-H1,2026-06-14,3.7,69.9,No
REV01005,EMP00697,2024-H2,2024-12-25,1.8,41.7,No
REV01006,EMP00697,2025-H2,2025-07-01,1.7,36.6,No
REV01007,EMP00697,2026-H1,2026-02-17,2.3,41.6,No
REV01008,EMP00699,2025-H1,2025-06-15,1.7,30.0,No
REV01009,EMP00699,2026-H1,2026-01-19,1.9,30.0,No
REV01010,EMP00700,2025-H2,2025-12-05,3.4,57.7,No
REV01011,EMP00700,2026-H2,2026-07-09,3.5,56.1,No
REV01012,EMP00702,2026-H1,2026-03-22,1.7,30.0,No
REV01013,EMP00706,2025-H1,2025-05-22,4.3,65.4,No
REV01014,EMP00706,2025-H2,2025-11-12,4.3,78.2,Yes
REV01015,EMP00706,2026-H1,2026-06-13,4.4,73.4,No
REV01016,EMP00707,2024-H2,2024-07-14,3.8,63.1,No
REV01017,EMP00707,2025-H1,2025-02-23,4.1,65.9,No
REV01018,EMP00707,2025-H2,2025-09-20,4.0,71.4,No
REV01019,EMP00707,2026-H1,2026-05-11,4.0,56.9,No
REV01020,EMP00709,2026-H1,2026-03-15,3.1,62.2,No
REV01021,EMP00710,2025-H2,2025-12-03,2.0,44.2,No
REV01022,EMP00713,2024-H2,2024-08-07,3.0,58.4,No
REV01023,EMP00713,2025-H1,2025-03-01,3.3,55.1,No
REV01024,EMP00713,2025-H2,2025-10-03,2.9,50.7,No
REV01025,EMP00713,2026-H1,2026-03-21,2.9,48.6,No
REV01026,EMP00715,2025-H1,2025-01-01,2.8,71.1,No
REV01027,EMP00715,2025-H2,2025-08-08,3.4,51.9,No
REV01028,EMP00717,2023-H2,2023-07-14,3.5,64.4,No
REV01029,EMP00717,2024-H1,2024-01-13,3.1,62.7,No
REV01030,EMP00717,2024-H2,2024-07-27,3.5,59.8,No
REV01031,EMP00717,2025-H1,2025-01-22,3.2,67.4,No
REV01032,EMP00717,2025-H2,2025-09-04,3.1,51.7,No
REV01033,EMP00717,2026-H1,2026-03-28,2.4,44.5,No
REV01034,EMP00718,2026-H1,2026-01-13,4.4,72.8,Yes
REV01035,EMP00718,2026-H2,2026-07-06,4.3,83.8,No
REV01036,EMP00719,2026-H2,2026-07-19,3.3,53.8,No
REV01037,EMP00721,2025-H1,2025-05-02,3.0,46.7,No
REV01038,EMP00721,2025-H2,2025-12-17,4.0,65.9,No
REV01039,EMP00721,2026-H1,2026-05-31,3.1,60.8,No
REV01040,EMP00723,2024-H1,2024-05-27,4.3,72.3,No
REV01041,EMP00723,2024-H2,2024-12-05,4.2,73.2,No
REV01042,EMP00723,2025-H1,2025-05-21,4.4,81.0,No
REV01043,EMP00723,2025-H2,2025-12-25,4.5,88.2,No
REV01044,EMP00725,2024-H1,2024-06-22,3.3,61.0,No
REV01045,EMP00725,2025-H1,2025-01-10,2.3,48.6,No
REV01046,EMP00725,2025-H2,2025-08-25,3.3,65.0,No
REV01047,EMP00725,2026-H1,2026-03-05,2.9,61.3,No
REV01048,EMP00726,2025-H2,2025-07-28,3.4,67.5,No
REV01049,EMP00726,2026-H1,2026-01-24,3.2,66.0,No
REV01050,EMP00728,2024-H2,2024-08-02,1.6,36.0,No
REV01051,EMP00728,2025-H1,2025-01-24,1.0,32.2,No
REV01052,EMP00728,2025-H2,2025-08-14,2.1,47.9,No
REV01053,EMP00729,2024-H2,2024-12-23,3.5,70.4,No
REV01054,EMP00729,2025-H1,2025-06-10,3.5,44.5,No
REV01055,EMP00729,2025-H2,2025-12-12,3.3,56.6,No
REV01056,EMP00729,2026-H1,2026-06-03,3.3,48.0,No
REV01057,EMP00730,2026-H1,2026-06-14,4.4,72.2,No
REV01058,EMP00731,2026-H1,2026-06-06,4.1,64.9,No
REV01059,EMP00732,2026-H1,2026-03-15,4.1,71.0,No
REV01060,EMP00733,2026-H1,2026-05-05,3.0,56.6,No
REV01061,EMP00734,2025-H2,2025-12-20,1.9,34.0,No
REV01062,EMP00736,2025-H1,2025-05-04,3.1,62.6,No
REV01063,EMP00736,2025-H2,2025-10-25,3.6,62.5,No
REV01064,EMP00736,2026-H1,2026-04-17,3.3,41.3,No
REV01065,EMP00737,2024-H2,2024-09-17,3.6,51.7,No
REV01066,EMP00737,2025-H1,2025-03-24,3.8,49.3,No
REV01067,EMP00737,2025-H2,2025-10-21,3.1,57.3,No
REV01068,EMP00737,2026-H1,2026-04-07,3.2,60.5,No
REV01069,EMP00739,2026-H1,2026-01-12,2.9,54.8,No
REV01070,EMP00740,2025-H2,2025-07-28,3.1,62.0,No
REV01071,EMP00740,2026-H1,2026-03-14,3.7,81.8,No
REV01072,EMP00743,2024-H2,2024-08-25,4.6,80.6,No
REV01073,EMP00743,2025-H1,2025-03-21,4.3,82.8,Yes
REV01074,EMP00743,2025-H2,2025-11-06,4.2,81.2,No
REV01075,EMP00743,2026-H1,2026-06-28,3.6,65.2,No
REV01076,EMP00746,2026-H1,2026-02-12,4.2,76.5,No
REV01077,EMP00750,2026-H1,2026-01-20,3.0,42.1,No
REV01078,EMP00751,2026-H1,2026-05-17,3.2,59.7,No
REV01079,EMP00754,2024-H2,2024-08-14,3.8,79.5,No
REV01080,EMP00754,2025-H1,2025-04-04,2.9,48.0,No
REV01081,EMP00754,2025-H2,2025-10-31,4.0,75.7,No
REV01082,EMP00754,2026-H1,2026-06-17,2.8,52.7,No
REV01083,EMP00755,2026-H1,2026-01-17,4.0,54.4,No
REV01084,EMP00756,2026-H1,2026-02-01,2.8,52.5,No
REV01085,EMP00757,2025-H2,2025-08-11,3.1,52.9,No
REV01086,EMP00757,2026-H1,2026-03-16,3.3,77.8,No
REV01087,EMP00758,2026-H1,2026-06-19,1.9,31.4,No
REV01088,EMP00761,2025-H2,2025-09-18,4.5,85.0,No
REV01089,EMP00761,2026-H1,2026-04-18,3.6,68.2,No
REV01090,EMP00762,2024-H1,2024-05-13,3.2,76.8,No
REV01091,EMP00762,2024-H2,2024-12-19,3.4,60.7,No
REV01092,EMP00762,2025-H1,2025-06-30,3.6,62.4,No
REV01093,EMP00762,2026-H1,2026-01-10,3.1,57.8,No
REV01094,EMP00762,2026-H2,2026-07-04,2.9,59.8,No
REV01095,EMP00765,2024-H1,2024-06-08,3.0,45.4,No
REV01096,EMP00768,2025-H2,2025-12-22,4.5,66.9,Yes
REV01097,EMP00768,2026-H1,2026-06-29,3.8,68.5,No
REV01098,EMP00769,2026-H1,2026-02-23,3.5,63.2,No
REV01099,EMP00770,2025-H2,2025-07-29,3.3,52.3,No
REV01100,EMP00770,2026-H1,2026-01-13,2.6,47.5,No
REV01101,EMP00771,2023-H2,2023-09-17,3.6,59.3,No
REV01102,EMP00772,2025-H1,2025-05-16,4.8,85.7,No
REV01103,EMP00772,2025-H2,2025-11-28,4.4,81.8,Yes
REV01104,EMP00774,2023-H1,2023-02-12,4.2,71.2,No
REV01105,EMP00774,2023-H2,2023-09-01,3.5,51.6,No
REV01106,EMP00775,2025-H1,2025-04-24,3.1,53.2,No
REV01107,EMP00775,2025-H2,2025-10-16,2.3,45.6,No
REV01108,EMP00775,2026-H1,2026-05-23,3.0,50.7,No
REV01109,EMP00776,2025-H2,2025-07-07,4.2,83.3,No
REV01110,EMP00777,2025-H2,2025-12-20,3.7,60.2,No
REV01111,EMP00777,2026-H1,2026-06-18,3.1,46.7,No
REV01112,EMP00779,2025-H1,2025-05-05,3.0,33.8,No
REV01113,EMP00779,2025-H2,2025-11-27,3.5,52.9,No
REV01114,EMP00779,2026-H1,2026-06-04,3.5,75.6,No
REV01115,EMP00780,2025-H1,2025-05-09,2.9,61.3,No
REV01116,EMP00781,2026-H1,2026-06-17,3.6,79.5,No
REV01117,EMP00782,2025-H2,2025-09-28,1.7,30.0,No
REV01118,EMP00782,2026-H1,2026-05-02,2.5,43.8,No
REV01119,EMP00784,2025-H2,2025-08-30,2.4,43.0,No
REV01120,EMP00784,2026-H1,2026-04-13,1.7,33.7,No
REV01121,EMP00785,2024-H2,2024-07-24,3.0,60.7,No
REV01122,EMP00785,2025-H1,2025-03-04,3.4,67.7,No
REV01123,EMP00786,2024-H2,2024-09-18,3.0,56.3,No
REV01124,EMP00786,2025-H1,2025-05-07,3.4,43.1,No
REV01125,EMP00786,2025-H2,2025-10-31,3.6,65.1,No
REV01126,EMP00786,2026-H1,2026-06-18,3.2,53.3,No
REV01127,EMP00787,2025-H2,2025-11-23,2.0,35.6,No
REV01128,EMP00788,2025-H2,2025-08-15,2.8,38.6,No
REV01129,EMP00788,2026-H1,2026-03-15,3.1,53.0,No
REV01130,EMP00791,2026-H1,2026-01-01,3.4,71.1,No
REV01131,EMP00792,2026-H1,2026-03-10,3.6,62.3,No
REV01132,EMP00793,2023-H1,2023-04-27,2.6,52.8,No
REV01133,EMP00793,2023-H2,2023-12-15,1.8,30.0,No
REV01134,EMP00793,2024-H1,2024-06-30,1.7,30.0,No
REV01135,EMP00793,2025-H1,2025-02-12,2.4,41.1,No
REV01136,EMP00793,2025-H2,2025-08-17,2.4,30.0,No
REV01137,EMP00793,2026-H1,2026-02-05,2.1,35.5,No
REV01138,EMP00794,2026-H1,2026-04-14,3.3,58.8,No
REV01139,EMP00795,2024-H2,2024-09-28,2.9,45.4,No
REV01140,EMP00795,2025-H1,2025-03-23,2.0,35.5,No
REV01141,EMP00795,2025-H2,2025-10-09,2.2,46.4,No
REV01142,EMP00795,2026-H1,2026-04-23,1.9,30.8,No
REV01143,EMP00797,2024-H2,2024-07-04,3.2,58.7,No
REV01144,EMP00797,2025-H1,2025-01-13,3.6,73.4,No
REV01145,EMP00797,2025-H2,2025-08-07,3.0,54.5,No
REV01146,EMP00797,2026-H1,2026-01-31,2.5,48.1,No
REV01147,EMP00797,2026-H2,2026-07-16,3.5,72.6,No
REV01148,EMP00798,2025-H2,2025-08-28,3.4,53.9,No
REV01149,EMP00798,2026-H1,2026-03-06,3.6,58.0,No
REV01150,EMP00799,2024-H1,2024-01-02,3.3,50.0,No
REV01151,EMP00799,2024-H2,2024-08-14,3.4,61.7,No
REV01152,EMP00799,2025-H1,2025-02-25,3.5,65.9,No
REV01153,EMP00799,2025-H2,2025-09-11,3.8,59.4,No
REV01154,EMP00801,2025-H2,2025-10-31,3.3,64.2,No
REV01155,EMP00801,2026-H1,2026-05-06,3.6,66.6,No
REV01156,EMP00803,2023-H2,2023-11-27,3.6,63.3,No
REV01157,EMP00803,2024-H2,2024-07-19,2.9,40.8,No
REV01158,EMP00803,2025-H1,2025-01-27,3.5,67.5,No
REV01159,EMP00805,2024-H2,2024-11-20,2.8,48.0,No
REV01160,EMP00805,2025-H2,2025-07-05,2.3,31.5,No
REV01161,EMP00805,2026-H1,2026-01-25,2.4,52.6,No
REV01162,EMP00807,2024-H2,2024-10-23,2.9,46.5,No
REV01163,EMP00807,2025-H1,2025-06-03,2.7,42.3,No
REV01164,EMP00807,2025-H2,2025-12-09,3.5,76.5,No
REV01165,EMP00808,2024-H2,2024-10-22,2.7,41.7,No
REV01166,EMP00808,2025-H1,2025-06-06,2.8,47.2,No
REV01167,EMP00808,2026-H1,2026-01-12,2.9,46.3,No
REV01168,EMP00808,2026-H1,2026-06-27,3.3,63.0,No
REV01169,EMP00809,2023-H2,2023-07-17,3.5,65.0,No
REV01170,EMP00809,2024-H1,2024-02-05,3.3,56.7,No
REV01171,EMP00809,2024-H2,2024-08-05,3.4,79.6,No
REV01172,EMP00809,2025-H1,2025-02-12,3.7,81.2,No
REV01173,EMP00809,2025-H2,2025-09-30,3.4,81.3,No
REV01174,EMP00809,2026-H1,2026-05-13,3.0,48.8,No
REV01175,EMP00810,2025-H2,2025-10-28,2.5,33.7,No
REV01176,EMP00810,2026-H1,2026-06-14,3.8,72.0,No
REV01177,EMP00811,2026-H1,2026-01-28,1.6,30.0,No
REV01178,EMP00812,2023-H2,2023-11-15,4.0,70.7,No
REV01179,EMP00812,2024-H1,2024-06-08,3.1,50.7,No
REV01180,EMP00812,2024-H2,2024-12-21,3.6,35.3,No
REV01181,EMP00812,2025-H2,2025-08-12,3.2,51.1,No
REV01182,EMP00812,2026-H1,2026-03-02,3.3,63.9,No
REV01183,EMP00813,2026-H2,2026-07-17,2.3,53.4,No
REV01184,EMP00814,2025-H2,2025-09-28,3.0,48.3,No
REV01185,EMP00814,2026-H1,2026-03-14,3.9,57.2,No
REV01186,EMP00815,2025-H2,2025-12-11,3.5,56.5,No
REV01187,EMP00815,2026-H1,2026-06-06,3.1,56.1,No
REV01188,EMP00816,2025-H2,2025-09-01,3.3,50.8,No
REV01189,EMP00816,2026-H1,2026-04-02,3.3,49.8,No
REV01190,EMP00817,2025-H2,2025-07-12,3.7,69.3,No
REV01191,EMP00817,2026-H1,2026-02-09,3.2,66.3,No
REV01192,EMP00818,2026-H1,2026-01-12,3.3,66.1,No
REV01193,EMP00819,2024-H2,2024-08-18,3.5,67.6,No
REV01194,EMP00820,2024-H2,2024-09-19,4.5,69.8,No
REV01195,EMP00820,2025-H1,2025-04-24,5.0,87.7,No
REV01196,EMP00823,2025-H1,2025-06-16,3.1,52.6,No
REV01197,EMP00824,2025-H1,2025-02-18,3.4,60.4,No
REV01198,EMP00824,2025-H2,2025-08-02,3.9,69.3,No
REV01199,EMP00824,2026-H1,2026-01-19,3.3,64.3,No
REV01200,EMP00825,2026-H1,2026-04-05,3.5,78.4,No
REV01201,EMP00826,2025-H2,2025-08-04,2.1,30.0,No
REV01202,EMP00826,2026-H1,2026-03-20,2.0,43.5,No
REV01203,EMP00827,2023-H1,2023-06-12,3.0,52.8,No
REV01204,EMP00827,2024-H1,2024-02-01,2.7,57.1,No
REV01205,EMP00827,2024-H2,2024-08-04,3.0,52.2,No
REV01206,EMP00827,2025-H1,2025-03-21,4.0,72.9,No
REV01207,EMP00827,2025-H2,2025-09-18,2.7,48.9,No
REV01208,EMP00829,2026-H1,2026-06-21,3.1,58.9,No
REV01209,EMP00830,2026-H1,2026-04-29,5.0,100.0,Yes
REV01210,EMP00832,2024-H2,2024-11-27,4.8,96.0,Yes
REV01211,EMP00832,2025-H2,2025-07-11,3.3,51.9,No
REV01212,EMP00832,2026-H1,2026-01-10,3.1,60.7,No
REV01213,EMP00833,2024-H2,2024-12-08,3.7,68.5,No
REV01214,EMP00834,2026-H1,2026-04-04,3.9,71.4,No
REV01215,EMP00836,2024-H1,2024-04-16,3.2,58.3,No
REV01216,EMP00839,2026-H1,2026-04-01,3.4,71.1,No
REV01217,EMP00842,2024-H2,2024-12-22,3.1,52.8,No
REV01218,EMP00842,2025-H1,2025-06-07,3.7,54.1,No
REV01219,EMP00842,2025-H2,2025-12-27,3.2,46.5,No
REV01220,EMP00842,2026-H1,2026-06-17,2.9,53.6,No
REV01221,EMP00843,2026-H1,2026-06-15,4.4,69.0,Yes
REV01222,EMP00847,2026-H1,2026-04-12,3.8,62.6,No
REV01223,EMP00849,2025-H1,2025-03-16,3.7,72.0,No
REV01224,EMP00849,2025-H2,2025-10-12,3.7,78.3,No
REV01225,EMP00849,2026-H1,2026-04-17,3.7,51.2,No
REV01226,EMP00851,2023-H1,2023-04-09,3.9,67.5,No
REV01227,EMP00851,2023-H2,2023-10-24,4.6,81.4,No
REV01228,EMP00852,2024-H1,2024-02-17,3.5,61.4,No
REV01229,EMP00852,2024-H2,2024-08-20,3.1,56.5,No
REV01230,EMP00852,2025-H1,2025-02-22,3.4,52.6,No
REV01231,EMP00852,2025-H2,2025-09-03,3.7,75.7,No
REV01232,EMP00852,2026-H1,2026-04-13,3.4,62.9,No
REV01233,EMP00853,2024-H2,2024-11-24,3.3,43.9,No
REV01234,EMP00853,2025-H1,2025-06-16,3.5,47.0,No
REV01235,EMP00853,2025-H2,2025-12-05,3.6,58.2,No
REV01236,EMP00853,2026-H1,2026-05-31,3.1,50.5,No
REV01237,EMP00854,2023-H1,2023-06-20,2.9,39.6,No
REV01238,EMP00854,2023-H2,2023-12-12,3.1,50.8,No
REV01239,EMP00854,2024-H1,2024-06-22,3.7,62.4,No
REV01240,EMP00854,2025-H1,2025-01-11,3.9,86.9,No
REV01241,EMP00854,2025-H2,2025-07-24,3.0,46.9,No
REV01242,EMP00854,2026-H1,2026-03-09,3.6,63.9,No
REV01243,EMP00855,2024-H2,2024-09-27,3.5,64.6,No
REV01244,EMP00855,2025-H1,2025-05-05,3.7,58.5,No
REV01245,EMP00855,2025-H2,2025-11-07,3.4,57.0,No
REV01246,EMP00855,2026-H1,2026-05-03,3.4,52.5,No
REV01247,EMP00856,2026-H1,2026-01-20,3.5,64.2,No
REV01248,EMP00857,2025-H2,2025-08-09,3.2,49.0,No
REV01249,EMP00857,2026-H1,2026-03-07,3.5,74.6,No
REV01250,EMP00860,2025-H1,2025-05-07,3.2,48.9,No
REV01251,EMP00860,2025-H2,2025-12-09,3.1,56.3,No
REV01252,EMP00860,2026-H2,2026-07-20,3.7,67.9,No
REV01253,EMP00861,2025-H1,2025-01-18,3.3,56.8,No
REV01254,EMP00861,2025-H2,2025-08-23,4.6,90.9,Yes
REV01255,EMP00861,2026-H1,2026-03-22,4.7,80.7,Yes
REV01256,EMP00862,2025-H1,2025-06-25,3.3,57.8,No
REV01257,EMP00862,2025-H2,2025-12-09,3.2,54.3,No
REV01258,EMP00862,2026-H1,2026-05-30,3.4,52.9,No
REV01259,EMP00863,2026-H1,2026-02-27,2.8,42.8,No
REV01260,EMP00864,2025-H1,2025-02-17,3.5,60.9,No
REV01261,EMP00864,2025-H2,2025-08-28,3.1,52.6,No
REV01262,EMP00864,2026-H1,2026-03-27,2.9,47.5,No
REV01263,EMP00865,2026-H1,2026-03-05,4.7,72.6,Yes
REV01264,EMP00866,2025-H2,2025-08-24,3.3,43.1,No
REV01265,EMP00866,2026-H1,2026-03-24,4.1,78.3,No
REV01266,EMP00867,2025-H2,2025-12-06,4.3,81.3,Yes
REV01267,EMP00867,2026-H1,2026-06-10,4.3,76.3,Yes
REV01268,EMP00868,2025-H2,2025-09-26,4.4,66.8,No
REV01269,EMP00868,2026-H1,2026-05-12,4.7,87.9,No
REV01270,EMP00869,2025-H1,2025-03-29,4.3,77.3,Yes
REV01271,EMP00869,2025-H2,2025-10-06,4.2,70.6,No
REV01272,EMP00869,2026-H1,2026-04-17,4.0,74.6,No
REV01273,EMP00871,2026-H2,2026-07-23,3.1,65.7,No
REV01274,EMP00872,2024-H2,2024-07-12,3.5,52.4,No
REV01275,EMP00872,2025-H1,2025-01-11,4.3,74.7,No
REV01276,EMP00872,2025-H1,2025-06-27,4.1,68.3,No
REV01277,EMP00874,2025-H2,2025-11-01,4.4,83.2,No
REV01278,EMP00874,2026-H1,2026-05-24,4.7,81.1,No
REV01279,EMP00877,2025-H2,2025-08-03,2.4,33.2,No
REV01280,EMP00877,2026-H1,2026-02-06,2.2,47.8,No
REV01281,EMP00878,2023-H1,2023-05-25,3.9,61.7,No
REV01282,EMP00878,2024-H1,2024-01-09,4.6,86.0,Yes
REV01283,EMP00878,2024-H2,2024-08-03,4.4,73.9,No
REV01284,EMP00878,2025-H1,2025-02-21,4.8,82.3,No
REV01285,EMP00878,2025-H2,2025-10-14,4.4,75.1,Yes
REV01286,EMP00878,2026-H1,2026-03-27,4.4,72.1,No
REV01287,EMP00879,2025-H1,2025-01-31,3.4,56.8,No
REV01288,EMP00879,2025-H2,2025-07-21,3.3,50.5,No
REV01289,EMP00879,2026-H1,2026-01-26,4.2,70.6,No
REV01290,EMP00879,2026-H2,2026-07-21,3.4,68.0,No
REV01291,EMP00881,2026-H1,2026-03-24,3.0,,No
REV01292,EMP00883,2024-H2,2024-07-01,3.1,57.0,No
REV01293,EMP00883,2025-H1,2025-02-14,3.3,57.7,No
REV01294,EMP00883,2025-H2,2025-08-04,3.0,50.7,No
REV01295,EMP00883,2026-H1,2026-01-26,3.2,53.7,No
REV01296,EMP00886,2025-H2,2025-12-05,2.3,30.6,No
REV01297,EMP00886,2026-H1,2026-06-26,3.4,69.7,No
REV01298,EMP00887,2024-H2,2024-09-04,3.1,47.6,No
REV01299,EMP00888,2025-H1,2025-02-20,4.4,75.5,Yes
REV01300,EMP00888,2025-H2,2025-08-30,4.0,82.0,No
REV01301,EMP00888,2026-H1,2026-03-14,3.4,65.0,No
REV01302,EMP00889,2023-H1,2023-05-26,3.2,59.1,No
REV01303,EMP00891,2024-H1,2024-06-16,5.0,91.9,No
REV01304,EMP00891,2025-H1,2025-01-06,4.5,80.9,No
REV01305,EMP00891,2025-H2,2025-08-09,3.9,66.4,No
REV01306,EMP00892,2026-H1,2026-01-27,4.0,69.5,No
REV01307,EMP00894,2026-H1,2026-01-04,5.0,93.5,Yes
REV01308,EMP00894,2026-H2,2026-07-25,4.1,70.1,No
REV01309,EMP00895,2026-H1,2026-04-26,4.2,77.2,No
REV01310,EMP00897,2024-H2,2024-11-06,3.1,49.7,No
REV01311,EMP00897,2025-H1,2025-05-06,3.4,65.3,No
REV01312,EMP00897,2025-H2,2025-12-19,3.6,75.7,No
REV01313,EMP00897,2026-H2,2026-07-10,3.7,57.6,No
REV01314,EMP00898,2023-H1,2023-04-19,3.7,67.7,No
REV01315,EMP00898,2023-H2,2023-11-06,4.2,74.9,No
REV01316,EMP00898,2024-H1,2024-05-02,4.2,66.0,No
REV01317,EMP00898,2024-H2,2024-11-09,4.4,87.3,No
REV01318,EMP00898,2025-H1,2025-05-03,4.6,66.8,Yes
REV01319,EMP00898,2025-H2,2025-10-24,4.8,96.7,Yes
REV01320,EMP00898,2026-H1,2026-04-23,4.1,76.3,No
REV01321,EMP00899,2024-H2,2024-07-28,3.2,62.2,No
REV01322,EMP00899,2025-H1,2025-01-31,2.9,46.6,No
REV01323,EMP00902,2026-H1,2026-02-23,4.3,78.7,No
REV01324,EMP00903,2026-H1,2026-02-27,2.7,50.4,No
REV01325,EMP00904,2026-H1,2026-04-13,3.4,53.7,No
REV01326,EMP00907,2025-H2,2025-08-09,4.2,66.7,No
REV01327,EMP00907,2026-H1,2026-03-31,4.2,79.1,No
REV01328,EMP00908,2025-H1,2025-06-14,3.1,41.8,No
REV01329,EMP00908,2025-H2,2025-12-22,3.0,60.8,No
REV01330,EMP00909,2025-H2,2025-12-02,3.0,44.9,No
REV01331,EMP00909,2026-H1,2026-06-17,3.7,60.3,No
REV01332,EMP00910,2023-H2,2023-08-17,4.3,87.0,No
REV01333,EMP00910,2024-H1,2024-02-13,4.5,82.3,Yes
REV01334,EMP00910,2024-H2,2024-09-20,3.8,57.9,No
REV01335,EMP00910,2025-H1,2025-03-20,4.1,77.1,No
REV01336,EMP00910,2025-H2,2025-09-20,3.9,59.3,No
REV01337,EMP00910,2026-H1,2026-04-03,4.6,82.6,Yes
REV01338,EMP00912,2026-H1,2026-06-20,4.0,74.8,No
REV01339,EMP00914,2026-H1,2026-02-15,4.4,75.9,No
REV01340,EMP00915,2025-H1,2025-01-11,4.5,68.1,No
REV01341,EMP00915,2025-H2,2025-08-10,4.5,89.7,Yes
REV01342,EMP00915,2026-H1,2026-02-02,4.8,92.2,Yes
REV01343,EMP00917,2025-H1,2025-03-07,4.3,75.2,No
REV01344,EMP00917,2025-H2,2025-09-24,4.0,58.0,No
REV01345,EMP00917,2026-H1,2026-05-02,4.1,69.5,No
REV01346,EMP00918,2025-H1,2025-05-18,4.1,81.6,No
REV01347,EMP00918,2026-H1,2026-01-06,5.0,87.5,Yes
REV01348,EMP00919,2026-H1,2026-06-14,4.3,73.4,Yes
REV01349,EMP00920,2025-H1,2025-03-18,4.0,72.5,No
REV01350,EMP00920,2025-H2,2025-10-08,3.5,82.4,No
REV01351,EMP00920,2026-H1,2026-06-02,3.6,70.2,No
REV01352,EMP00921,2026-H1,2026-01-28,2.5,47.3,No
REV01353,EMP00922,2025-H2,2025-10-07,3.0,57.2,No
REV01354,EMP00922,2026-H1,2026-05-26,3.5,74.2,No
REV01355,EMP00923,2026-H1,2026-04-11,3.2,74.5,No
REV01356,EMP00925,2026-H1,2026-06-28,3.6,69.9,No
REV01357,EMP00926,2024-H2,2024-10-30,4.0,90.5,No
REV01358,EMP00926,2025-H1,2025-06-19,3.5,69.6,No
REV01359,EMP00926,2026-H1,2026-01-27,3.1,55.1,No
REV01360,EMP00926,2026-H2,2026-07-25,2.8,64.0,No
REV01361,EMP00927,2023-H1,2023-06-26,2.5,58.4,No
REV01362,EMP00928,2025-H1,2025-01-05,4.5,82.9,No
REV01363,EMP00928,2025-H1,2025-06-27,4.8,,No
REV01364,EMP00928,2026-H1,2026-01-10,3.9,60.8,No
REV01365,EMP00929,2026-H1,2026-02-19,4.5,69.8,No
REV01366,EMP00930,2023-H2,2023-09-19,3.1,41.4,No
REV01367,EMP00930,2024-H1,2024-04-20,3.3,,No
REV01368,EMP00930,2024-H2,2024-10-23,4.0,68.7,No
REV01369,EMP00930,2025-H1,2025-06-15,3.8,70.4,No
REV01370,EMP00930,2025-H2,2025-12-30,3.0,50.7,No
REV01371,EMP00931,2025-H2,2025-11-15,2.9,49.9,No
REV01372,EMP00931,2026-H1,2026-05-21,2.9,53.3,No
REV01373,EMP00932,2026-H1,2026-02-28,4.5,83.8,Yes
REV01374,EMP00933,2025-H1,2025-05-11,3.1,56.5,No
REV01375,EMP00933,2025-H2,2025-11-16,3.8,74.6,No
REV01376,EMP00933,2026-H1,2026-05-26,4.2,89.6,No
REV01377,EMP00934,2026-H2,2026-07-12,2.2,54.0,No
REV01378,EMP00935,2024-H1,2024-04-21,4.8,70.6,No
REV01379,EMP00935,2024-H2,2024-10-12,4.5,87.2,Yes
REV01380,EMP00935,2025-H1,2025-03-25,4.6,77.1,Yes
REV01381,EMP00935,2025-H2,2025-09-27,5.0,100.0,No
REV01382,EMP00935,2026-H1,2026-05-21,4.3,74.8,No
REV01383,EMP00937,2026-H1,2026-06-09,5.0,92.3,No
REV01384,EMP00938,2025-H2,2025-11-22,4.2,67.8,No
REV01385,EMP00939,2026-H1,2026-05-06,2.7,49.0,No
REV01386,EMP00941,2025-H1,2025-01-07,3.4,60.3,No
REV01387,EMP00941,2025-H1,2025-06-24,3.2,49.8,No
REV01388,EMP00941,2026-H1,2026-02-07,4.0,74.6,No
REV01389,EMP00944,2026-H1,2026-05-22,2.1,35.8,No
REV01390,EMP00945,2025-H1,2025-02-17,2.2,30.6,No
REV01391,EMP00946,2026-H1,2026-02-25,3.9,,No
REV01392,EMP00947,2025-H1,2025-06-07,2.6,59.7,No
REV01393,EMP00947,2026-H1,2026-01-16,2.5,48.7,No
REV01394,EMP00948,2024-H1,2024-02-21,3.5,56.2,No
REV01395,EMP00950,2024-H2,2024-07-07,3.4,56.7,No
REV01396,EMP00950,2025-H1,2025-01-31,3.1,75.3,No
REV01397,EMP00950,2025-H2,2025-08-23,2.8,58.2,No
REV01398,EMP00950,2026-H1,2026-02-11,2.8,44.4,No
REV01399,EMP00953,2024-H2,2024-10-13,4.1,74.1,No
REV01400,EMP00953,2025-H1,2025-03-27,4.0,80.9,No
REV01401,EMP00953,2025-H2,2025-10-18,4.5,78.8,No
REV01402,EMP00953,2026-H1,2026-04-28,4.1,71.6,No
REV01403,EMP00954,2025-H2,2025-12-18,2.7,46.2,No
REV01404,EMP00956,2026-H1,2026-06-13,3.7,47.9,No
REV01405,EMP00958,2026-H1,2026-04-13,3.5,71.0,No
REV01406,EMP00959,2026-H1,2026-05-02,2.8,38.0,No
REV01407,EMP00962,2025-H2,2025-11-17,5.0,97.9,Yes
REV01408,EMP00962,2026-H1,2026-06-23,3.7,58.8,No
REV01409,EMP00963,2024-H2,2024-11-10,3.7,70.9,No
REV01410,EMP00966,2023-H2,2023-07-30,2.7,39.6,No
REV01411,EMP00966,2024-H1,2024-03-03,2.5,30.0,No
REV01412,EMP00966,2024-H2,2024-09-01,1.3,30.0,No
REV01413,EMP00966,2025-H1,2025-03-25,2.5,57.9,No
REV01414,EMP00966,2025-H2,2025-11-01,2.3,30.0,No
REV01415,EMP00967,2026-H1,2026-05-22,5.0,93.9,Yes
REV01416,EMP00969,2024-H2,2024-09-10,3.0,62.0,No
REV01417,EMP00970,2026-H1,2026-01-27,4.0,,No
REV01418,EMP00972,2023-H2,2023-07-02,2.6,51.5,No
REV01419,EMP00972,2024-H1,2024-01-31,3.1,48.6,No
REV01420,EMP00972,2024-H2,2024-09-21,3.1,52.8,No
REV01421,EMP00972,2025-H1,2025-05-02,3.1,54.8,No
REV01422,EMP00972,2025-H2,2025-10-30,3.2,61.7,No
REV01423,EMP00972,2026-H1,2026-06-02,2.7,43.5,No
REV01424,EMP00973,2026-H1,2026-05-14,3.3,63.3,No
REV01425,EMP00974,2025-H1,2025-03-27,1.3,30.0,No
REV01426,EMP00974,2025-H2,2025-10-17,1.3,30.0,No
REV01427,EMP00978,2025-H2,2025-10-07,3.3,53.6,No
REV01428,EMP00978,2026-H1,2026-03-25,3.5,57.1,No
REV01429,EMP00983,2023-H2,2023-07-31,4.3,73.8,No
REV01430,EMP00983,2024-H1,2024-01-23,3.3,65.7,No
REV01431,EMP00983,2024-H2,2024-07-12,3.6,57.4,No
REV01432,EMP00983,2024-H2,2024-12-26,3.5,64.5,No
REV01433,EMP00983,2025-H1,2025-06-12,3.4,54.4,No
REV01434,EMP00983,2025-H2,2025-11-27,3.4,38.2,No
REV01435,EMP00983,2026-H2,2026-07-15,2.8,50.4,No
REV01436,EMP00985,2024-H2,2024-12-14,4.0,74.7,No
REV01437,EMP00985,2025-H1,2025-06-13,4.4,77.2,Yes
REV01438,EMP00985,2025-H2,2025-11-27,4.4,74.3,No
REV01439,EMP00985,2026-H1,2026-06-23,4.2,74.5,No
REV01440,EMP00986,2024-H1,2024-06-22,3.6,80.2,No
REV01441,EMP00987,2023-H2,2023-12-16,1.9,30.5,No
REV01442,EMP00987,2024-H2,2024-07-30,1.7,30.0,No
REV01443,EMP00987,2025-H1,2025-02-20,1.5,30.0,No
REV01444,EMP00988,2026-H1,2026-05-16,3.2,49.5,No
REV01445,EMP00989,2025-H1,2025-05-21,3.1,59.5,No
REV01446,EMP00989,2025-H2,2025-12-28,3.2,48.6,No
REV01447,EMP00990,2026-H1,2026-06-18,3.9,61.8,No
REV01448,EMP00991,2023-H2,2023-11-16,4.5,75.8,No
REV01449,EMP00991,2024-H1,2024-05-26,4.2,73.0,No
REV01450,EMP00991,2025-H1,2025-01-17,4.1,88.4,No
REV01451,EMP00991,2025-H2,2025-07-19,4.0,76.6,No
REV01452,EMP00991,2026-H1,2026-02-27,4.9,80.7,No
REV01453,EMP00993,2025-H2,2025-12-03,3.3,59.8,No
REV01454,EMP00993,2026-H2,2026-07-27,3.6,63.5,No
REV01455,EMP00995,2025-H1,2025-04-04,2.8,47.4,No
REV01456,EMP00995,2025-H2,2025-09-18,1.8,43.1,No
REV01457,EMP00995,2026-H1,2026-03-20,2.6,65.6,No
REV01458,EMP00996,2026-H1,2026-03-19,3.0,68.0,No
REV01459,EMP00998,2026-H1,2026-03-20,3.5,76.8,No
REV01460,EMP00999,2024-H2,2024-12-14,3.4,62.6,No
REV01461,EMP01000,2023-H1,2023-05-29,4.4,94.9,Yes
REV01462,EMP01002,2023-H1,2023-05-21,3.5,56.6,No
REV01463,EMP01004,2025-H2,2025-11-30,3.7,66.8,No
REV01464,EMP01004,2026-H2,2026-07-15,4.6,83.6,Yes
REV01465,EMP01008,2025-H1,2025-05-16,4.3,84.2,Yes
REV01466,EMP01008,2025-H2,2025-10-28,3.1,52.3,No
REV01467,EMP01009,2026-H2,2026-07-10,4.1,73.6,No
REV01468,EMP01011,2025-H2,2025-10-01,3.5,55.7,No
REV01469,EMP01011,2026-H1,2026-04-01,3.5,53.7,No
REV01470,EMP01015,2026-H2,2026-07-03,3.1,51.7,No
REV01471,EMP01016,2025-H2,2025-08-20,2.6,47.9,No
REV01472,EMP01016,2026-H1,2026-03-07,3.4,62.8,No
REV01473,EMP01017,2025-H2,2025-08-12,2.5,50.7,No
REV01474,EMP01017,2026-H1,2026-03-24,3.2,60.7,No
REV01475,EMP01018,2026-H1,2026-06-13,3.4,66.8,No
REV01476,EMP01019,2024-H2,2024-12-09,4.1,81.2,No
REV01477,EMP01019,2025-H1,2025-05-27,2.6,,No
REV01478,EMP01020,2024-H1,2024-05-14,3.5,52.8,No
REV01479,EMP01020,2024-H2,2024-11-05,3.2,56.2,No
REV01480,EMP01020,2025-H1,2025-06-17,3.4,55.4,No
REV01481,EMP01020,2026-H1,2026-01-24,3.0,49.6,No
REV01482,EMP01021,2025-H1,2025-05-19,2.9,58.7,No
REV01483,EMP01021,2025-H2,2025-12-06,3.3,49.7,No
REV01484,EMP01022,2025-H1,2025-03-20,3.0,62.5,No
REV01485,EMP01022,2025-H2,2025-10-20,3.6,61.7,No
REV01486,EMP01022,2026-H1,2026-04-28,3.5,67.2,No
REV01487,EMP01025,2023-H2,2023-08-26,1.7,30.0,No
REV01488,EMP01029,2025-H1,2025-06-06,3.3,,No
REV01489,EMP01029,2025-H2,2025-12-02,2.7,40.5,No
REV01490,EMP01029,2026-H2,2026-07-24,3.1,54.5,No
REV01491,EMP01030,2026-H1,2026-05-28,4.2,72.9,No
REV01492,EMP01031,2024-H2,2024-11-19,2.9,40.1,No
REV01493,EMP01034,2024-H1,2024-02-01,3.0,60.3,No
REV01494,EMP01034,2024-H2,2024-07-30,3.1,45.0,No
REV01495,EMP01034,2025-H1,2025-02-18,3.3,55.2,No
REV01496,EMP01034,2025-H2,2025-09-30,3.6,62.4,No
REV01497,EMP01034,2026-H1,2026-05-17,3.3,,No
REV01498,EMP01035,2025-H2,2025-08-17,3.6,60.8,No
REV01499,EMP01035,2026-H1,2026-04-10,2.7,48.3,No
REV01500,EMP01038,2025-H2,2025-10-16,3.3,58.6,No
REV01501,EMP01038,2026-H1,2026-04-23,2.9,51.4,No
REV01502,EMP01039,2026-H1,2026-02-07,3.2,49.7,No
REV01503,EMP01040,2024-H2,2024-08-12,2.0,61.9,No
REV01504,EMP01040,2025-H1,2025-03-24,2.3,38.6,No
REV01505,EMP01040,2025-H2,2025-11-07,1.9,42.4,No
REV01506,EMP01040,2026-H1,2026-05-02,1.4,30.0,No
REV01507,EMP01042,2024-H2,2024-12-10,2.0,30.0,No
REV01508,EMP01042,2025-H1,2025-06-01,2.2,42.7,No
REV01509,EMP01042,2025-H2,2025-11-22,1.8,30.0,No
REV01510,EMP01042,2026-H1,2026-05-29,1.9,38.2,No
REV01511,EMP01045,2026-H1,2026-02-11,3.7,,No
REV01512,EMP01046,2025-H2,2025-11-13,3.0,52.5,No
REV01513,EMP01046,2026-H1,2026-05-23,3.6,67.3,No
REV01514,EMP01047,2024-H2,2024-12-25,2.2,36.4,No
REV01515,EMP01047,2025-H2,2025-07-04,2.1,30.0,No
REV01516,EMP01048,2024-H2,2024-09-03,3.7,57.9,No
REV01517,EMP01048,2025-H1,2025-04-02,4.3,80.5,Yes
REV01518,EMP01048,2025-H2,2025-09-14,3.8,90.0,No
REV01519,EMP01049,2024-H2,2024-11-19,4.0,70.7,No
REV01520,EMP01049,2025-H1,2025-06-11,4.0,73.6,No
REV01521,EMP01049,2025-H2,2025-12-05,2.8,49.9,No
REV01522,EMP01049,2026-H1,2026-06-26,2.9,54.3,No
REV01523,EMP01050,2024-H2,2024-10-16,3.4,52.1,No
REV01524,EMP01050,2025-H1,2025-04-12,3.7,57.8,No
REV01525,EMP01052,2025-H1,2025-05-24,3.6,63.0,No
REV01526,EMP01053,2023-H2,2023-09-22,3.5,51.8,No
REV01527,EMP01053,2024-H1,2024-04-22,3.3,67.6,No
REV01528,EMP01059,2025-H2,2025-07-12,2.8,65.5,No
REV01529,EMP01059,2026-H1,2026-02-28,2.9,44.8,No
REV01530,EMP01060,2026-H2,2026-07-19,3.0,30.8,No
REV01531,EMP01061,2026-H1,2026-05-05,1.9,35.7,No
REV01532,EMP01062,2024-H2,2024-08-03,4.3,83.5,Yes
REV01533,EMP01062,2025-H1,2025-01-21,4.7,77.7,Yes
REV01534,EMP01062,2025-H2,2025-09-02,4.2,86.6,Yes
REV01535,EMP01062,2026-H1,2026-03-29,4.4,81.7,Yes
REV01536,EMP01064,2024-H2,2024-12-22,3.8,53.5,No
REV01537,EMP01064,2025-H2,2025-07-18,4.1,62.7,No
REV01538,EMP01064,2026-H1,2026-01-25,3.9,77.6,No
REV01539,EMP01066,2025-H2,2025-12-20,3.7,77.7,No
REV01540,EMP01066,2026-H1,2026-06-29,3.7,64.0,No
REV01541,EMP01067,2026-H1,2026-02-04,4.3,77.1,Yes
REV01542,EMP01068,2026-H1,2026-01-24,4.9,86.1,Yes
REV01543,EMP01069,2024-H1,2024-02-28,5.0,82.9,Yes
REV01544,EMP01069,2024-H2,2024-10-02,4.6,83.0,Yes
REV01545,EMP01071,2025-H1,2025-02-10,3.4,66.7,No
REV01546,EMP01071,2025-H2,2025-09-12,3.6,70.7,No
REV01547,EMP01071,2026-H1,2026-04-30,2.6,57.1,No
REV01548,EMP01072,2024-H1,2024-06-01,2.4,48.7,No
REV01549,EMP01072,2024-H2,2024-12-27,2.3,37.9,No
REV01550,EMP01072,2025-H2,2025-07-27,2.1,30.0,No
REV01551,EMP01077,2026-H1,2026-04-15,4.0,69.2,No
REV01552,EMP01078,2025-H2,2025-12-08,3.1,52.0,No
REV01553,EMP01078,2026-H2,2026-07-23,3.3,59.4,No
REV01554,EMP01079,2024-H1,2024-02-21,3.2,60.9,No
REV01555,EMP01080,2025-H2,2025-08-09,4.2,66.0,No
REV01556,EMP01081,2025-H1,2025-06-11,2.6,53.8,No
REV01557,EMP01081,2026-H1,2026-01-24,3.1,48.6,No
REV01558,EMP01081,2026-H2,2026-07-20,2.9,53.7,No
REV01559,EMP01082,2025-H1,2025-01-14,3.1,57.4,No
REV01560,EMP01082,2025-H2,2025-08-21,3.4,53.6,No
REV01561,EMP01083,2026-H1,2026-06-26,3.1,49.5,No
REV01562,EMP01084,2025-H2,2025-11-25,3.2,77.1,No
REV01563,EMP01084,2026-H1,2026-06-19,3.6,61.4,No
REV01564,EMP01085,2024-H1,2024-01-23,4.5,83.2,No
REV01565,EMP01085,2024-H2,2024-08-12,4.2,74.7,No
REV01566,EMP01085,2025-H1,2025-03-12,3.9,63.1,No
REV01567,EMP01085,2025-H2,2025-08-27,5.0,78.7,No
REV01568,EMP01085,2026-H1,2026-04-13,4.0,73.9,No
REV01569,EMP01086,2024-H2,2024-11-20,3.1,46.6,No
REV01570,EMP01086,2025-H1,2025-06-16,3.1,,No
REV01571,EMP01086,2025-H2,2025-12-01,3.9,79.8,No
REV01572,EMP01086,2026-H1,2026-05-21,3.5,73.3,No
REV01573,EMP01088,2023-H2,2023-12-27,3.4,84.6,No
REV01574,EMP01088,2024-H1,2024-06-12,3.3,73.9,No
REV01575,EMP01088,2024-H2,2024-12-06,3.8,76.4,No
REV01576,EMP01088,2025-H1,2025-06-04,3.2,69.2,No
REV01577,EMP01088,2025-H2,2025-11-29,3.7,80.5,No
REV01578,EMP01090,2025-H2,2025-11-22,3.2,66.1,No
REV01579,EMP01090,2026-H2,2026-07-05,3.3,62.2,No
REV01580,EMP01091,2025-H2,2025-10-06,3.3,44.1,No
REV01581,EMP01091,2026-H1,2026-05-17,3.7,71.3,No
REV01582,EMP01094,2025-H1,2025-05-29,3.8,72.4,No
REV01583,EMP01094,2026-H1,2026-01-13,3.6,64.7,No
REV01584,EMP01094,2026-H2,2026-07-12,2.7,49.3,No
REV01585,EMP01095,2026-H1,2026-04-05,3.1,53.2,No
REV01586,EMP01096,2026-H1,2026-01-05,2.7,66.1,No
REV01587,EMP01096,2026-H2,2026-07-02,3.0,42.5,No
REV01588,EMP01097,2025-H1,2025-02-02,3.8,60.9,No
REV01589,EMP01100,2026-H1,2026-04-01,3.4,59.8,No
REV01590,EMP01103,2026-H1,2026-05-21,3.1,47.7,No
REV01591,EMP01105,2026-H1,2026-05-30,3.4,53.8,No
REV01592,EMP01106,2026-H1,2026-05-11,3.7,65.6,No
REV01593,EMP01108,2026-H2,2026-07-19,3.0,43.1,No
REV01594,EMP01112,2023-H1,2023-06-15,3.9,84.7,No
REV01595,EMP01112,2024-H1,2024-01-29,3.4,62.5,No
REV01596,EMP01112,2024-H2,2024-08-21,3.8,73.2,No
REV01597,EMP01112,2025-H1,2025-02-08,3.0,48.9,No
REV01598,EMP01112,2025-H2,2025-08-28,3.1,60.8,No
REV01599,EMP01112,2026-H1,2026-04-03,3.6,63.9,No
REV01600,EMP01114,2024-H1,2024-06-29,2.0,41.3,No
REV01601,EMP01114,2025-H1,2025-01-25,2.3,36.3,No
REV01602,EMP01114,2025-H2,2025-09-18,2.3,51.8,No
REV01603,EMP01114,2026-H1,2026-04-03,1.7,30.0,No
REV01604,EMP01116,2026-H2,2026-07-18,3.3,63.3,No
REV01605,EMP01117,2024-H2,2024-08-17,4.0,80.3,No
REV01606,EMP01117,2025-H1,2025-01-29,3.1,61.7,No
REV01607,EMP01117,2025-H2,2025-08-16,2.8,44.3,No
REV01608,EMP01121,2023-H1,2023-03-03,3.5,66.2,No
REV01609,EMP01121,2023-H2,2023-10-24,3.6,57.6,No
REV01610,EMP01121,2024-H1,2024-05-13,3.7,53.7,No
REV01611,EMP01121,2024-H2,2024-12-03,2.9,44.7,No
REV01612,EMP01121,2025-H1,2025-06-21,2.5,43.7,No
REV01613,EMP01122,2025-H1,2025-03-17,1.9,38.7,No
REV01614,EMP01122,2025-H2,2025-09-11,1.3,30.0,No
REV01615,EMP01122,2026-H1,2026-03-31,1.3,30.0,No
REV01616,EMP01123,2026-H1,2026-03-21,3.4,63.9,No
REV01617,EMP01125,2026-H1,2026-03-13,4.4,73.7,Yes
REV01618,EMP01126,2025-H1,2025-01-04,4.0,74.3,No
REV01619,EMP01126,2025-H2,2025-08-06,3.8,62.5,No
REV01620,EMP01126,2026-H1,2026-03-20,3.6,71.2,No
REV01621,EMP01127,2026-H1,2026-03-02,3.3,63.7,No
REV01622,EMP01128,2025-H2,2025-12-03,3.8,72.9,No
REV01623,EMP01128,2026-H2,2026-07-24,3.7,70.8,No
REV01624,EMP01130,2024-H1,2024-04-12,3.7,66.8,No
REV01625,EMP01130,2024-H2,2024-10-31,4.2,71.5,No
REV01626,EMP01130,2025-H1,2025-05-16,3.1,47.0,No
REV01627,EMP01130,2025-H2,2025-11-16,3.9,57.3,No
REV01628,EMP01130,2026-H1,2026-06-13,3.2,56.6,No
REV01629,EMP01131,2026-H2,2026-07-19,3.3,69.1,No
REV01630,EMP01134,2025-H1,2025-05-25,3.8,65.7,No
REV01631,EMP01134,2025-H2,2025-12-18,3.2,52.3,No
REV01632,EMP01135,2026-H1,2026-03-28,2.6,49.5,No
REV01633,EMP01137,2024-H1,2024-04-10,2.6,39.6,No
REV01634,EMP01137,2024-H2,2024-10-02,2.2,30.0,No
REV01635,EMP01137,2025-H1,2025-04-02,2.1,36.9,No
REV01636,EMP01137,2025-H2,2025-10-08,2.5,30.9,No
REV01637,EMP01139,2026-H1,2026-05-05,4.4,74.7,No
REV01638,EMP01140,2023-H2,2023-11-24,2.5,52.2,No
REV01639,EMP01140,2024-H1,2024-06-10,2.9,44.7,No
REV01640,EMP01140,2025-H1,2025-01-15,3.1,44.9,No
REV01641,EMP01141,2025-H1,2025-03-28,3.6,53.4,No
REV01642,EMP01141,2025-H2,2025-09-12,3.4,72.6,No
REV01643,EMP01141,2026-H1,2026-04-25,3.6,56.8,No
REV01644,EMP01142,2026-H1,2026-05-15,4.3,76.6,No
REV01645,EMP01145,2025-H1,2025-05-28,3.4,62.0,No
REV01646,EMP01145,2025-H2,2025-12-01,3.2,44.5,No
REV01647,EMP01145,2026-H1,2026-06-05,3.1,45.2,No
REV01648,EMP01146,2026-H1,2026-03-11,2.8,45.7,No
REV01649,EMP01147,2023-H2,2023-08-20,3.4,54.4,No
REV01650,EMP01147,2024-H1,2024-03-06,3.2,52.1,No
REV01651,EMP01147,2024-H2,2024-10-06,3.2,50.6,No
REV01652,EMP01147,2025-H1,2025-04-20,3.3,,No
REV01653,EMP01147,2025-H2,2025-11-20,2.6,46.2,No
REV01654,EMP01147,2026-H1,2026-05-11,3.3,59.4,No
REV01655,EMP01152,2024-H1,2024-06-14,1.6,30.0,No
REV01656,EMP01153,2026-H2,2026-07-22,3.7,62.7,No
REV01657,EMP01154,2023-H1,2023-05-11,4.3,75.6,Yes
REV01658,EMP01154,2023-H2,2023-12-17,4.4,83.8,No
REV01659,EMP01154,2024-H2,2024-07-05,3.3,87.3,No
REV01660,EMP01154,2025-H1,2025-01-22,3.1,68.6,No
REV01661,EMP01154,2025-H2,2025-07-05,3.5,64.1,No
REV01662,EMP01154,2026-H1,2026-01-04,3.2,68.7,No
REV01663,EMP01155,2023-H1,2023-05-06,3.4,64.2,No
REV01664,EMP01155,2023-H2,2023-12-21,3.8,65.6,No
REV01665,EMP01155,2024-H2,2024-08-03,3.2,54.7,No
REV01666,EMP01155,2025-H1,2025-03-16,4.2,80.8,No
REV01667,EMP01155,2025-H2,2025-10-26,3.1,53.6,No
REV01668,EMP01155,2026-H1,2026-06-10,2.9,43.5,No
REV01669,EMP01157,2025-H2,2025-11-27,3.5,58.6,No
REV01670,EMP01157,2026-H1,2026-05-14,3.3,51.4,No
REV01671,EMP01158,2026-H2,2026-07-06,3.5,57.4,No
REV01672,EMP01159,2026-H1,2026-05-11,4.3,95.2,No
REV01673,EMP01161,2025-H1,2025-02-03,4.2,70.3,No
REV01674,EMP01161,2025-H2,2025-07-27,4.8,61.7,No
REV01675,EMP01161,2026-H1,2026-02-26,3.4,62.3,No
REV01676,EMP01163,2025-H2,2025-08-24,2.3,52.7,No
REV01677,EMP01163,2026-H1,2026-03-05,1.9,55.4,No
REV01678,EMP01164,2025-H2,2025-09-04,4.6,79.5,No
REV01679,EMP01164,2026-H1,2026-02-16,3.8,58.7,No
REV01680,EMP01165,2024-H2,2024-08-04,3.2,71.9,No
REV01681,EMP01167,2026-H1,2026-05-29,3.0,37.9,No
REV01682,EMP01168,2024-H2,2024-11-07,4.7,83.2,Yes
REV01683,EMP01168,2025-H1,2025-06-18,3.6,66.2,No
REV01684,EMP01168,2026-H1,2026-01-07,4.2,75.6,No
REV01685,EMP01169,2024-H1,2024-01-15,2.3,37.3,No
REV01686,EMP01169,2024-H2,2024-09-08,2.2,47.7,No
REV01687,EMP01169,2025-H1,2025-04-13,1.1,30.0,No
REV01688,EMP01169,2025-H2,2025-11-14,1.7,30.0,No
REV01689,EMP01169,2026-H1,2026-05-28,2.2,58.2,No
REV01690,EMP01171,2026-H1,2026-04-13,4.0,61.7,No
REV01691,EMP01172,2025-H1,2025-02-25,4.2,83.3,No
REV01692,EMP01174,2024-H2,2024-08-20,3.0,51.0,No
REV01693,EMP01174,2025-H1,2025-02-19,3.9,60.7,No
REV01694,EMP01177,2025-H2,2025-08-17,3.2,62.2,No
REV01695,EMP01177,2026-H1,2026-02-07,2.4,34.8,No
REV01696,EMP01177,2026-H2,2026-07-27,3.7,74.6,No
REV01697,EMP01178,2026-H1,2026-03-23,2.9,63.7,No
REV01698,EMP01179,2025-H2,2025-07-05,2.8,56.9,No
REV01699,EMP01179,2026-H1,2026-01-05,3.2,61.5,No
REV01700,EMP01180,2025-H1,2025-02-03,3.8,81.5,No
REV01701,EMP01180,2025-H2,2025-07-31,3.3,55.0,No
REV01702,EMP01180,2026-H1,2026-03-24,3.4,49.5,No
REV01703,EMP01185,2024-H2,2024-10-31,3.3,32.0,No
REV01704,EMP01186,2023-H1,2023-06-13,3.1,63.7,No
REV01705,EMP01186,2024-H1,2024-01-29,4.1,73.0,No
REV01706,EMP01186,2024-H2,2024-07-19,3.2,56.8,No
REV01707,EMP01186,2025-H1,2025-01-28,3.7,72.2,No
REV01708,EMP01186,2025-H2,2025-08-15,2.8,38.2,No
REV01709,EMP01186,2026-H1,2026-03-04,3.1,38.7,No
REV01710,EMP01187,2026-H1,2026-04-22,3.9,65.5,No
REV01711,EMP01188,2025-H1,2025-06-21,3.2,58.1,No
REV01712,EMP01190,2025-H2,2025-10-22,2.3,30.0,No
REV01713,EMP01190,2026-H1,2026-04-24,1.7,30.0,No
REV01714,EMP01192,2024-H2,2024-10-02,3.0,59.6,No
REV01715,EMP01192,2025-H1,2025-04-29,3.3,77.9,No
REV01716,EMP01192,2025-H2,2025-12-22,3.7,63.5,No
REV01717,EMP01192,2026-H1,2026-06-17,2.9,49.6,No
REV01718,EMP01195,2026-H2,2026-07-14,3.0,71.1,No
REV01719,EMP01197,2026-H2,2026-07-27,3.4,65.6,No
REV01720,EMP01198,2026-H1,2026-03-18,2.9,39.9,No
REV01721,EMP01199,2024-H1,2024-06-20,2.8,44.8,No
REV01722,EMP01199,2025-H1,2025-02-12,3.5,65.7,No
REV01723,EMP01199,2025-H2,2025-10-02,2.9,56.3,No
REV01724,EMP01199,2026-H1,2026-05-10,3.5,65.4,No
REV01725,EMP01200,2023-H2,2023-07-15,4.2,70.1,No
REV01726,EMP01200,2024-H1,2024-02-12,4.4,78.9,Yes
REV01727,EMP01200,2024-H2,2024-10-05,4.3,74.9,Yes
REV01728,EMP01200,2025-H1,2025-04-29,4.4,70.8,Yes
REV01729,EMP01200,2025-H2,2025-11-02,4.7,74.5,Yes
REV01730,EMP01200,2026-H1,2026-06-14,3.3,46.6,No
REV01731,EMP01202,2026-H1,2026-03-22,2.4,41.7,No
REV01732,EMP01204,2025-H2,2025-10-10,2.3,35.5,No
REV01733,EMP01204,2026-H1,2026-04-03,2.2,30.2,No
REV01734,EMP01205,2024-H1,2024-06-06,4.2,61.8,Yes
REV01735,EMP01205,2024-H2,2024-12-13,3.2,46.4,No
REV01736,EMP01205,2025-H2,2025-08-06,3.9,59.5,No
REV01737,EMP01205,2026-H1,2026-03-05,3.6,71.9,No
REV01738,EMP01207,2026-H1,2026-05-20,3.6,61.7,No
REV01739,EMP01208,2025-H2,2025-08-02,3.2,52.9,No
REV01740,EMP01208,2026-H1,2026-02-03,3.4,68.9,No
REV01741,EMP01210,2025-H2,2025-11-22,3.1,54.0,No
REV01742,EMP01210,2026-H1,2026-05-11,2.8,48.0,No
REV01743,EMP01211,2023-H2,2023-10-28,4.7,76.8,Yes
REV01744,EMP01211,2024-H1,2024-05-12,4.1,79.6,No
REV01745,EMP01211,2024-H2,2024-11-15,4.4,86.2,No
REV01746,EMP01211,2025-H1,2025-05-19,5.0,100.0,No
REV01747,EMP01211,2025-H2,2025-11-22,4.7,84.6,Yes
REV01748,EMP01211,2026-H2,2026-07-10,4.7,89.9,Yes
REV01749,EMP01212,2026-H1,2026-01-01,3.8,73.0,No
REV01750,EMP01212,2026-H2,2026-07-01,3.1,58.0,No
REV01751,EMP01213,2025-H1,2025-02-11,3.2,,No
REV01752,EMP01216,2025-H2,2025-09-09,3.2,50.0,No
REV01753,EMP01216,2026-H1,2026-03-23,3.2,41.6,No
REV01754,EMP01217,2023-H1,2023-04-04,3.6,75.8,No
REV01755,EMP01217,2023-H2,2023-11-27,2.5,51.1,No
REV01756,EMP01217,2024-H1,2024-06-25,3.0,40.4,No
REV01757,EMP01217,2025-H1,2025-01-08,2.9,41.7,No
REV01758,EMP01218,2023-H2,2023-12-18,2.0,30.0,No
REV01759,EMP01218,2024-H1,2024-06-12,1.6,39.3,No
REV01760,EMP01219,2025-H2,2025-07-30,2.2,37.4,No
REV01761,EMP01219,2026-H1,2026-03-21,1.6,30.0,No
REV01762,EMP01220,2025-H2,2025-10-16,3.0,55.7,No
REV01763,EMP01221,2026-H1,2026-02-01,3.9,69.8,No
REV01764,EMP01222,2025-H1,2025-03-29,3.1,,No
REV01765,EMP01222,2025-H2,2025-09-30,3.3,66.2,No
REV01766,EMP01222,2026-H1,2026-04-28,3.8,66.3,No
REV01767,EMP01226,2023-H2,2023-08-26,3.5,79.7,No
REV01768,EMP01226,2024-H1,2024-03-04,3.5,54.7,No
REV01769,EMP01226,2024-H2,2024-08-20,3.4,63.4,No
REV01770,EMP01226,2025-H1,2025-04-12,3.8,71.6,No
REV01771,EMP01226,2025-H2,2025-10-06,4.4,79.7,Yes
REV01772,EMP01228,2024-H1,2024-04-25,4.1,67.0,No
REV01773,EMP01228,2024-H2,2024-12-13,3.5,71.1,No
REV01774,EMP01229,2024-H2,2024-12-18,4.3,69.7,No
REV01775,EMP01229,2025-H2,2025-07-24,3.1,48.8,No
REV01776,EMP01229,2026-H1,2026-01-22,3.1,51.3,No
REV01777,EMP01232,2025-H2,2025-11-19,3.8,63.5,No
REV01778,EMP01232,2026-H1,2026-06-11,3.2,46.5,No
REV01779,EMP01233,2026-H1,2026-03-09,2.2,39.9,No
REV01780,EMP01234,2026-H1,2026-05-29,3.8,75.6,No
REV01781,EMP01235,2026-H1,2026-01-03,3.4,66.9,No
REV01782,EMP01235,2026-H2,2026-07-09,3.6,66.9,No
REV01783,EMP01237,2025-H1,2025-04-05,3.5,61.3,No
REV01784,EMP01237,2025-H2,2025-10-04,3.7,53.7,No
REV01785,EMP01237,2026-H1,2026-04-02,5.0,79.9,Yes
REV01786,EMP01238,2025-H2,2025-11-02,3.7,54.0,No
REV01787,EMP01238,2026-H1,2026-05-06,3.7,49.2,No
REV01788,EMP01240,2025-H1,2025-05-20,2.4,48.1,No
REV01789,EMP01240,2025-H2,2025-12-08,2.1,32.3,No
REV01790,EMP01240,2026-H1,2026-06-26,1.7,30.0,No
REV01791,EMP01242,2024-H1,2024-01-19,3.2,69.1,No
REV01792,EMP01242,2024-H2,2024-09-09,3.0,48.9,No
REV01793,EMP01242,2025-H1,2025-04-06,3.4,67.2,No
REV01794,EMP01242,2025-H2,2025-11-05,3.5,71.9,No
REV01795,EMP01242,2026-H1,2026-06-13,3.2,60.3,No
REV01796,EMP01243,2025-H2,2025-07-03,3.2,43.5,No
REV01797,EMP01243,2026-H1,2026-02-21,3.4,57.7,No
REV01798,EMP01244,2024-H2,2024-07-11,4.4,76.3,Yes
REV01799,EMP01244,2025-H1,2025-02-20,4.6,93.1,No
REV01800,EMP01244,2025-H2,2025-08-10,4.5,90.3,Yes
REV01801,EMP01244,2026-H1,2026-03-03,4.8,93.3,Yes
REV01802,EMP01245,2026-H1,2026-01-20,3.2,52.5,No
REV01803,EMP01245,2026-H2,2026-07-15,2.3,52.9,No
REV01804,EMP01246,2026-H1,2026-05-14,2.9,58.2,No
REV01805,EMP01248,2024-H2,2024-10-11,3.6,68.9,No
REV01806,EMP01248,2025-H1,2025-05-15,2.8,56.0,No
REV01807,EMP01248,2025-H2,2025-12-01,3.0,58.3,No
REV01808,EMP01248,2026-H1,2026-06-18,3.3,51.8,No
REV01809,EMP01249,2024-H2,2024-09-20,3.5,81.6,No
REV01810,EMP01249,2025-H1,2025-04-15,4.0,76.9,No
REV01811,EMP01249,2025-H2,2025-11-04,4.2,58.8,No
REV01812,EMP01249,2026-H1,2026-05-30,4.4,82.4,Yes
REV01813,EMP01250,2024-H1,2024-04-20,4.9,90.2,No
REV01814,EMP01250,2024-H2,2024-10-08,4.7,100.0,No
REV01815,EMP01250,2025-H1,2025-04-02,4.2,91.8,No
REV01816,EMP01250,2025-H2,2025-10-11,4.5,85.9,No
REV01817,EMP01250,2026-H1,2026-03-31,4.1,73.5,No
REV01818,EMP01253,2023-H1,2023-06-07,3.4,78.8,No
REV01819,EMP01253,2024-H1,2024-01-09,4.1,88.8,No
REV01820,EMP01253,2024-H2,2024-07-29,3.0,37.0,No
REV01821,EMP01253,2025-H1,2025-01-17,3.5,74.4,No
REV01822,EMP01253,2025-H2,2025-08-11,2.7,46.8,No
REV01823,EMP01253,2026-H1,2026-02-19,3.7,68.3,No
REV01824,EMP01255,2023-H2,2023-09-03,4.8,88.8,No
REV01825,EMP01256,2025-H2,2025-12-16,3.8,61.9,No
REV01826,EMP01256,2026-H1,2026-06-01,3.5,54.2,No
REV01827,EMP01257,2026-H1,2026-05-25,3.1,64.0,No
REV01828,EMP01259,2026-H1,2026-06-09,1.5,30.0,No
REV01829,EMP01261,2025-H1,2025-05-27,1.8,30.0,No
REV01830,EMP01263,2024-H1,2024-01-04,4.3,90.9,No
REV01831,EMP01263,2024-H2,2024-08-20,4.4,82.8,No
REV01832,EMP01263,2025-H1,2025-03-22,3.7,75.1,No
REV01833,EMP01263,2025-H2,2025-11-01,4.8,69.8,No
REV01834,EMP01263,2026-H1,2026-05-08,3.8,69.2,No
REV01835,EMP01265,2025-H2,2025-12-18,3.9,74.2,No
REV01836,EMP01267,2025-H2,2025-09-24,3.4,51.0,No
REV01837,EMP01268,2026-H1,2026-03-17,4.2,86.7,No
REV01838,EMP01269,2025-H2,2025-12-11,3.5,51.5,No
REV01839,EMP01269,2026-H2,2026-07-12,4.0,72.4,No
REV01840,EMP01271,2024-H1,2024-01-18,3.7,63.1,No
REV01841,EMP01272,2023-H2,2023-10-05,2.6,49.6,No
REV01842,EMP01272,2024-H1,2024-05-10,3.5,78.4,No
REV01843,EMP01272,2024-H2,2024-12-17,3.3,50.4,No
REV01844,EMP01273,2025-H1,2025-01-21,3.9,73.6,No
REV01845,EMP01273,2025-H2,2025-07-15,3.9,57.1,No
REV01846,EMP01273,2026-H1,2026-02-01,3.9,90.3,No
REV01847,EMP01273,2026-H2,2026-07-19,4.1,72.4,No
REV01848,EMP01274,2024-H2,2024-08-26,1.7,39.7,No
REV01849,EMP01274,2025-H1,2025-03-16,1.0,30.0,No
REV01850,EMP01276,2024-H2,2024-11-04,3.6,70.2,No
REV01851,EMP01276,2025-H1,2025-05-31,4.5,84.3,No
REV01852,EMP01276,2025-H2,2025-12-09,3.3,61.0,No
REV01853,EMP01276,2026-H2,2026-07-03,3.9,63.0,No
REV01854,EMP01278,2025-H1,2025-05-02,4.3,79.5,Yes
REV01855,EMP01278,2025-H2,2025-11-21,4.0,78.9,No
REV01856,EMP01278,2026-H1,2026-05-08,4.8,86.2,Yes
REV01857,EMP01281,2026-H1,2026-04-23,3.0,53.8,No
REV01858,EMP01284,2026-H1,2026-06-11,3.5,61.6,No
REV01859,EMP01285,2024-H2,2024-12-24,4.2,63.8,No
REV01860,EMP01285,2025-H2,2025-08-17,3.6,56.4,No
REV01861,EMP01285,2026-H1,2026-02-05,4.2,87.7,No
REV01862,EMP01288,2026-H1,2026-04-17,2.8,50.3,No
REV01863,EMP01290,2026-H1,2026-05-22,4.8,65.5,No
REV01864,EMP01291,2023-H2,2023-12-13,4.3,75.5,Yes
REV01865,EMP01291,2024-H2,2024-07-05,4.0,87.7,No
REV01866,EMP01291,2024-H2,2024-12-28,4.6,83.1,No
REV01867,EMP01291,2025-H1,2025-06-19,4.1,78.5,No
REV01868,EMP01291,2025-H2,2025-12-27,3.6,57.3,No
REV01869,EMP01291,2026-H2,2026-07-09,4.0,78.2,No
REV01870,EMP01292,2023-H1,2023-06-27,3.3,56.2,No
REV01871,EMP01292,2023-H2,2023-12-17,2.9,43.0,No
REV01872,EMP01292,2024-H1,2024-06-04,3.3,41.1,No
REV01873,EMP01292,2024-H2,2024-12-17,2.9,44.0,No
REV01874,EMP01292,2025-H2,2025-07-16,3.5,76.8,No
REV01875,EMP01292,2026-H1,2026-03-08,3.5,60.6,No
REV01876,EMP01296,2026-H1,2026-06-15,3.5,64.1,No
REV01877,EMP01298,2025-H2,2025-08-05,4.4,76.1,Yes
REV01878,EMP01300,2025-H1,2025-06-13,4.2,61.2,No
REV01879,EMP01300,2025-H2,2025-12-13,4.6,82.9,Yes
REV01880,EMP01300,2026-H1,2026-05-30,4.1,74.6,No
REV01881,EMP01302,2023-H2,2023-08-17,3.1,37.3,No
REV01882,EMP01304,2026-H1,2026-01-06,3.4,58.1,No
REV01883,EMP01304,2026-H2,2026-07-07,3.6,69.8,No
REV01884,EMP01305,2025-H2,2025-09-18,3.2,67.6,No
REV01885,EMP01305,2026-H1,2026-03-15,2.1,46.2,No
REV01886,EMP01306,2026-H1,2026-06-13,3.7,,No
REV01887,EMP01307,2025-H2,2025-11-15,3.4,62.1,No
REV01888,EMP01307,2026-H2,2026-07-06,3.7,,No
REV01889,EMP01310,2025-H2,2025-08-02,4.5,94.2,Yes
REV01890,EMP01310,2026-H1,2026-03-02,4.1,67.8,No
REV01891,EMP01311,2025-H1,2025-02-06,3.0,62.5,No
REV01892,EMP01311,2025-H2,2025-07-24,3.5,52.8,No
REV01893,EMP01311,2026-H1,2026-01-06,3.4,61.2,No
REV01894,EMP01311,2026-H2,2026-07-25,3.2,71.7,No
REV01895,EMP01312,2026-H1,2026-02-17,3.3,49.8,No
REV01896,EMP01314,2024-H2,2024-11-01,3.2,48.8,No
REV01897,EMP01314,2025-H1,2025-06-04,3.7,65.1,No
REV01898,EMP01314,2026-H1,2026-01-07,3.1,56.5,No
REV01899,EMP01314,2026-H2,2026-07-03,3.5,61.7,No
REV01900,EMP01315,2026-H1,2026-03-28,4.0,68.0,No
REV01901,EMP01316,2026-H1,2026-03-06,3.6,65.9,No
REV01902,EMP01317,2026-H1,2026-06-13,2.6,40.7,No
REV01903,EMP01318,2024-H1,2024-06-14,4.1,72.0,No
REV01904,EMP01319,2026-H1,2026-06-14,3.7,65.8,No
REV01905,EMP01321,2024-H2,2024-09-21,3.4,50.0,No
REV01906,EMP01321,2025-H1,2025-04-22,3.4,44.0,No
REV01907,EMP01321,2025-H2,2025-10-20,3.1,52.3,No
REV01908,EMP01321,2026-H1,2026-06-08,3.1,59.2,No
REV01909,EMP01322,2024-H2,2024-12-15,3.2,53.1,No
REV01910,EMP01322,2025-H2,2025-07-27,2.9,47.8,No
REV01911,EMP01322,2026-H1,2026-02-05,3.3,50.3,No
REV01912,EMP01324,2024-H2,2024-09-20,2.9,47.9,No
REV01913,EMP01324,2025-H1,2025-04-06,3.3,59.2,No
REV01914,EMP01324,2025-H2,2025-09-22,3.0,39.7,No
REV01915,EMP01324,2026-H1,2026-03-21,3.0,52.7,No
REV01916,EMP01327,2025-H1,2025-01-09,2.5,57.6,No
REV01917,EMP01327,2025-H2,2025-07-30,3.4,73.1,No
REV01918,EMP01327,2026-H1,2026-03-08,2.5,43.3,No
REV01919,EMP01329,2025-H2,2025-09-20,3.2,57.0,No
REV01920,EMP01329,2026-H1,2026-05-13,3.3,53.4,No
REV01921,EMP01330,2025-H2,2025-11-08,3.3,78.4,No
REV01922,EMP01330,2026-H1,2026-06-15,2.9,47.0,No
REV01923,EMP01331,2025-H1,2025-06-10,4.4,72.7,No
REV01924,EMP01331,2026-H1,2026-02-02,4.5,79.9,No
REV01925,EMP01332,2026-H1,2026-02-28,3.0,56.4,No
REV01926,EMP01333,2024-H2,2024-08-21,3.1,45.6,No
REV01927,EMP01333,2025-H1,2025-03-31,3.3,65.3,No
REV01928,EMP01333,2025-H2,2025-10-19,3.8,69.3,No
REV01929,EMP01333,2026-H1,2026-06-13,2.8,61.6,No
REV01930,EMP01334,2025-H2,2025-07-17,3.5,59.6,No
REV01931,EMP01334,2026-H1,2026-03-11,3.4,60.9,No
REV01932,EMP01337,2026-H1,2026-04-09,3.4,79.5,No
REV01933,EMP01338,2025-H1,2025-04-24,3.7,75.1,No
REV01934,EMP01338,2025-H2,2025-11-21,4.7,88.0,No
REV01935,EMP01338,2026-H1,2026-05-28,3.9,69.0,No
REV01936,EMP01339,2026-H2,2026-07-04,2.9,53.0,No
REV01937,EMP01342,2025-H2,2025-09-28,3.1,55.6,No
REV01938,EMP01342,2026-H1,2026-04-12,3.2,55.9,No
REV01939,EMP01343,2024-H2,2024-12-14,2.9,41.7,No
REV01940,EMP01343,2025-H1,2025-06-23,3.0,52.1,No
REV01941,EMP01344,2023-H2,2023-12-02,3.0,63.1,No
REV01942,EMP01344,2024-H1,2024-06-28,3.7,53.1,No
REV01943,EMP01344,2024-H2,2024-12-26,4.4,83.1,Yes
REV01944,EMP01344,2025-H1,2025-06-17,3.7,68.9,No
REV01945,EMP01344,2025-H2,2025-12-05,2.9,60.7,No
REV01946,EMP01344,2026-H1,2026-06-27,3.1,69.4,No
REV01947,EMP01345,2024-H2,2024-09-17,4.4,73.9,No
REV01948,EMP01345,2025-H1,2025-03-09,4.2,73.5,No
REV01949,EMP01345,2025-H2,2025-10-06,3.5,51.4,No
REV01950,EMP01345,2026-H1,2026-03-30,3.5,53.4,No
REV01951,EMP01346,2025-H2,2025-12-17,3.2,57.0,No
REV01952,EMP01346,2026-H1,2026-06-19,3.1,57.2,No
REV01953,EMP01347,2025-H1,2025-05-09,3.5,63.5,No
REV01954,EMP01347,2025-H2,2025-12-21,3.7,69.1,No
REV01955,EMP01347,2026-H2,2026-07-15,2.8,38.3,No
REV01956,EMP01349,2025-H2,2025-08-18,4.2,77.3,No
REV01957,EMP01349,2026-H1,2026-02-01,4.5,91.0,No
REV01958,EMP01350,2025-H1,2025-01-06,3.0,49.0,No
REV01959,EMP01350,2025-H2,2025-07-14,2.7,41.3,No
REV01960,EMP01350,2026-H1,2026-02-24,3.7,69.7,No
REV01961,EMP01351,2026-H1,2026-03-08,4.5,100.0,No
REV01962,EMP01352,2026-H1,2026-05-08,3.4,75.7,No
REV01963,EMP01354,2024-H2,2024-08-30,2.0,31.0,No
REV01964,EMP01354,2025-H1,2025-03-05,2.1,30.0,No
REV01965,EMP01354,2025-H2,2025-10-26,1.9,30.0,No
REV01966,EMP01354,2026-H1,2026-05-12,2.6,59.8,No
REV01967,EMP01355,2023-H2,2023-07-05,4.6,86.2,No
REV01968,EMP01356,2026-H1,2026-06-25,3.8,79.4,No
REV01969,EMP01357,2026-H1,2026-04-05,3.6,64.4,No
REV01970,EMP01358,2025-H2,2025-09-30,4.2,73.1,No
REV01971,EMP01358,2026-H1,2026-04-26,3.9,75.6,No
REV01972,EMP01361,2026-H1,2026-01-11,4.2,78.7,Yes
REV01973,EMP01363,2024-H2,2024-11-06,3.6,76.8,No
REV01974,EMP01363,2025-H1,2025-05-07,3.3,69.0,No
REV01975,EMP01363,2025-H2,2025-12-08,3.7,61.4,No
REV01976,EMP01365,2025-H1,2025-02-26,3.8,55.3,No
REV01977,EMP01365,2025-H2,2025-08-25,4.8,,No
REV01978,EMP01365,2026-H1,2026-03-01,4.3,89.5,Yes
REV01979,EMP01366,2023-H2,2023-09-07,4.0,79.9,No
REV01980,EMP01366,2024-H1,2024-03-30,3.6,51.6,No
REV01981,EMP01366,2024-H2,2024-10-04,2.9,41.4,No
REV01982,EMP01366,2025-H1,2025-05-22,3.4,52.6,No
REV01983,EMP01366,2025-H2,2025-12-30,3.6,60.8,No
REV01984,EMP01367,2025-H2,2025-11-30,2.9,51.6,No
REV01985,EMP01367,2026-H2,2026-07-23,3.4,80.4,No
REV01986,EMP01369,2023-H2,2023-07-04,3.9,55.1,No
REV01987,EMP01369,2024-H1,2024-02-16,3.8,64.9,No
REV01988,EMP01369,2024-H2,2024-08-17,3.3,75.3,No
REV01989,EMP01369,2025-H1,2025-02-10,3.2,49.6,No
REV01990,EMP01369,2025-H2,2025-09-14,3.7,69.5,No
REV01991,EMP01369,2026-H1,2026-03-26,3.0,53.2,No
REV01992,EMP01370,2024-H1,2024-06-01,3.5,61.1,No
REV01993,EMP01370,2024-H2,2024-12-18,4.8,86.9,No
REV01994,EMP01370,2025-H2,2025-07-02,4.9,79.4,No
REV01995,EMP01370,2026-H1,2026-01-07,4.8,,Yes
REV01996,EMP01370,2026-H2,2026-07-12,4.5,76.6,No
REV01997,EMP01371,2025-H2,2025-09-06,3.7,78.5,No
REV01998,EMP01371,2026-H1,2026-03-22,3.2,42.4,No
REV01999,EMP01373,2025-H1,2025-04-09,2.8,54.8,No
REV02000,EMP01373,2025-H2,2025-10-21,3.7,70.7,No
REV02001,EMP01373,2026-H1,2026-05-14,3.2,51.8,No
REV02002,EMP01374,2025-H2,2025-10-31,4.0,79.7,No
REV02003,EMP01374,2026-H1,2026-05-06,3.2,52.5,No
REV02004,EMP01375,2023-H2,2023-08-15,3.0,47.5,No
REV02005,EMP01375,2024-H1,2024-02-21,3.5,64.0,No
REV02006,EMP01375,2024-H2,2024-09-24,3.0,62.5,No
REV02007,EMP01375,2025-H1,2025-03-15,3.0,41.3,No
REV02008,EMP01375,2025-H2,2025-10-16,3.6,60.5,No
REV02009,EMP01375,2026-H1,2026-04-28,3.2,47.9,No
REV02010,EMP01376,2024-H2,2024-07-14,3.0,64.2,No
REV02011,EMP01379,2023-H1,2023-03-12,4.0,79.4,No
REV02012,EMP01379,2023-H2,2023-10-29,4.3,76.4,Yes
REV02013,EMP01379,2024-H1,2024-05-11,5.0,83.4,Yes
REV02014,EMP01379,2024-H2,2024-12-12,4.0,73.5,No
REV02015,EMP01379,2025-H2,2025-08-06,4.6,90.1,Yes
REV02016,EMP01379,2026-H1,2026-01-21,4.1,78.1,No
REV02017,EMP01381,2026-H1,2026-03-09,3.4,62.7,No
REV02018,EMP01383,2025-H2,2025-09-12,3.6,59.4,No
REV02019,EMP01384,2025-H2,2025-11-26,4.9,88.9,No
REV02020,EMP01384,2026-H1,2026-05-29,4.2,67.9,Yes
REV02021,EMP01385,2025-H2,2025-11-11,2.9,55.5,No
REV02022,EMP01385,2026-H1,2026-06-10,2.9,37.2,No
REV02023,EMP01386,2026-H1,2026-04-13,3.4,71.1,No
REV02024,EMP01388,2023-H1,2023-06-13,2.6,54.9,No
REV02025,EMP01389,2025-H1,2025-03-30,3.9,75.5,No
REV02026,EMP01389,2025-H2,2025-10-09,4.0,58.7,No
REV02027,EMP01389,2026-H1,2026-04-14,4.8,80.8,Yes
REV02028,EMP01390,2026-H1,2026-05-20,4.9,90.6,No
REV02029,EMP01391,2024-H2,2024-10-26,3.1,,No
REV02030,EMP01391,2025-H1,2025-05-08,3.5,50.3,No
REV02031,EMP01391,2025-H2,2025-12-16,2.5,43.0,No
REV02032,EMP01391,2026-H1,2026-06-09,2.6,55.8,No
REV02033,EMP01394,2024-H1,2024-03-02,3.7,64.9,No
REV02034,EMP01394,2024-H2,2024-10-23,3.3,59.2,No
REV02035,EMP01394,2025-H1,2025-04-25,3.6,48.3,No
REV02036,EMP01394,2025-H2,2025-12-18,3.1,54.2,No
REV02037,EMP01394,2026-H2,2026-07-13,3.5,69.9,No
REV02038,EMP01395,2026-H1,2026-04-08,4.6,87.2,No
REV02039,EMP01396,2025-H2,2025-09-15,3.4,51.4,No
REV02040,EMP01396,2026-H1,2026-05-07,2.7,55.4,No
REV02041,EMP01398,2024-H2,2024-08-31,2.3,37.8,No
REV02042,EMP01398,2025-H1,2025-03-24,1.4,30.0,No
REV02043,EMP01398,2025-H2,2025-11-13,1.1,30.8,No
REV02044,EMP01402,2026-H1,2026-05-07,3.7,62.9,No
REV02045,EMP01403,2025-H2,2025-11-26,3.7,75.7,No
REV02046,EMP01403,2026-H1,2026-05-17,2.7,53.3,No
REV02047,EMP01404,2026-H1,2026-03-03,3.8,69.9,No
REV02048,EMP01406,2026-H1,2026-01-24,3.4,55.4,No
REV02049,EMP01410,2026-H1,2026-04-28,3.7,58.0,No
REV02050,EMP01411,2024-H2,2024-10-31,3.1,38.7,No
REV02051,EMP01411,2025-H1,2025-06-10,3.1,39.2,No
REV02052,EMP01411,2026-H1,2026-01-06,3.4,80.4,No
REV02053,EMP01411,2026-H2,2026-07-13,3.7,,No
REV02054,EMP01412,2026-H1,2026-04-07,3.8,58.9,No
REV02055,EMP01413,2025-H2,2025-07-04,2.4,51.8,No
REV02056,EMP01413,2026-H1,2026-01-19,1.7,34.2,No
REV02057,EMP01414,2026-H1,2026-04-08,2.9,62.3,No
REV02058,EMP01415,2024-H1,2024-04-22,4.4,94.3,No
REV02059,EMP01415,2024-H2,2024-10-06,4.6,77.9,No
REV02060,EMP01415,2025-H1,2025-05-22,4.0,75.8,No
REV02061,EMP01415,2025-H2,2025-11-29,4.4,74.7,No
REV02062,EMP01415,2026-H1,2026-06-24,4.3,79.3,Yes
REV02063,EMP01416,2026-H1,2026-04-14,3.3,50.6,No
REV02064,EMP01418,2023-H2,2023-09-28,3.7,68.3,No
REV02065,EMP01420,2025-H2,2025-07-28,2.8,,No
REV02066,EMP01420,2026-H1,2026-01-29,2.7,34.9,No
REV02067,EMP01420,2026-H2,2026-07-14,1.3,30.0,No
REV02068,EMP01423,2026-H1,2026-01-19,3.3,57.1,No
REV02069,EMP01423,2026-H2,2026-07-10,3.6,56.8,No
REV02070,EMP01424,2026-H1,2026-06-07,2.8,44.0,No
REV02071,EMP01426,2025-H2,2025-07-18,3.6,68.4,No
REV02072,EMP01426,2025-H2,2025-12-31,3.4,58.2,No
REV02073,EMP01426,2026-H1,2026-06-28,2.8,47.8,No
REV02074,EMP01427,2025-H1,2025-04-09,3.4,53.7,No
REV02075,EMP01427,2025-H2,2025-11-13,3.3,57.7,No
REV02076,EMP01427,2026-H1,2026-06-14,3.9,64.0,No
REV02077,EMP01428,2026-H1,2026-04-30,3.3,55.8,No
REV02078,EMP01430,2026-H2,2026-07-14,3.6,62.5,No
REV02079,EMP01432,2025-H2,2025-09-17,2.6,50.9,No
REV02080,EMP01432,2026-H1,2026-04-04,3.0,50.8,No
REV02081,EMP01434,2024-H1,2024-06-18,3.0,59.1,No
REV02082,EMP01434,2025-H1,2025-02-04,3.4,51.1,No
REV02083,EMP01434,2025-H2,2025-09-13,3.0,46.7,No
REV02084,EMP01434,2026-H1,2026-02-28,3.3,64.8,No
REV02085,EMP01435,2025-H2,2025-12-24,3.4,71.1,No
REV02086,EMP01435,2026-H1,2026-06-11,2.4,31.0,No
REV02087,EMP01436,2023-H1,2023-03-26,2.6,42.7,No
REV02088,EMP01436,2023-H2,2023-10-28,3.2,64.9,No
REV02089,EMP01436,2024-H1,2024-04-22,3.5,65.7,No
REV02090,EMP01436,2024-H2,2024-10-19,3.6,77.2,No
REV02091,EMP01436,2025-H1,2025-05-25,3.6,72.9,No
REV02092,EMP01436,2026-H1,2026-01-15,3.2,60.7,No
REV02093,EMP01437,2025-H1,2025-04-22,3.8,62.4,No
REV02094,EMP01438,2025-H1,2025-06-17,3.1,54.2,No
REV02095,EMP01439,2025-H2,2025-07-24,3.2,53.2,No
REV02096,EMP01439,2026-H1,2026-02-17,3.4,66.8,No
REV02097,EMP01440,2026-H1,2026-05-24,2.4,48.4,No
REV02098,EMP01441,2025-H2,2025-07-31,2.2,46.6,No
REV02099,EMP01443,2024-H2,2024-12-09,2.5,46.5,No
REV02100,EMP01443,2025-H1,2025-05-29,3.6,62.1,No
REV02101,EMP01443,2026-H1,2026-01-01,3.6,69.8,No
REV02102,EMP01443,2026-H1,2026-06-23,3.1,48.8,No
REV02103,EMP01444,2025-H1,2025-06-04,3.4,70.0,No
REV02104,EMP01444,2025-H2,2025-12-10,2.6,48.7,No
REV02105,EMP01444,2026-H2,2026-07-06,3.6,59.9,No
REV02106,EMP01445,2024-H2,2024-12-07,3.6,,No
REV02107,EMP01445,2025-H1,2025-06-01,3.2,50.8,No
REV02108,EMP01445,2026-H1,2026-01-12,4.0,66.7,No
REV02109,EMP01445,2026-H2,2026-07-17,2.5,40.2,No
REV02110,EMP01446,2023-H2,2023-12-21,1.4,38.5,No
REV02111,EMP01446,2024-H2,2024-08-01,1.4,30.0,No
REV02112,EMP01447,2026-H1,2026-02-18,4.2,74.3,No
REV02113,EMP01449,2026-H1,2026-03-19,3.7,,No
REV02114,EMP01453,2025-H2,2025-12-13,3.5,60.7,No
REV02115,EMP01453,2026-H1,2026-06-05,3.9,67.1,No
REV02116,EMP01456,2025-H1,2025-05-25,3.3,,No
REV02117,EMP01456,2025-H2,2025-12-12,3.7,65.2,No
REV02118,EMP01458,2025-H2,2025-07-23,3.6,47.4,No
REV02119,EMP01459,2026-H1,2026-01-28,3.2,56.8,No
REV02120,EMP01460,2025-H2,2025-12-03,3.8,69.3,No
REV02121,EMP01460,2026-H2,2026-07-18,3.6,65.1,No
REV02122,EMP01461,2026-H1,2026-02-11,3.3,53.4,No
REV02123,EMP01464,2026-H1,2026-06-08,3.8,78.0,No
REV02124,EMP01466,2023-H1,2023-05-13,1.3,30.0,No
REV02125,EMP01468,2023-H1,2023-03-15,3.5,75.0,No
REV02126,EMP01468,2023-H2,2023-09-26,3.1,62.2,No
REV02127,EMP01468,2024-H1,2024-04-13,3.3,57.9,No
REV02128,EMP01469,2026-H1,2026-04-02,4.6,69.9,No
REV02129,EMP01473,2023-H2,2023-10-10,5.0,95.3,No
REV02130,EMP01473,2024-H1,2024-06-03,4.3,78.4,No
REV02131,EMP01475,2025-H1,2025-05-13,2.9,47.6,No
REV02132,EMP01475,2025-H2,2025-11-23,3.2,57.9,No
REV02133,EMP01475,2026-H1,2026-06-13,3.6,45.0,No
REV02134,EMP01476,2024-H1,2024-04-16,2.9,56.5,No
REV02135,EMP01476,2024-H2,2024-11-20,1.9,30.0,No
REV02136,EMP01476,2025-H1,2025-06-08,3.3,55.0,No
REV02137,EMP01476,2026-H1,2026-01-24,3.2,70.2,No
REV02138,EMP01477,2025-H2,2025-11-13,3.5,52.1,No
REV02139,EMP01477,2026-H1,2026-06-04,4.0,75.7,No
REV02140,EMP01478,2025-H1,2025-01-23,3.7,,No
REV02141,EMP01478,2025-H2,2025-08-23,3.0,68.9,No
REV02142,EMP01478,2026-H1,2026-04-13,2.9,51.4,No
REV02143,EMP01479,2025-H1,2025-02-15,3.1,50.3,No
REV02144,EMP01479,2025-H2,2025-08-15,2.5,48.7,No
REV02145,EMP01480,2025-H1,2025-03-27,3.2,69.9,No
REV02146,EMP01480,2025-H2,2025-10-11,3.3,68.1,No
REV02147,EMP01480,2026-H1,2026-05-15,3.6,49.1,No
REV02148,EMP01482,2025-H2,2025-12-17,3.7,57.9,No
REV02149,EMP01482,2026-H2,2026-07-11,4.0,67.5,No
REV02150,EMP01483,2025-H1,2025-03-23,3.5,76.5,No
REV02151,EMP01484,2026-H1,2026-02-04,3.6,67.6,No
REV02152,EMP01485,2026-H1,2026-06-17,4.1,81.8,No
REV02153,EMP01486,2025-H1,2025-02-21,4.3,83.4,No
REV02154,EMP01488,2024-H1,2024-06-17,2.1,30.0,No
REV02155,EMP01489,2024-H2,2024-09-06,3.3,,No
REV02156,EMP01490,2026-H1,2026-05-10,3.3,47.7,No
REV02157,EMP01491,2024-H2,2024-09-04,3.8,63.0,No
REV02158,EMP01491,2025-H1,2025-04-15,3.6,71.9,No
REV02159,EMP01491,2025-H2,2025-11-05,3.5,64.3,No
REV02160,EMP01491,2026-H1,2026-06-22,3.1,73.2,No
REV02161,EMP01492,2025-H2,2025-12-04,3.4,85.2,No
REV02162,EMP01492,2026-H1,2026-06-08,3.4,48.0,No
REV02163,EMP01493,2026-H1,2026-05-13,4.3,80.0,Yes
REV02164,EMP01494,2024-H1,2024-04-24,3.8,66.7,No
REV02165,EMP01494,2024-H2,2024-10-17,4.7,69.4,No
REV02166,EMP01494,2025-H1,2025-05-13,4.7,91.5,No
REV02167,EMP01494,2025-H2,2025-12-16,4.3,68.5,Yes
REV02168,EMP01494,2026-H1,2026-06-16,4.9,92.9,Yes
REV02169,EMP01495,2026-H1,2026-01-27,4.1,,No
REV02170,EMP01498,2025-H2,2025-10-24,2.8,50.8,No
REV02171,EMP01498,2026-H1,2026-05-23,4.3,86.5,No
REV02172,EMP01500,2025-H2,2025-12-10,3.7,64.7,No
REV02173,EMP01500,2026-H2,2026-07-10,3.4,68.3,No
REV02174,EMP01502,2026-H1,2026-03-10,2.8,52.7,No
REV02175,EMP01504,2026-H1,2026-01-31,3.5,63.8,No
REV02176,EMP01507,2024-H2,2024-12-03,3.1,59.4,No
REV02177,EMP01507,2025-H2,2025-07-03,3.4,58.8,No
REV02178,EMP01507,2026-H1,2026-01-16,3.6,63.5,No
REV02179,EMP01508,2024-H2,2024-11-16,4.6,87.8,Yes
REV02180,EMP01508,2025-H1,2025-05-14,3.8,77.2,No
REV02181,EMP01508,2025-H2,2025-12-29,4.5,74.6,No
REV02182,EMP01508,2026-H2,2026-07-20,3.9,65.7,No
REV02183,EMP01509,2026-H1,2026-02-13,4.3,75.1,No
REV02184,EMP01510,2025-H2,2025-08-20,4.8,93.8,No
REV02185,EMP01513,2025-H1,2025-05-18,3.0,40.3,No
REV02186,EMP01513,2025-H2,2025-12-27,3.3,64.5,No
REV02187,EMP01513,2026-H1,2026-06-16,2.5,50.4,No
REV02188,EMP01514,2024-H2,2024-12-05,4.3,78.8,No
REV02189,EMP01514,2025-H2,2025-07-07,4.4,77.9,Yes
REV02190,EMP01518,2025-H2,2025-08-20,4.9,82.0,Yes
REV02191,EMP01518,2026-H1,2026-04-06,3.8,75.5,No
REV02192,EMP01520,2024-H1,2024-03-17,2.5,48.4,No
REV02193,EMP01521,2026-H1,2026-03-27,1.8,32.7,No
REV02194,EMP01522,2025-H2,2025-09-21,3.2,51.7,No
REV02195,EMP01522,2026-H1,2026-04-05,3.1,56.0,No
REV02196,EMP01523,2026-H1,2026-02-24,3.5,52.2,No
REV02197,EMP01524,2024-H2,2024-09-27,3.0,67.5,No
REV02198,EMP01524,2025-H1,2025-03-19,2.2,,No
REV02199,EMP01524,2025-H2,2025-09-30,3.3,39.9,No
REV02200,EMP01524,2026-H1,2026-03-19,3.0,47.8,No
REV02201,EMP01525,2026-H1,2026-06-01,3.0,49.4,No
REV02202,EMP01527,2024-H2,2024-11-25,4.0,59.2,No
REV02203,EMP01527,2025-H2,2025-07-02,3.2,45.4,No
REV02204,EMP01527,2025-H2,2025-12-22,4.1,78.8,No
REV02205,EMP01527,2026-H2,2026-07-04,4.6,69.8,Yes
REV02206,EMP01528,2024-H1,2024-03-25,3.5,58.9,No
REV02207,EMP01528,2024-H2,2024-10-05,2.7,52.2,No
REV02208,EMP01528,2025-H1,2025-05-22,3.0,64.4,No
REV02209,EMP01528,2025-H2,2025-12-15,4.2,79.2,No
REV02210,EMP01528,2026-H2,2026-07-08,3.9,,No
REV02211,EMP01530,2026-H1,2026-03-24,4.6,64.5,No
REV02212,EMP01531,2026-H1,2026-02-08,3.9,67.9,No
REV02213,EMP01532,2025-H2,2025-12-14,4.1,76.3,No
REV02214,EMP01532,2026-H1,2026-06-30,4.0,64.3,No
REV02215,EMP01533,2024-H2,2024-12-22,2.1,30.0,No
REV02216,EMP01533,2025-H2,2025-07-21,1.4,30.0,No
REV02217,EMP01533,2026-H1,2026-01-25,1.0,30.0,No
REV02218,EMP01534,2025-H2,2025-07-22,3.6,59.7,No
REV02219,EMP01534,2026-H1,2026-01-08,4.3,76.9,No
REV02220,EMP01535,2026-H1,2026-02-19,2.1,39.8,No
REV02221,EMP01536,2025-H2,2025-11-09,1.9,46.4,No
REV02222,EMP01536,2026-H1,2026-06-16,2.3,38.2,No
REV02223,EMP01538,2024-H2,2024-07-05,4.3,75.6,Yes
REV02224,EMP01538,2024-H2,2024-12-21,3.6,59.8,No
REV02225,EMP01538,2025-H1,2025-06-18,3.9,65.7,No
REV02226,EMP01538,2025-H2,2025-12-21,4.1,78.7,No
REV02227,EMP01539,2026-H1,2026-05-02,4.1,74.1,No
REV02228,EMP01540,2025-H2,2025-07-25,3.4,49.5,No
REV02229,EMP01540,2026-H1,2026-01-13,3.7,59.2,No
REV02230,EMP01540,2026-H2,2026-07-19,3.5,63.2,No
REV02231,EMP01542,2026-H1,2026-06-11,3.2,46.3,No
REV02232,EMP01543,2026-H1,2026-05-18,3.2,68.9,No
REV02233,EMP01545,2024-H1,2024-06-14,3.6,57.8,No
REV02234,EMP01546,2024-H1,2024-04-24,4.1,76.2,No
REV02235,EMP01547,2026-H1,2026-06-30,3.5,42.0,No
REV02236,EMP01548,2026-H1,2026-01-07,2.6,52.4,No
REV02237,EMP01549,2025-H1,2025-02-19,5.0,90.8,No
REV02238,EMP01549,2025-H2,2025-10-06,3.7,59.0,No
REV02239,EMP01549,2026-H1,2026-04-29,5.0,100.0,No
REV02240,EMP01551,2024-H1,2024-02-17,3.4,68.5,No
REV02241,EMP01551,2024-H2,2024-08-01,3.1,55.9,No
REV02242,EMP01551,2025-H1,2025-02-11,3.6,55.5,No
REV02243,EMP01551,2025-H2,2025-07-29,3.1,60.0,No
REV02244,EMP01551,2026-H1,2026-02-17,3.6,55.2,No
REV02245,EMP01553,2024-H2,2024-10-11,3.3,64.0,No
REV02246,EMP01553,2025-H1,2025-05-27,3.6,66.5,No
REV02247,EMP01554,2025-H1,2025-04-05,1.0,30.0,No
REV02248,EMP01555,2024-H2,2024-12-09,4.8,90.0,No
REV02249,EMP01555,2025-H1,2025-06-12,3.9,64.8,No
REV02250,EMP01555,2026-H1,2026-02-03,3.6,58.4,No
REV02251,EMP01557,2023-H2,2023-11-03,3.2,56.3,No
REV02252,EMP01557,2024-H1,2024-05-23,3.4,63.6,No
REV02253,EMP01557,2025-H1,2025-01-05,3.8,84.8,No
REV02254,EMP01557,2025-H2,2025-08-07,2.8,37.0,No
REV02255,EMP01557,2026-H1,2026-02-27,3.2,63.7,No
REV02256,EMP01558,2025-H2,2025-12-21,2.7,50.5,No
REV02257,EMP01558,2026-H1,2026-06-08,3.5,52.2,No
REV02258,EMP01559,2023-H2,2023-11-14,3.2,56.0,No
REV02259,EMP01562,2025-H2,2025-12-08,3.1,64.2,No
REV02260,EMP01562,2026-H1,2026-06-28,3.2,64.5,No
REV02261,EMP01564,2026-H1,2026-04-15,3.3,54.1,No
REV02262,EMP01565,2025-H2,2025-12-15,4.3,78.8,No
REV02263,EMP01565,2026-H1,2026-06-10,4.5,72.8,No
REV02264,EMP01566,2025-H1,2025-04-18,4.0,73.1,No
REV02265,EMP01566,2025-H2,2025-11-28,4.4,85.1,No
REV02266,EMP01566,2026-H1,2026-05-15,4.7,77.6,No
REV02267,EMP01567,2025-H1,2025-04-14,3.6,41.2,No
REV02268,EMP01567,2025-H2,2025-10-01,2.7,37.4,No
REV02269,EMP01567,2026-H1,2026-05-24,3.8,72.8,No
REV02270,EMP01568,2026-H1,2026-04-03,2.8,47.3,No
REV02271,EMP01570,2026-H1,2026-04-09,4.2,66.6,Yes
REV02272,EMP01571,2026-H1,2026-01-26,3.1,30.0,No
REV02273,EMP01571,2026-H2,2026-07-17,4.4,84.4,No
REV02274,EMP01572,2026-H1,2026-06-07,3.3,65.6,No
REV02275,EMP01573,2025-H2,2025-10-08,3.4,77.6,No
REV02276,EMP01573,2026-H1,2026-04-07,3.1,74.1,No
REV02277,EMP01574,2023-H2,2023-10-12,3.2,72.9,No
REV02278,EMP01574,2024-H1,2024-04-22,3.3,53.4,No
REV02279,EMP01574,2024-H2,2024-10-21,3.2,55.1,No
REV02280,EMP01574,2025-H1,2025-04-10,3.3,81.9,No
REV02281,EMP01575,2026-H1,2026-01-16,1.8,30.0,No
REV02282,EMP01577,2024-H2,2024-09-11,4.1,75.8,No
REV02283,EMP01577,2025-H1,2025-04-02,4.1,63.6,No
REV02284,EMP01577,2025-H2,2025-10-12,3.7,58.1,No
REV02285,EMP01577,2026-H1,2026-05-28,3.7,58.4,No
REV02286,EMP01578,2026-H1,2026-05-05,2.5,32.4,No
REV02287,EMP01580,2025-H2,2025-12-15,3.8,62.7,No
REV02288,EMP01580,2026-H1,2026-06-20,3.5,69.6,No
REV02289,EMP01582,2025-H2,2025-09-07,3.9,60.0,No
REV02290,EMP01582,2026-H1,2026-04-03,3.7,74.0,No
REV02291,EMP01583,2026-H2,2026-07-07,3.7,67.8,No
REV02292,EMP01584,2025-H1,2025-05-12,3.7,68.8,No
REV02293,EMP01584,2025-H2,2025-11-30,3.1,45.9,No
REV02294,EMP01584,2026-H1,2026-06-09,2.4,32.7,No
REV02295,EMP01585,2026-H1,2026-04-22,3.8,58.6,No
REV02296,EMP01588,2024-H2,2024-11-30,3.2,47.6,No
REV02297,EMP01588,2025-H2,2025-07-22,2.7,47.9,No
REV02298,EMP01588,2026-H1,2026-02-14,3.3,70.5,No
REV02299,EMP01589,2025-H2,2025-07-05,4.7,88.9,No
REV02300,EMP01589,2026-H1,2026-02-26,4.0,72.3,No
REV02301,EMP01590,2024-H2,2024-08-13,3.4,74.9,No
REV02302,EMP01590,2025-H1,2025-03-31,3.6,75.6,No
REV02303,EMP01593,2025-H2,2025-12-12,3.2,64.1,No
REV02304,EMP01595,2025-H2,2025-12-08,4.2,59.4,No
REV02305,EMP01595,2026-H2,2026-07-07,3.8,67.2,No
REV02306,EMP01596,2026-H1,2026-03-25,4.0,70.0,No
REV02307,EMP01597,2024-H1,2024-02-06,4.9,75.7,Yes
REV02308,EMP01597,2024-H2,2024-08-16,4.4,83.7,Yes
REV02309,EMP01597,2025-H1,2025-03-03,3.9,77.8,No
REV02310,EMP01597,2025-H2,2025-08-16,3.6,51.0,No
REV02311,EMP01597,2026-H1,2026-02-02,4.5,79.5,Yes
REV02312,EMP01598,2026-H2,2026-07-08,4.8,85.3,No
REV02313,EMP01599,2024-H1,2024-06-03,2.2,30.1,No
REV02314,EMP01599,2024-H2,2024-11-18,1.5,30.0,No
REV02315,EMP01599,2025-H1,2025-05-16,1.7,30.0,No
REV02316,EMP01599,2025-H2,2025-10-28,1.9,30.6,No
REV02317,EMP01599,2026-H1,2026-06-19,2.3,43.8,No
REV02318,EMP01602,2026-H1,2026-05-29,4.6,82.7,No
REV02319,EMP01603,2023-H2,2023-07-07,2.4,47.8,No
REV02320,EMP01603,2024-H1,2024-02-28,1.6,30.0,No
REV02321,EMP01603,2024-H2,2024-08-16,1.9,40.7,No
REV02322,EMP01603,2025-H1,2025-01-31,2.1,47.0,No
REV02323,EMP01603,2025-H2,2025-09-13,1.4,30.0,No
REV02324,EMP01603,2026-H1,2026-03-06,1.9,34.3,No
REV02325,EMP01604,2025-H1,2025-03-13,3.9,67.7,No
REV02326,EMP01604,2025-H2,2025-10-02,3.9,70.2,No
REV02327,EMP01604,2026-H1,2026-05-14,4.4,79.5,No
REV02328,EMP01605,2025-H1,2025-01-10,3.3,64.1,No
REV02329,EMP01605,2025-H1,2025-06-25,3.3,58.5,No
REV02330,EMP01605,2026-H1,2026-01-29,2.9,53.8,No
REV02331,EMP01606,2025-H1,2025-06-21,2.9,52.9,No
REV02332,EMP01606,2025-H2,2025-12-14,3.1,64.5,No
REV02333,EMP01606,2026-H2,2026-07-27,3.6,74.3,No
REV02334,EMP01607,2024-H1,2024-02-26,2.3,47.7,No
REV02335,EMP01609,2026-H1,2026-01-20,3.6,65.6,No
REV02336,EMP01610,2025-H1,2025-03-23,3.4,65.2,No
REV02337,EMP01610,2025-H2,2025-10-31,4.4,81.2,No
REV02338,EMP01610,2026-H1,2026-04-28,4.0,77.3,No
REV02339,EMP01611,2025-H2,2025-07-02,4.7,91.3,No
REV02340,EMP01611,2026-H1,2026-01-03,4.5,73.1,No
REV02341,EMP01612,2025-H2,2025-09-02,4.1,67.3,No
REV02342,EMP01612,2026-H1,2026-03-24,2.9,49.5,No
REV02343,EMP01613,2026-H1,2026-02-19,3.4,54.6,No
REV02344,EMP01614,2025-H2,2025-11-26,3.0,50.1,No
REV02345,EMP01614,2026-H2,2026-07-07,4.0,69.6,No
REV02346,EMP01619,2024-H2,2024-11-15,3.2,57.1,No
REV02347,EMP01619,2025-H1,2025-06-18,2.4,48.4,No
REV02348,EMP01619,2026-H1,2026-01-17,3.2,58.2,No
REV02349,EMP01621,2024-H1,2024-05-22,1.1,30.0,No
REV02350,EMP01621,2024-H2,2024-12-30,1.5,34.3,No
REV02351,EMP01623,2025-H1,2025-06-21,3.1,52.9,No
REV02352,EMP01629,2024-H1,2024-01-11,4.7,79.2,Yes
REV02353,EMP01629,2024-H2,2024-08-07,3.9,65.8,No
REV02354,EMP01629,2025-H1,2025-03-19,4.9,73.4,Yes
REV02355,EMP01629,2025-H2,2025-10-27,4.7,75.8,No
REV02356,EMP01629,2026-H1,2026-04-18,4.7,77.3,Yes
REV02357,EMP01630,2025-H2,2025-07-06,3.0,40.1,No
REV02358,EMP01630,2025-H2,2025-12-25,3.1,50.4,No
REV02359,EMP01631,2024-H2,2024-09-04,3.1,46.4,No
REV02360,EMP01631,2025-H1,2025-03-15,3.8,60.8,No
REV02361,EMP01631,2025-H2,2025-10-03,3.0,47.4,No
REV02362,EMP01631,2026-H1,2026-03-17,3.3,64.1,No
REV02363,EMP01632,2026-H1,2026-05-25,3.0,69.1,No
REV02364,EMP01633,2025-H1,2025-05-03,2.7,52.6,No
REV02365,EMP01633,2025-H2,2025-12-15,3.8,67.3,No
REV02366,EMP01633,2026-H2,2026-07-08,3.1,65.3,No
REV02367,EMP01635,2026-H1,2026-03-18,3.7,80.0,No
REV02368,EMP01637,2024-H2,2024-07-14,4.2,80.0,No
REV02369,EMP01637,2025-H1,2025-01-24,4.4,80.2,No
REV02370,EMP01637,2025-H2,2025-08-15,4.1,73.2,No
REV02371,EMP01637,2026-H1,2026-03-15,4.2,68.3,No
REV02372,EMP01640,2025-H2,2025-11-23,3.5,55.2,No
REV02373,EMP01640,2026-H1,2026-05-19,3.0,60.6,No
REV02374,EMP01641,2026-H1,2026-02-01,2.9,49.1,No
REV02375,EMP01642,2026-H2,2026-07-16,3.2,52.1,No
REV02376,EMP01644,2025-H2,2025-11-15,3.8,58.3,No
REV02377,EMP01644,2026-H1,2026-06-24,2.8,43.6,No
REV02378,EMP01646,2024-H2,2024-07-22,3.5,73.2,No
REV02379,EMP01647,2025-H1,2025-06-20,3.4,61.2,No
REV02380,EMP01647,2025-H2,2025-12-27,2.6,43.0,No
REV02381,EMP01647,2026-H2,2026-07-16,3.1,50.6,No
REV02382,EMP01648,2023-H2,2023-11-22,3.6,50.3,No
REV02383,EMP01648,2024-H1,2024-05-28,3.7,65.6,No
REV02384,EMP01648,2024-H2,2024-11-13,3.4,,No
REV02385,EMP01648,2025-H1,2025-06-14,3.3,70.6,No
REV02386,EMP01648,2026-H1,2026-02-01,3.1,57.9,No
REV02387,EMP01652,2025-H2,2025-12-03,3.6,77.3,No
REV02388,EMP01652,2026-H1,2026-06-16,3.0,47.3,No
REV02389,EMP01655,2025-H1,2025-04-06,3.1,45.5,No
REV02390,EMP01656,2025-H2,2025-10-30,3.7,63.3,No
REV02391,EMP01656,2026-H1,2026-06-09,3.4,62.1,No
REV02392,EMP01657,2025-H2,2025-09-18,3.2,57.7,No
REV02393,EMP01657,2026-H1,2026-04-23,3.5,59.7,No
REV02394,EMP01658,2024-H1,2024-04-22,3.4,75.9,No
REV02395,EMP01658,2024-H2,2024-12-11,3.3,58.4,No
REV02396,EMP01658,2025-H2,2025-07-03,2.5,47.1,No
REV02397,EMP01658,2026-H1,2026-02-24,3.3,54.4,No
REV02398,EMP01659,2026-H1,2026-03-29,3.8,67.2,No
REV02399,EMP01660,2024-H2,2024-11-14,2.6,58.1,No
REV02400,EMP01661,2026-H1,2026-03-16,2.8,36.7,No
REV02401,EMP01662,2026-H1,2026-04-17,2.2,39.7,No
REV02402,EMP01664,2023-H2,2023-10-27,3.1,61.5,No
REV02403,EMP01664,2024-H1,2024-06-17,3.8,72.8,No
REV02404,EMP01664,2024-H2,2024-12-28,2.6,45.2,No
REV02405,EMP01664,2025-H1,2025-06-16,3.1,57.5,No
REV02406,EMP01666,2025-H2,2025-09-10,1.2,30.6,No
REV02407,EMP01667,2023-H2,2023-09-25,3.4,62.2,No
REV02408,EMP01667,2024-H1,2024-04-14,2.9,52.6,No
REV02409,EMP01667,2024-H2,2024-11-05,3.8,68.9,No
REV02410,EMP01667,2025-H2,2025-07-01,2.8,43.3,No
REV02411,EMP01667,2025-H2,2025-12-27,3.3,50.1,No
REV02412,EMP01669,2023-H2,2023-09-19,2.5,46.9,No
REV02413,EMP01669,2024-H1,2024-05-11,1.9,31.9,No
REV02414,EMP01669,2024-H2,2024-10-26,1.0,30.0,No
REV02415,EMP01674,2024-H1,2024-06-08,2.6,30.6,No
REV02416,EMP01674,2025-H1,2025-01-18,3.4,69.0,No
REV02417,EMP01674,2025-H2,2025-08-16,3.4,53.2,No
REV02418,EMP01674,2026-H1,2026-02-17,3.1,53.2,No
REV02419,EMP01675,2025-H1,2025-03-03,2.7,52.7,No
REV02420,EMP01675,2025-H2,2025-09-03,3.6,69.5,No
REV02421,EMP01675,2026-H1,2026-03-22,3.7,58.7,No
REV02422,EMP01677,2026-H1,2026-05-07,3.2,72.1,No
REV02423,EMP01678,2023-H2,2023-10-06,3.0,52.9,No
REV02424,EMP01678,2024-H1,2024-03-24,3.5,71.1,No
REV02425,EMP01678,2024-H2,2024-09-25,3.1,58.5,No
REV02426,EMP01679,2025-H2,2025-11-19,4.3,67.5,No
REV02427,EMP01679,2026-H1,2026-05-04,4.0,71.3,No
REV02428,EMP01682,2026-H1,2026-02-21,3.7,73.7,No
REV02429,EMP01683,2025-H1,2025-03-27,3.9,49.6,No
REV02430,EMP01683,2025-H2,2025-10-08,4.5,87.2,No
REV02431,EMP01683,2026-H1,2026-05-21,4.1,72.9,No
REV02432,EMP01684,2026-H1,2026-03-08,2.6,39.3,No
REV02433,EMP01685,2025-H2,2025-12-19,1.1,30.0,No
REV02434,EMP01686,2025-H2,2025-08-26,3.1,61.1,No
REV02435,EMP01686,2026-H1,2026-02-10,2.6,51.4,No
REV02436,EMP01687,2024-H1,2024-06-29,3.5,54.1,No
REV02437,EMP01689,2025-H2,2025-09-14,3.4,66.3,No
REV02438,EMP01689,2026-H1,2026-03-08,3.9,52.7,No
REV02439,EMP01691,2025-H1,2025-06-11,2.8,68.0,No
REV02440,EMP01691,2026-H1,2026-01-17,3.3,61.8,No
REV02441,EMP01692,2025-H2,2025-08-22,2.7,33.2,No
REV02442,EMP01692,2026-H1,2026-02-22,2.1,45.3,No
REV02443,EMP01694,2026-H1,2026-06-13,3.4,64.7,No
REV02444,EMP01695,2026-H2,2026-07-08,2.8,41.8,No
REV02445,EMP01696,2023-H1,2023-04-04,2.9,51.4,No
REV02446,EMP01699,2023-H1,2023-05-10,3.3,71.1,No
REV02447,EMP01699,2023-H2,2023-11-18,3.4,59.5,No
REV02448,EMP01700,2025-H1,2025-01-09,3.6,65.6,No
REV02449,EMP01700,2025-H2,2025-07-26,3.4,54.1,No
REV02450,EMP01700,2026-H1,2026-01-30,3.3,77.9,No
REV02451,EMP01701,2026-H2,2026-07-09,3.5,68.0,No
REV02452,EMP01702,2024-H2,2024-07-01,3.1,50.3,No
REV02453,EMP01702,2025-H1,2025-02-20,2.6,50.2,No
REV02454,EMP01702,2025-H2,2025-10-13,3.5,63.4,No
REV02455,EMP01702,2026-H1,2026-05-22,3.6,69.3,No
REV02456,EMP01703,2025-H2,2025-12-22,3.2,45.4,No
REV02457,EMP01705,2023-H1,2023-04-24,3.6,69.8,No
REV02458,EMP01705,2023-H2,2023-10-26,2.4,38.3,No
REV02459,EMP01705,2024-H1,2024-06-07,3.0,56.8,No
REV02460,EMP01705,2025-H1,2025-01-30,3.6,72.3,No
REV02461,EMP01705,2025-H2,2025-07-29,3.3,66.3,No
REV02462,EMP01705,2026-H1,2026-01-31,2.8,56.1,No
REV02463,EMP01710,2025-H2,2025-11-02,3.3,67.9,No
REV02464,EMP01710,2026-H1,2026-04-29,2.8,50.7,No
REV02465,EMP01711,2024-H1,2024-05-08,3.1,56.3,No
REV02466,EMP01712,2025-H2,2025-12-02,2.2,38.0,No
REV02467,EMP01712,2026-H1,2026-05-17,2.7,50.2,No
REV02468,EMP01713,2025-H2,2025-09-27,3.7,,No
REV02469,EMP01713,2026-H1,2026-04-26,3.8,63.6,No
REV02470,EMP01715,2024-H1,2024-03-29,2.6,49.5,No
REV02471,EMP01715,2024-H2,2024-09-27,1.3,30.0,No
REV02472,EMP01715,2025-H1,2025-03-16,1.1,30.0,No
REV02473,EMP01716,2025-H2,2025-10-31,4.5,78.3,Yes
REV02474,EMP01717,2024-H2,2024-08-02,4.0,68.4,No
REV02475,EMP01717,2025-H1,2025-01-22,3.5,,No
REV02476,EMP01717,2025-H2,2025-08-23,3.1,61.4,No
REV02477,EMP01717,2026-H1,2026-04-02,3.2,40.3,No
REV02478,EMP01718,2025-H1,2025-04-28,4.4,59.2,No
REV02479,EMP01718,2025-H2,2025-12-12,3.2,66.0,No
REV02480,EMP01718,2026-H1,2026-06-11,3.2,62.0,No
REV02481,EMP01719,2026-H1,2026-06-13,2.6,45.4,No
REV02482,EMP01720,2025-H2,2025-10-14,3.3,65.3,No
REV02483,EMP01720,2026-H1,2026-04-03,3.0,55.8,No
REV02484,EMP01728,2025-H1,2025-04-09,1.1,30.0,No
REV02485,EMP01728,2025-H2,2025-10-26,1.6,42.3,No
REV02486,EMP01731,2025-H1,2025-01-22,3.9,68.3,No
REV02487,EMP01731,2025-H2,2025-08-15,3.8,81.4,No
REV02488,EMP01731,2026-H1,2026-02-25,3.1,46.2,No
REV02489,EMP01733,2023-H2,2023-07-19,3.3,54.9,No
REV02490,EMP01733,2024-H1,2024-03-02,3.2,54.6,No
REV02491,EMP01733,2024-H2,2024-09-12,3.6,55.7,No
REV02492,EMP01733,2025-H1,2025-03-01,2.6,43.5,No
REV02493,EMP01733,2025-H2,2025-09-25,3.3,61.1,No
REV02494,EMP01733,2026-H1,2026-05-10,4.0,77.8,No
REV02495,EMP01735,2025-H2,2025-10-14,2.5,49.7,No
REV02496,EMP01735,2026-H1,2026-04-21,3.6,74.3,No
REV02497,EMP01736,2026-H1,2026-03-29,3.0,50.1,No
REV02498,EMP01737,2026-H1,2026-04-22,2.9,46.5,No
REV02499,EMP01739,2026-H1,2026-03-18,3.2,48.7,No
REV02500,EMP01740,2026-H1,2026-02-25,3.4,67.0,No
REV02501,EMP01741,2023-H2,2023-11-24,2.8,37.0,No
REV02502,EMP01741,2024-H1,2024-06-12,1.8,35.3,No
REV02503,EMP01741,2024-H2,2024-11-28,2.8,46.4,No
REV02504,EMP01741,2025-H2,2025-07-06,2.0,38.5,No
REV02505,EMP01741,2026-H1,2026-02-28,1.9,37.2,No
REV02506,EMP01742,2025-H2,2025-12-11,3.0,53.9,No
REV02507,EMP01744,2026-H1,2026-06-10,3.8,47.6,No
REV02508,EMP01745,2025-H2,2025-11-23,4.2,64.5,Yes
REV02509,EMP01746,2026-H1,2026-05-27,3.4,67.2,No
REV02510,EMP01747,2023-H2,2023-08-26,3.1,58.5,No
REV02511,EMP01747,2024-H1,2024-04-13,4.0,77.9,No
REV02512,EMP01747,2024-H2,2024-11-23,3.9,80.2,No
REV02513,EMP01747,2025-H1,2025-06-28,3.2,54.1,No
REV02514,EMP01747,2026-H1,2026-02-18,3.4,48.2,No
REV02515,EMP01748,2024-H1,2024-01-08,3.8,60.2,No
REV02516,EMP01748,2024-H2,2024-08-06,3.6,63.1,No
REV02517,EMP01748,2025-H1,2025-03-15,3.2,43.8,No
REV02518,EMP01748,2025-H2,2025-10-30,3.3,57.0,No
REV02519,EMP01748,2026-H1,2026-04-29,3.1,59.8,No
REV02520,EMP01749,2026-H1,2026-06-27,3.3,49.5,No
REV02521,EMP01750,2023-H2,2023-12-12,3.8,68.8,No
REV02522,EMP01750,2024-H2,2024-07-09,3.6,63.9,No
REV02523,EMP01750,2024-H2,2024-12-23,4.1,73.5,No
REV02524,EMP01750,2025-H2,2025-08-05,3.7,67.5,No
REV02525,EMP01750,2026-H1,2026-02-17,3.0,68.2,No
